InvoiceNo,InvoiceDate,CustomerID,Country,StockCode,Description,Quantity,UnitPrice,TotalPrice
INV500001,2023-04-26,10000,Italy,STK008,Tapis de bain,3,22.95,68.85
INV500002,2023-11-06,10000,Italy,STK002,Coussin en lin,4,20.48,81.92
INV500002,2023-11-06,10000,Italy,STK002,Coussin en lin,1,23.58,23.58
INV500002,2023-11-06,10000,Italy,STK010,Guirlande lumineuse,2,12.87,25.74
INV500003,2023-09-26,10000,Italy,STK002,Coussin en lin,4,19.19,76.76
INV500003,2023-09-26,10000,Italy,STK006,Cadre photo bois,1,13.91,13.91
INV500003,2023-09-26,10000,Italy,STK010,Guirlande lumineuse,3,9.6,28.799999999999997
INV500004,2023-11-10,10000,Italy,STK005,Bougie parfumee,2,13.12,26.24
INV500005,2023-02-01,10000,Italy,STK003,Set de tasses ceramique,2,14.18,28.36
INV500005,2023-02-01,10000,Italy,STK003,Set de tasses ceramique,4,14.63,58.52
INV500005,2023-02-01,10000,Italy,STK010,Guirlande lumineuse,5,15.65,78.25
INV500005,2023-02-01,10000,Italy,STK011,Plateau en bambou,5,20.35,101.75
INV500006,2023-12-07,10000,Italy,STK004,Plaid tricote,2,28.23,56.46
INV500006,2023-12-07,10000,Italy,STK012,Miroir mural rond,2,30.22,60.44
INV500006,2023-12-07,10000,Italy,STK008,Tapis de bain,1,30.46,30.46
INV500007,2023-07-08,10000,Italy,STK009,Vase en verre,3,16.57,49.71
INV500007,2023-07-08,10000,Italy,STK001,Lampe de bureau design,5,29.01,145.05
INV500008,2023-12-13,10000,Italy,STK002,Coussin en lin,2,13.63,27.26
INV500008,2023-12-13,10000,Italy,STK004,Plaid tricote,2,36.69,73.38
INV500008,2023-12-13,10000,Italy,STK007,Panier de rangement,1,21.93,21.93
INV500009,2023-04-22,10001,Italy,STK008,Tapis de bain,3,31.38,94.14
INV500009,2023-04-22,10001,Italy,STK009,Vase en verre,2,16.47,32.94
INV500009,2023-04-22,10001,Italy,STK003,Set de tasses ceramique,5,15.79,78.94999999999999
INV500009,2023-04-22,10001,Italy,STK002,Coussin en lin,3,11.92,35.76
INV500010,2023-05-15,10002,Belgium,STK005,Bougie parfumee,2,14.56,29.12
INV500010,2023-05-15,10002,Belgium,STK011,Plateau en bambou,5,23.75,118.75
INV500011,2023-10-10,10002,Belgium,STK004,Plaid tricote,4,31.91,127.64
INV500011,2023-10-10,10002,Belgium,STK008,Tapis de bain,5,23.58,117.89999999999999
INV500012,2023-01-08,10002,Belgium,STK003,Set de tasses ceramique,1,11.9,11.9
INV500013,2023-09-23,10002,Belgium,STK010,Guirlande lumineuse,5,17.05,85.25
INV500013,2023-09-23,10002,Belgium,STK001,Lampe de bureau design,4,24.92,99.68
INV500013,2023-09-23,10002,Belgium,STK009,Vase en verre,3,17.7,53.099999999999994
INV500014,2023-12-08,10002,Belgium,STK003,Set de tasses ceramique,2,15.14,30.28
INV500014,2023-12-08,10002,Belgium,STK009,Vase en verre,5,20.23,101.15
INV500014,2023-12-08,10002,Belgium,STK001,Lampe de bureau design,3,22.44,67.32000000000001
INV500015,2023-02-28,10003,France,STK002,Coussin en lin,4,20.15,80.6
INV500016,2023-04-16,10003,France,STK003,Set de tasses ceramique,2,14.86,29.72
INV500016,2023-04-16,10003,France,STK012,Miroir mural rond,4,43.0,172.0
INV500016,2023-04-16,10003,France,STK004,Plaid tricote,3,32.37,97.10999999999999
INV500017,2023-11-26,10003,France,STK010,Guirlande lumineuse,4,11.79,47.16
INV500018,2023-10-20,10003,France,STK011,Plateau en bambou,5,26.01,130.05
INV500018,2023-10-20,10003,France,STK007,Panier de rangement,4,24.69,98.76
INV500019,2023-10-29,10003,France,STK011,Plateau en bambou,3,19.47,58.41
INV500020,2023-07-29,10003,France,STK010,Guirlande lumineuse,5,14.99,74.95
INV500020,2023-07-29,10003,France,STK007,Panier de rangement,5,21.9,109.5
INV500021,2023-03-08,10003,France,STK009,Vase en verre,3,17.51,52.53
INV500021,2023-03-08,10003,France,STK002,Coussin en lin,2,19.15,38.3
INV500022,2023-08-05,10003,France,STK001,Lampe de bureau design,2,27.75,55.5
INV500022,2023-08-05,10003,France,STK001,Lampe de bureau design,4,23.35,93.4
INV500022,2023-08-05,10003,France,STK007,Panier de rangement,5,23.18,115.9
INV500022,2023-08-05,10003,France,STK008,Tapis de bain,5,27.66,138.3
INV500023,2023-11-27,10003,France,STK006,Cadre photo bois,1,13.6,13.6
INV500023,2023-11-27,10003,France,STK005,Bougie parfumee,1,13.04,13.04
INV500024,2023-08-19,10003,France,STK005,Bougie parfumee,4,13.58,54.32
INV500025,2023-09-26,10003,France,STK005,Bougie parfumee,1,10.99,10.99
INV500025,2023-09-26,10003,France,STK012,Miroir mural rond,2,34.32,68.64
INV500026,2023-07-05,10003,France,STK004,Plaid tricote,1,37.56,37.56
INV500026,2023-07-05,10003,France,STK002,Coussin en lin,4,15.9,63.6
INV500026,2023-07-05,10003,France,STK011,Plateau en bambou,5,20.47,102.35
INV500026,2023-07-05,10003,France,STK002,Coussin en lin,3,21.68,65.03999999999999
INV500027,2023-09-08,10004,France,STK010,Guirlande lumineuse,2,11.96,23.92
INV500028,2023-05-30,10004,France,STK008,Tapis de bain,4,25.92,103.68
INV500029,2023-05-14,10004,France,STK004,Plaid tricote,3,24.93,74.78999999999999
INV500029,2023-05-14,10004,France,STK011,Plateau en bambou,3,22.9,68.69999999999999
INV500030,2023-03-06,10004,France,STK003,Set de tasses ceramique,4,13.4,53.6
INV500030,2023-03-06,10004,France,STK004,Plaid tricote,1,26.58,26.58
INV500030,2023-03-06,10004,France,STK001,Lampe de bureau design,5,24.92,124.60000000000001
INV500030,2023-03-06,10004,France,STK009,Vase en verre,2,15.68,31.36
INV500031,2023-06-16,10004,France,STK011,Plateau en bambou,5,22.53,112.65
INV500031,2023-06-16,10004,France,STK012,Miroir mural rond,5,43.64,218.2
INV500032,2023-01-10,10005,France,STK004,Plaid tricote,1,38.73,38.73
INV500033,2023-02-22,10005,France,STK010,Guirlande lumineuse,1,12.31,12.31
INV500033,2023-02-22,10005,France,STK005,Bougie parfumee,1,10.92,10.92
INV500034,2023-10-25,10005,France,STK005,Bougie parfumee,4,10.21,40.84
INV500035,2023-05-28,10006,France,STK009,Vase en verre,5,19.55,97.75
INV500035,2023-05-28,10006,France,STK012,Miroir mural rond,1,36.39,36.39
INV500035,2023-05-28,10006,France,STK008,Tapis de bain,4,24.18,96.72
INV500035,2023-05-28,10006,France,STK001,Lampe de bureau design,3,17.77,53.31
INV500036,2023-12-17,10006,France,STK012,Miroir mural rond,2,40.44,80.88
INV500036,2023-12-17,10006,France,STK002,Coussin en lin,3,16.5,49.5
INV500036,2023-12-17,10006,France,STK010,Guirlande lumineuse,4,11.46,45.84
INV500036,2023-12-17,10006,France,STK008,Tapis de bain,5,24.16,120.8
INV500037,2023-09-29,10006,France,STK006,Cadre photo bois,2,10.39,20.78
INV500038,2023-12-05,10006,France,STK007,Panier de rangement,3,19.65,58.949999999999996
INV500039,2023-06-02,10006,France,STK012,Miroir mural rond,1,48.6,48.6
INV500039,2023-06-02,10006,France,STK009,Vase en verre,1,20.11,20.11
INV500039,2023-06-02,10006,France,STK011,Plateau en bambou,5,24.47,122.35
INV500040,2023-12-26,10006,France,STK004,Plaid tricote,5,26.95,134.75
INV500040,2023-12-26,10006,France,STK011,Plateau en bambou,4,20.76,83.04
INV500040,2023-12-26,10006,France,STK001,Lampe de bureau design,3,25.28,75.84
INV500040,2023-12-26,10006,France,STK005,Bougie parfumee,1,10.99,10.99
INV500041,2023-03-10,10006,France,STK002,Coussin en lin,5,22.53,112.65
INV500041,2023-03-10,10006,France,STK009,Vase en verre,1,21.84,21.84
INV500041,2023-03-10,10006,France,STK006,Cadre photo bois,4,9.13,36.52
INV500041,2023-03-10,10006,France,STK003,Set de tasses ceramique,3,15.64,46.92
INV500042,2023-08-26,10006,France,STK007,Panier de rangement,4,17.88,71.52
INV500042,2023-08-26,10006,France,STK001,Lampe de bureau design,2,23.7,47.4
INV500042,2023-08-26,10006,France,STK010,Guirlande lumineuse,3,14.81,44.43
INV500043,2023-03-13,10006,France,STK001,Lampe de bureau design,4,24.88,99.52
INV500043,2023-03-13,10006,France,STK012,Miroir mural rond,5,40.66,203.29999999999998
INV500043,2023-03-13,10006,France,STK005,Bougie parfumee,4,11.61,46.44
INV500043,2023-03-13,10006,France,STK010,Guirlande lumineuse,4,15.57,62.28
INV500044,2023-04-21,10006,France,STK010,Guirlande lumineuse,5,16.7,83.5
INV500045,2023-11-01,10006,France,STK010,Guirlande lumineuse,3,13.13,39.39
INV500045,2023-11-01,10006,France,STK007,Panier de rangement,3,19.58,58.739999999999995
INV500045,2023-11-01,10006,France,STK008,Tapis de bain,3,30.73,92.19
INV500045,2023-11-01,10006,France,STK008,Tapis de bain,4,22.69,90.76
INV500046,2023-02-15,10006,France,STK004,Plaid tricote,2,36.78,73.56
INV500047,2023-07-08,10006,France,STK010,Guirlande lumineuse,2,12.46,24.92
INV500048,2023-04-22,10006,France,STK001,Lampe de bureau design,5,24.09,120.45
INV500048,2023-04-22,10006,France,STK011,Plateau en bambou,5,20.77,103.85
INV500048,2023-04-22,10006,France,STK007,Panier de rangement,1,21.61,21.61
INV500048,2023-04-22,10006,France,STK009,Vase en verre,2,20.01,40.02
INV500049,2023-11-24,10006,France,STK003,Set de tasses ceramique,2,13.91,27.82
INV500049,2023-11-24,10006,France,STK011,Plateau en bambou,3,22.31,66.92999999999999
INV500049,2023-11-24,10006,France,STK003,Set de tasses ceramique,4,15.55,62.2
INV500049,2023-11-24,10006,France,STK003,Set de tasses ceramique,4,15.62,62.48
INV500050,2023-02-25,10006,France,STK002,Coussin en lin,3,18.0,54.0
INV500050,2023-02-25,10006,France,STK008,Tapis de bain,2,25.23,50.46
INV500050,2023-02-25,10006,France,STK007,Panier de rangement,4,18.09,72.36
INV500050,2023-02-25,10006,France,STK003,Set de tasses ceramique,4,14.97,59.88
INV500051,2023-06-21,10006,France,STK009,Vase en verre,3,20.12,60.36
INV500051,2023-06-21,10006,France,STK004,Plaid tricote,5,34.22,171.1
INV500051,2023-06-21,10006,France,STK001,Lampe de bureau design,2,25.8,51.6
INV500051,2023-06-21,10006,France,STK011,Plateau en bambou,4,19.43,77.72
INV500052,2023-11-25,10006,France,STK006,Cadre photo bois,1,9.48,9.48
INV500052,2023-11-25,10006,France,STK012,Miroir mural rond,5,48.67,243.35000000000002
INV500052,2023-11-25,10006,France,STK004,Plaid tricote,3,34.56,103.68
INV500053,2023-10-11,10006,France,STK012,Miroir mural rond,1,42.25,42.25
INV500053,2023-10-11,10006,France,STK012,Miroir mural rond,5,38.88,194.4
INV500054,2023-06-21,10007,France,STK008,Tapis de bain,2,31.21,62.42
INV500054,2023-06-21,10007,France,STK012,Miroir mural rond,5,56.83,284.15
INV500054,2023-06-21,10007,France,STK009,Vase en verre,2,18.13,36.26
INV500055,2023-08-17,10007,France,STK012,Miroir mural rond,3,37.61,112.83
INV500055,2023-08-17,10007,France,STK011,Plateau en bambou,1,21.42,21.42
INV500055,2023-08-17,10007,France,STK005,Bougie parfumee,2,14.08,28.16
INV500056,2023-01-31,10007,France,STK003,Set de tasses ceramique,5,15.48,77.4
INV500056,2023-01-31,10007,France,STK002,Coussin en lin,2,22.52,45.04
INV500056,2023-01-31,10007,France,STK006,Cadre photo bois,5,9.22,46.1
INV500056,2023-01-31,10007,France,STK007,Panier de rangement,2,26.1,52.2
INV500057,2023-04-26,10008,France,STK006,Cadre photo bois,1,9.73,9.73
INV500058,2023-01-20,10008,France,STK012,Miroir mural rond,3,44.77,134.31
INV500058,2023-01-20,10008,France,STK011,Plateau en bambou,3,22.97,68.91
INV500058,2023-01-20,10008,France,STK011,Plateau en bambou,4,17.1,68.4
INV500059,2023-07-22,10008,France,STK010,Guirlande lumineuse,4,15.43,61.72
INV500059,2023-07-22,10008,France,STK007,Panier de rangement,1,15.78,15.78
INV500059,2023-07-22,10008,France,STK002,Coussin en lin,2,17.07,34.14
INV500059,2023-07-22,10008,France,STK009,Vase en verre,2,16.37,32.74
INV500060,2023-02-04,10008,France,STK011,Plateau en bambou,5,21.21,106.05000000000001
INV500060,2023-02-04,10008,France,STK012,Miroir mural rond,4,37.32,149.28
INV500060,2023-02-04,10008,France,STK008,Tapis de bain,3,24.4,73.19999999999999
INV500060,2023-02-04,10008,France,STK012,Miroir mural rond,5,43.38,216.9
INV500061,2023-12-04,10009,Spain,STK009,Vase en verre,2,17.6,35.2
INV500062,2023-04-07,10009,Spain,STK009,Vase en verre,5,27.31,136.54999999999998
INV500062,2023-04-07,10009,Spain,STK006,Cadre photo bois,2,10.4,20.8
INV500062,2023-04-07,10009,Spain,STK003,Set de tasses ceramique,4,9.23,36.92
INV500063,2023-02-21,10010,Netherlands,STK012,Miroir mural rond,3,44.13,132.39000000000001
INV500064,2023-01-13,10010,Netherlands,STK011,Plateau en bambou,3,25.91,77.73
INV500064,2023-01-13,10010,Netherlands,STK003,Set de tasses ceramique,3,18.74,56.22
INV500064,2023-01-13,10010,Netherlands,STK007,Panier de rangement,3,20.63,61.89
INV500065,2023-09-06,10010,Netherlands,STK001,Lampe de bureau design,3,26.03,78.09
INV500066,2023-10-11,10010,Netherlands,STK005,Bougie parfumee,4,11.39,45.56
INV500066,2023-10-11,10010,Netherlands,STK009,Vase en verre,4,17.9,71.6
INV500067,2023-06-03,10010,Netherlands,STK008,Tapis de bain,2,27.52,55.04
INV500068,2023-08-27,10011,France,STK007,Panier de rangement,3,22.32,66.96000000000001
INV500068,2023-08-27,10011,France,STK005,Bougie parfumee,2,11.51,23.02
INV500069,2023-05-23,10011,France,STK009,Vase en verre,5,17.65,88.25
INV500069,2023-05-23,10011,France,STK003,Set de tasses ceramique,1,11.73,11.73
INV500069,2023-05-23,10011,France,STK004,Plaid tricote,2,34.77,69.54
INV500070,2023-08-07,10011,France,STK004,Plaid tricote,5,31.68,158.4
INV500070,2023-08-07,10011,France,STK005,Bougie parfumee,4,13.64,54.56
INV500070,2023-08-07,10011,France,STK001,Lampe de bureau design,1,21.97,21.97
INV500070,2023-08-07,10011,France,STK004,Plaid tricote,5,32.16,160.79999999999998
INV500071,2023-02-19,10012,France,STK001,Lampe de bureau design,1,28.69,28.69
INV500071,2023-02-19,10012,France,STK003,Set de tasses ceramique,1,15.85,15.85
INV500071,2023-02-19,10012,France,STK003,Set de tasses ceramique,2,15.27,30.54
INV500071,2023-02-19,10012,France,STK003,Set de tasses ceramique,1,14.94,14.94
INV500072,2023-06-11,10012,France,STK012,Miroir mural rond,5,47.91,239.54999999999998
INV500072,2023-06-11,10012,France,STK008,Tapis de bain,5,22.67,113.35000000000001
INV500072,2023-06-11,10012,France,STK004,Plaid tricote,1,27.76,27.76
INV500073,2023-06-20,10012,France,STK003,Set de tasses ceramique,2,15.33,30.66
INV500073,2023-06-20,10012,France,STK008,Tapis de bain,1,29.75,29.75
INV500073,2023-06-20,10012,France,STK010,Guirlande lumineuse,1,18.03,18.03
INV500074,2023-05-03,10012,France,STK003,Set de tasses ceramique,5,9.94,49.699999999999996
INV500074,2023-05-03,10012,France,STK001,Lampe de bureau design,4,23.6,94.4
INV500075,2023-02-23,10012,France,STK003,Set de tasses ceramique,4,15.96,63.84
INV500075,2023-02-23,10012,France,STK011,Plateau en bambou,4,15.7,62.8
INV500075,2023-02-23,10012,France,STK009,Vase en verre,2,18.2,36.4
INV500076,2023-11-15,10013,France,STK011,Plateau en bambou,1,20.35,20.35
INV500076,2023-11-15,10013,France,STK012,Miroir mural rond,4,40.33,161.32
INV500076,2023-11-15,10013,France,STK001,Lampe de bureau design,3,23.13,69.39
INV500077,2023-11-26,10013,France,STK003,Set de tasses ceramique,1,12.56,12.56
INV500077,2023-11-26,10013,France,STK002,Coussin en lin,1,15.88,15.88
INV500077,2023-11-26,10013,France,STK009,Vase en verre,3,21.26,63.78
INV500078,2023-11-04,10013,France,STK011,Plateau en bambou,4,17.58,70.32
INV500078,2023-11-04,10013,France,STK011,Plateau en bambou,4,19.47,77.88
INV500079,2023-09-02,10013,France,STK001,Lampe de bureau design,3,21.87,65.61
INV500079,2023-09-02,10013,France,STK005,Bougie parfumee,5,14.3,71.5
INV500080,2023-12-06,10013,France,STK006,Cadre photo bois,1,11.63,11.63
INV500080,2023-12-06,10013,France,STK001,Lampe de bureau design,5,23.75,118.75
INV500081,2023-08-14,10013,France,STK007,Panier de rangement,2,19.61,39.22
INV500081,2023-08-14,10013,France,STK012,Miroir mural rond,4,38.35,153.4
INV500081,2023-08-14,10013,France,STK012,Miroir mural rond,3,48.88,146.64000000000001
INV500081,2023-08-14,10013,France,STK003,Set de tasses ceramique,5,18.62,93.10000000000001
INV500082,2023-04-03,10014,France,STK010,Guirlande lumineuse,4,14.51,58.04
INV500082,2023-04-03,10014,France,STK003,Set de tasses ceramique,3,17.94,53.82000000000001
INV500082,2023-04-03,10014,France,STK005,Bougie parfumee,4,12.31,49.24
INV500083,2023-04-20,10015,France,STK001,Lampe de bureau design,4,22.12,88.48
INV500083,2023-04-20,10015,France,STK003,Set de tasses ceramique,2,17.38,34.76
INV500083,2023-04-20,10015,France,STK006,Cadre photo bois,4,7.92,31.68
INV500084,2023-02-15,10015,France,STK008,Tapis de bain,1,26.75,26.75
INV500084,2023-02-15,10015,France,STK007,Panier de rangement,5,22.37,111.85000000000001
INV500084,2023-02-15,10015,France,STK008,Tapis de bain,4,21.02,84.08
INV500085,2023-03-10,10016,Belgium,STK011,Plateau en bambou,5,19.87,99.35000000000001
INV500085,2023-03-10,10016,Belgium,STK004,Plaid tricote,4,36.81,147.24
INV500086,2023-01-17,10016,Belgium,STK006,Cadre photo bois,3,10.45,31.349999999999998
INV500086,2023-01-17,10016,Belgium,STK008,Tapis de bain,3,29.18,87.53999999999999
INV500086,2023-01-17,10016,Belgium,STK006,Cadre photo bois,1,11.14,11.14
INV500087,2023-01-08,10016,Belgium,STK006,Cadre photo bois,3,9.66,28.98
INV500087,2023-01-08,10016,Belgium,STK002,Coussin en lin,5,19.1,95.5
INV500088,2023-01-25,10017,France,STK005,Bougie parfumee,4,10.02,40.08
INV500088,2023-01-25,10017,France,STK002,Coussin en lin,1,19.4,19.4
INV500088,2023-01-25,10017,France,STK012,Miroir mural rond,4,43.27,173.08
INV500088,2023-01-25,10017,France,STK011,Plateau en bambou,4,22.94,91.76
INV500089,2023-04-27,10017,France,STK007,Panier de rangement,1,16.61,16.61
INV500089,2023-04-27,10017,France,STK009,Vase en verre,2,24.3,48.6
INV500090,2023-01-14,10017,France,STK003,Set de tasses ceramique,1,15.51,15.51
INV500091,2023-01-22,10017,France,STK004,Plaid tricote,4,39.39,157.56
INV500091,2023-01-22,10017,France,STK006,Cadre photo bois,2,10.65,21.3
INV500091,2023-01-22,10017,France,STK008,Tapis de bain,4,31.82,127.28
INV500092,2023-01-25,10017,France,STK002,Coussin en lin,4,20.57,82.28
INV500092,2023-01-25,10017,France,STK003,Set de tasses ceramique,5,16.15,80.75
INV500093,2023-03-04,10017,France,STK012,Miroir mural rond,4,39.13,156.52
INV500093,2023-03-04,10017,France,STK008,Tapis de bain,1,31.45,31.45
INV500093,2023-03-04,10017,France,STK007,Panier de rangement,1,15.9,15.9
INV500093,2023-03-04,10017,France,STK011,Plateau en bambou,4,18.09,72.36
INV500094,2023-03-06,10017,France,STK012,Miroir mural rond,1,43.18,43.18
INV500094,2023-03-06,10017,France,STK001,Lampe de bureau design,4,27.92,111.68
INV500095,2023-04-04,10018,France,STK012,Miroir mural rond,5,37.86,189.3
INV500095,2023-04-04,10018,France,STK001,Lampe de bureau design,4,19.52,78.08
INV500096,2023-02-02,10018,France,STK007,Panier de rangement,2,24.77,49.54
INV500096,2023-02-02,10018,France,STK002,Coussin en lin,1,15.27,15.27
INV500097,2023-08-12,10018,France,STK007,Panier de rangement,1,18.55,18.55
INV500097,2023-08-12,10018,France,STK003,Set de tasses ceramique,4,15.17,60.68
INV500098,2023-11-15,10018,France,STK005,Bougie parfumee,2,14.74,29.48
INV500098,2023-11-15,10018,France,STK004,Plaid tricote,3,33.37,100.10999999999999
INV500098,2023-11-15,10018,France,STK003,Set de tasses ceramique,3,13.09,39.269999999999996
INV500099,2023-01-20,10018,France,STK008,Tapis de bain,5,35.35,176.75
INV500099,2023-01-20,10018,France,STK007,Panier de rangement,5,27.27,136.35
INV500100,2023-01-11,10018,France,STK012,Miroir mural rond,4,43.53,174.12
INV500100,2023-01-11,10018,France,STK011,Plateau en bambou,2,17.57,35.14
INV500100,2023-01-11,10018,France,STK009,Vase en verre,2,21.92,43.84
INV500101,2023-01-01,10018,France,STK012,Miroir mural rond,1,35.13,35.13
INV500101,2023-01-01,10018,France,STK007,Panier de rangement,2,22.2,44.4
INV500102,2023-02-16,10019,France,STK001,Lampe de bureau design,1,23.63,23.63
INV500102,2023-02-16,10019,France,STK004,Plaid tricote,4,29.47,117.88
INV500102,2023-02-16,10019,France,STK004,Plaid tricote,3,30.41,91.23
INV500102,2023-02-16,10019,France,STK002,Coussin en lin,5,22.25,111.25
INV500103,2023-05-24,10019,France,STK010,Guirlande lumineuse,3,12.72,38.160000000000004
INV500103,2023-05-24,10019,France,STK001,Lampe de bureau design,3,20.53,61.59
INV500104,2023-08-06,10019,France,STK004,Plaid tricote,1,30.95,30.95
INV500104,2023-08-06,10019,France,STK002,Coussin en lin,2,20.03,40.06
INV500104,2023-08-06,10019,France,STK005,Bougie parfumee,2,13.33,26.66
INV500105,2023-11-12,10020,Germany,STK012,Miroir mural rond,1,40.6,40.6
INV500106,2023-07-13,10020,Germany,STK009,Vase en verre,1,19.21,19.21
INV500106,2023-07-13,10020,Germany,STK010,Guirlande lumineuse,3,14.11,42.33
INV500106,2023-07-13,10020,Germany,STK002,Coussin en lin,4,22.06,88.24
INV500106,2023-07-13,10020,Germany,STK005,Bougie parfumee,3,10.88,32.64
INV500107,2023-07-30,10020,Germany,STK007,Panier de rangement,3,24.45,73.35
INV500107,2023-07-30,10020,Germany,STK009,Vase en verre,1,23.13,23.13
INV500107,2023-07-30,10020,Germany,STK012,Miroir mural rond,3,50.45,151.35000000000002
INV500107,2023-07-30,10020,Germany,STK011,Plateau en bambou,1,22.72,22.72
INV500108,2023-09-25,10020,Germany,STK011,Plateau en bambou,2,16.75,33.5
INV500108,2023-09-25,10020,Germany,STK011,Plateau en bambou,1,25.72,25.72
INV500109,2023-03-13,10020,Germany,STK005,Bougie parfumee,2,14.58,29.16
INV500109,2023-03-13,10020,Germany,STK001,Lampe de bureau design,5,28.59,142.95
INV500110,2023-08-27,10020,Germany,STK010,Guirlande lumineuse,2,13.88,27.76
INV500111,2023-03-04,10020,Germany,STK010,Guirlande lumineuse,3,12.43,37.29
INV500111,2023-03-04,10020,Germany,STK007,Panier de rangement,2,25.92,51.84
INV500111,2023-03-04,10020,Germany,STK003,Set de tasses ceramique,4,9.16,36.64
INV500111,2023-03-04,10020,Germany,STK003,Set de tasses ceramique,5,12.72,63.6
INV500112,2023-05-07,10020,Germany,STK003,Set de tasses ceramique,2,16.39,32.78
INV500112,2023-05-07,10020,Germany,STK006,Cadre photo bois,4,8.86,35.44
INV500112,2023-05-07,10020,Germany,STK010,Guirlande lumineuse,2,11.98,23.96
INV500113,2023-09-23,10020,Germany,STK011,Plateau en bambou,4,30.85,123.4
INV500113,2023-09-23,10020,Germany,STK001,Lampe de bureau design,1,21.78,21.78
INV500113,2023-09-23,10020,Germany,STK003,Set de tasses ceramique,4,14.01,56.04
INV500113,2023-09-23,10020,Germany,STK010,Guirlande lumineuse,4,12.47,49.88
INV500114,2023-07-24,10021,France,STK002,Coussin en lin,4,16.66,66.64
INV500114,2023-07-24,10021,France,STK001,Lampe de bureau design,4,26.18,104.72
INV500114,2023-07-24,10021,France,STK009,Vase en verre,1,18.92,18.92
INV500114,2023-07-24,10021,France,STK006,Cadre photo bois,1,10.38,10.38
INV500115,2023-07-05,10021,France,STK006,Cadre photo bois,4,10.28,41.12
INV500115,2023-07-05,10021,France,STK010,Guirlande lumineuse,2,17.1,34.2
INV500116,2023-12-29,10021,France,STK004,Plaid tricote,5,31.58,157.89999999999998
INV500116,2023-12-29,10021,France,STK011,Plateau en bambou,4,18.47,73.88
INV500116,2023-12-29,10021,France,STK003,Set de tasses ceramique,3,9.91,29.73
INV500117,2023-10-10,10021,France,STK006,Cadre photo bois,4,10.91,43.64
INV500117,2023-10-10,10021,France,STK005,Bougie parfumee,2,11.01,22.02
INV500117,2023-10-10,10021,France,STK001,Lampe de bureau design,4,25.9,103.6
INV500118,2023-07-16,10021,France,STK010,Guirlande lumineuse,1,17.72,17.72
INV500118,2023-07-16,10021,France,STK011,Plateau en bambou,1,24.91,24.91
INV500118,2023-07-16,10021,France,STK006,Cadre photo bois,4,10.96,43.84
INV500118,2023-07-16,10021,France,STK005,Bougie parfumee,3,12.0,36.0
INV500119,2023-07-01,10021,France,STK001,Lampe de bureau design,5,25.61,128.05
INV500120,2023-11-02,10021,France,STK008,Tapis de bain,2,25.4,50.8
INV500121,2023-03-04,10021,France,STK007,Panier de rangement,3,15.66,46.980000000000004
INV500121,2023-03-04,10021,France,STK001,Lampe de bureau design,1,30.7,30.7
INV500121,2023-03-04,10021,France,STK009,Vase en verre,2,17.83,35.66
INV500121,2023-03-04,10021,France,STK009,Vase en verre,2,14.97,29.94
INV500122,2023-11-15,10021,France,STK001,Lampe de bureau design,5,15.23,76.15
INV500122,2023-11-15,10021,France,STK002,Coussin en lin,5,22.82,114.1
INV500122,2023-11-15,10021,France,STK010,Guirlande lumineuse,2,13.53,27.06
INV500123,2023-09-14,10022,France,STK002,Coussin en lin,3,16.35,49.050000000000004
INV500123,2023-09-14,10022,France,STK011,Plateau en bambou,2,22.25,44.5
INV500123,2023-09-14,10022,France,STK009,Vase en verre,3,22.78,68.34
INV500124,2023-01-02,10022,France,STK008,Tapis de bain,5,31.55,157.75
INV500124,2023-01-02,10022,France,STK003,Set de tasses ceramique,2,16.93,33.86
INV500125,2023-04-16,10022,France,STK008,Tapis de bain,3,22.75,68.25
INV500126,2023-01-24,10022,France,STK004,Plaid tricote,3,36.5,109.5
INV500126,2023-01-24,10022,France,STK004,Plaid tricote,4,38.19,152.76
INV500127,2023-04-30,10022,France,STK004,Plaid tricote,1,33.87,33.87
INV500127,2023-04-30,10022,France,STK001,Lampe de bureau design,1,30.37,30.37
INV500127,2023-04-30,10022,France,STK008,Tapis de bain,3,24.05,72.15
INV500128,2023-05-19,10023,France,STK012,Miroir mural rond,1,43.06,43.06
INV500128,2023-05-19,10023,France,STK008,Tapis de bain,3,28.09,84.27
INV500128,2023-05-19,10023,France,STK005,Bougie parfumee,3,14.77,44.31
INV500128,2023-05-19,10023,France,STK003,Set de tasses ceramique,3,12.07,36.21
INV500129,2023-05-16,10023,France,STK009,Vase en verre,5,22.77,113.85
INV500129,2023-05-16,10023,France,STK004,Plaid tricote,5,26.03,130.15
INV500129,2023-05-16,10023,France,STK006,Cadre photo bois,4,12.61,50.44
INV500129,2023-05-16,10023,France,STK006,Cadre photo bois,1,7.8,7.8
INV500130,2023-01-14,10023,France,STK002,Coussin en lin,2,17.5,35.0
INV500130,2023-01-14,10023,France,STK001,Lampe de bureau design,2,16.35,32.7
INV500130,2023-01-14,10023,France,STK001,Lampe de bureau design,4,25.92,103.68
INV500130,2023-01-14,10023,France,STK005,Bougie parfumee,2,12.42,24.84
INV500131,2023-05-20,10023,France,STK007,Panier de rangement,1,14.38,14.38
INV500131,2023-05-20,10023,France,STK009,Vase en verre,1,17.43,17.43
INV500131,2023-05-20,10023,France,STK009,Vase en verre,5,18.27,91.35
INV500132,2023-02-19,10023,France,STK005,Bougie parfumee,1,12.38,12.38
INV500132,2023-02-19,10023,France,STK007,Panier de rangement,3,19.48,58.44
INV500132,2023-02-19,10023,France,STK009,Vase en verre,4,16.75,67.0
INV500132,2023-02-19,10023,France,STK006,Cadre photo bois,5,10.31,51.550000000000004
INV500133,2023-03-25,10023,France,STK003,Set de tasses ceramique,1,12.48,12.48
INV500133,2023-03-25,10023,France,STK007,Panier de rangement,5,18.53,92.65
INV500133,2023-03-25,10023,France,STK002,Coussin en lin,3,16.81,50.42999999999999
INV500134,2023-03-22,10023,France,STK012,Miroir mural rond,1,44.17,44.17
INV500134,2023-03-22,10023,France,STK002,Coussin en lin,4,18.44,73.76
INV500134,2023-03-22,10023,France,STK012,Miroir mural rond,3,40.39,121.17
INV500135,2023-11-14,10023,France,STK004,Plaid tricote,4,24.44,97.76
INV500135,2023-11-14,10023,France,STK002,Coussin en lin,4,14.64,58.56
INV500135,2023-11-14,10023,France,STK002,Coussin en lin,1,18.23,18.23
INV500136,2023-06-01,10023,France,STK005,Bougie parfumee,3,12.02,36.06
INV500136,2023-06-01,10023,France,STK002,Coussin en lin,5,11.48,57.400000000000006
INV500137,2023-07-01,10023,France,STK009,Vase en verre,1,19.97,19.97
INV500137,2023-07-01,10023,France,STK003,Set de tasses ceramique,3,16.63,49.89
INV500138,2023-02-04,10023,France,STK010,Guirlande lumineuse,3,11.51,34.53
INV500138,2023-02-04,10023,France,STK004,Plaid tricote,4,31.11,124.44
INV500138,2023-02-04,10023,France,STK010,Guirlande lumineuse,2,14.33,28.66
INV500138,2023-02-04,10023,France,STK005,Bougie parfumee,1,12.08,12.08
INV500139,2023-03-05,10023,France,STK001,Lampe de bureau design,2,22.42,44.84
INV500140,2023-09-05,10023,France,STK003,Set de tasses ceramique,5,14.68,73.4
INV500141,2023-10-24,10024,Italy,STK004,Plaid tricote,3,34.57,103.71000000000001
INV500141,2023-10-24,10024,Italy,STK012,Miroir mural rond,2,42.75,85.5
INV500141,2023-10-24,10024,Italy,STK007,Panier de rangement,1,24.72,24.72
INV500141,2023-10-24,10024,Italy,STK001,Lampe de bureau design,5,25.44,127.2
INV500142,2023-08-04,10024,Italy,STK004,Plaid tricote,1,38.49,38.49
INV500142,2023-08-04,10024,Italy,STK006,Cadre photo bois,4,8.41,33.64
INV500142,2023-08-04,10024,Italy,STK010,Guirlande lumineuse,1,14.69,14.69
INV500142,2023-08-04,10024,Italy,STK002,Coussin en lin,3,17.46,52.38
INV500143,2023-08-30,10024,Italy,STK002,Coussin en lin,5,19.68,98.4
INV500144,2023-06-10,10024,Italy,STK006,Cadre photo bois,1,9.91,9.91
INV500144,2023-06-10,10024,Italy,STK003,Set de tasses ceramique,2,14.83,29.66
INV500144,2023-06-10,10024,Italy,STK012,Miroir mural rond,4,45.89,183.56
INV500145,2023-01-02,10024,Italy,STK006,Cadre photo bois,2,5.71,11.42
INV500145,2023-01-02,10024,Italy,STK009,Vase en verre,4,20.43,81.72
INV500145,2023-01-02,10024,Italy,STK004,Plaid tricote,3,25.38,76.14
INV500146,2023-09-14,10024,Italy,STK006,Cadre photo bois,2,9.53,19.06
INV500146,2023-09-14,10024,Italy,STK001,Lampe de bureau design,2,15.41,30.82
INV500146,2023-09-14,10024,Italy,STK002,Coussin en lin,5,17.55,87.75
INV500147,2023-05-24,10024,Italy,STK004,Plaid tricote,1,26.52,26.52
INV500147,2023-05-24,10024,Italy,STK011,Plateau en bambou,1,24.29,24.29
INV500147,2023-05-24,10024,Italy,STK012,Miroir mural rond,3,45.94,137.82
INV500148,2023-05-28,10024,Italy,STK001,Lampe de bureau design,2,24.82,49.64
INV500148,2023-05-28,10024,Italy,STK011,Plateau en bambou,5,17.43,87.15
INV500148,2023-05-28,10024,Italy,STK005,Bougie parfumee,2,14.27,28.54
INV500148,2023-05-28,10024,Italy,STK010,Guirlande lumineuse,1,13.09,13.09
INV500149,2023-12-01,10024,Italy,STK007,Panier de rangement,5,19.94,99.7
INV500149,2023-12-01,10024,Italy,STK008,Tapis de bain,3,36.43,109.28999999999999
INV500149,2023-12-01,10024,Italy,STK003,Set de tasses ceramique,5,13.64,68.2
INV500150,2023-06-30,10024,Italy,STK002,Coussin en lin,5,16.49,82.44999999999999
INV500150,2023-06-30,10024,Italy,STK002,Coussin en lin,5,20.6,103.0
INV500151,2023-03-08,10024,Italy,STK008,Tapis de bain,4,26.24,104.96
INV500151,2023-03-08,10024,Italy,STK005,Bougie parfumee,2,15.42,30.84
INV500152,2023-09-25,10024,Italy,STK005,Bougie parfumee,5,17.69,88.45
INV500152,2023-09-25,10024,Italy,STK009,Vase en verre,5,19.49,97.44999999999999
INV500153,2023-08-29,10024,Italy,STK009,Vase en verre,3,15.76,47.28
INV500153,2023-08-29,10024,Italy,STK004,Plaid tricote,4,32.48,129.92
INV500154,2023-02-10,10024,Italy,STK003,Set de tasses ceramique,5,14.79,73.94999999999999
INV500155,2023-06-26,10024,Italy,STK010,Guirlande lumineuse,5,14.68,73.4
INV500155,2023-06-26,10024,Italy,STK010,Guirlande lumineuse,2,13.12,26.24
INV500155,2023-06-26,10024,Italy,STK010,Guirlande lumineuse,1,15.16,15.16
INV500156,2023-09-20,10024,Italy,STK005,Bougie parfumee,5,13.02,65.1
INV500156,2023-09-20,10024,Italy,STK005,Bougie parfumee,1,12.27,12.27
INV500156,2023-09-20,10024,Italy,STK006,Cadre photo bois,5,8.41,42.05
INV500157,2023-05-01,10025,France,STK001,Lampe de bureau design,5,21.22,106.1
INV500157,2023-05-01,10025,France,STK002,Coussin en lin,2,21.34,42.68
INV500157,2023-05-01,10025,France,STK003,Set de tasses ceramique,1,19.44,19.44
INV500157,2023-05-01,10025,France,STK009,Vase en verre,3,19.29,57.87
INV500158,2023-09-03,10025,France,STK012,Miroir mural rond,4,35.66,142.64
INV500158,2023-09-03,10025,France,STK012,Miroir mural rond,4,40.02,160.08
INV500159,2023-09-05,10025,France,STK011,Plateau en bambou,4,23.77,95.08
INV500159,2023-09-05,10025,France,STK002,Coussin en lin,1,14.58,14.58
INV500160,2023-08-09,10026,Germany,STK012,Miroir mural rond,4,43.81,175.24
INV500160,2023-08-09,10026,Germany,STK008,Tapis de bain,3,24.57,73.71000000000001
INV500160,2023-08-09,10026,Germany,STK006,Cadre photo bois,1,13.79,13.79
INV500161,2023-02-18,10026,Germany,STK004,Plaid tricote,5,28.68,143.4
INV500161,2023-02-18,10026,Germany,STK011,Plateau en bambou,3,25.92,77.76
INV500162,2023-01-10,10026,Germany,STK010,Guirlande lumineuse,2,14.63,29.26
INV500162,2023-01-10,10026,Germany,STK007,Panier de rangement,3,28.9,86.69999999999999
INV500162,2023-01-10,10026,Germany,STK010,Guirlande lumineuse,5,16.21,81.05000000000001
INV500162,2023-01-10,10026,Germany,STK010,Guirlande lumineuse,2,14.84,29.68
INV500163,2023-08-11,10027,France,STK004,Plaid tricote,5,38.0,190.0
INV500163,2023-08-11,10027,France,STK006,Cadre photo bois,2,10.59,21.18
INV500164,2023-01-02,10028,Italy,STK001,Lampe de bureau design,3,25.53,76.59
INV500164,2023-01-02,10028,Italy,STK005,Bougie parfumee,5,15.36,76.8
INV500165,2023-07-19,10028,Italy,STK004,Plaid tricote,2,26.82,53.64
INV500165,2023-07-19,10028,Italy,STK010,Guirlande lumineuse,2,14.57,29.14
INV500165,2023-07-19,10028,Italy,STK002,Coussin en lin,2,21.74,43.48
INV500166,2023-07-04,10028,Italy,STK012,Miroir mural rond,2,32.77,65.54
INV500166,2023-07-04,10028,Italy,STK010,Guirlande lumineuse,5,12.12,60.599999999999994
INV500167,2023-03-24,10028,Italy,STK010,Guirlande lumineuse,2,14.24,28.48
INV500167,2023-03-24,10028,Italy,STK002,Coussin en lin,1,18.09,18.09
INV500168,2023-02-20,10028,Italy,STK005,Bougie parfumee,3,11.09,33.269999999999996
INV500169,2023-03-05,10029,France,STK006,Cadre photo bois,5,11.69,58.449999999999996
INV500169,2023-03-05,10029,France,STK009,Vase en verre,2,24.42,48.84
INV500169,2023-03-05,10029,France,STK003,Set de tasses ceramique,3,13.98,41.94
INV500169,2023-03-05,10029,France,STK002,Coussin en lin,3,16.35,49.050000000000004
INV500170,2023-12-17,10030,France,STK003,Set de tasses ceramique,2,17.8,35.6
INV500171,2023-09-06,10030,France,STK009,Vase en verre,4,14.71,58.84
INV500172,2023-09-29,10030,France,STK003,Set de tasses ceramique,1,16.38,16.38
INV500172,2023-09-29,10030,France,STK002,Coussin en lin,4,22.81,91.24
INV500172,2023-09-29,10030,France,STK002,Coussin en lin,5,20.38,101.89999999999999
INV500172,2023-09-29,10030,France,STK011,Plateau en bambou,5,26.37,131.85
INV500173,2023-10-09,10031,Italy,STK011,Plateau en bambou,5,23.22,116.1
INV500174,2023-12-08,10031,Italy,STK003,Set de tasses ceramique,4,13.2,52.8
INV500174,2023-12-08,10031,Italy,STK009,Vase en verre,3,24.58,73.74
INV500174,2023-12-08,10031,Italy,STK011,Plateau en bambou,5,18.97,94.85
INV500175,2023-11-29,10031,Italy,STK011,Plateau en bambou,5,20.59,102.95
INV500175,2023-11-29,10031,Italy,STK010,Guirlande lumineuse,1,17.64,17.64
INV500175,2023-11-29,10031,Italy,STK011,Plateau en bambou,5,21.94,109.7
INV500176,2023-07-27,10031,Italy,STK003,Set de tasses ceramique,2,14.81,29.62
INV500176,2023-07-27,10031,Italy,STK012,Miroir mural rond,1,37.86,37.86
INV500176,2023-07-27,10031,Italy,STK002,Coussin en lin,3,17.21,51.63
INV500176,2023-07-27,10031,Italy,STK009,Vase en verre,5,19.9,99.5
INV500177,2023-10-12,10031,Italy,STK007,Panier de rangement,5,24.15,120.75
INV500178,2023-04-18,10031,Italy,STK006,Cadre photo bois,1,10.16,10.16
INV500178,2023-04-18,10031,Italy,STK004,Plaid tricote,3,27.19,81.57000000000001
INV500178,2023-04-18,10031,Italy,STK012,Miroir mural rond,1,33.62,33.62
INV500179,2023-03-06,10031,Italy,STK004,Plaid tricote,4,26.91,107.64
INV500179,2023-03-06,10031,Italy,STK007,Panier de rangement,5,22.65,113.25
INV500179,2023-03-06,10031,Italy,STK002,Coussin en lin,3,23.19,69.57000000000001
INV500180,2023-10-19,10031,Italy,STK007,Panier de rangement,1,20.67,20.67
INV500180,2023-10-19,10031,Italy,STK012,Miroir mural rond,4,40.32,161.28
INV500180,2023-10-19,10031,Italy,STK004,Plaid tricote,2,42.53,85.06
INV500180,2023-10-19,10031,Italy,STK004,Plaid tricote,5,31.53,157.65
INV500181,2023-08-28,10032,Germany,STK010,Guirlande lumineuse,1,14.94,14.94
INV500182,2023-10-28,10032,Germany,STK012,Miroir mural rond,3,45.96,137.88
INV500182,2023-10-28,10032,Germany,STK006,Cadre photo bois,4,10.36,41.44
INV500183,2023-11-13,10032,Germany,STK008,Tapis de bain,4,28.41,113.64
INV500183,2023-11-13,10032,Germany,STK007,Panier de rangement,2,21.31,42.62
INV500184,2023-01-03,10032,Germany,STK010,Guirlande lumineuse,5,17.22,86.1
INV500184,2023-01-03,10032,Germany,STK001,Lampe de bureau design,4,23.45,93.8
INV500185,2023-12-14,10032,Germany,STK001,Lampe de bureau design,5,29.62,148.1
INV500185,2023-12-14,10032,Germany,STK012,Miroir mural rond,4,40.36,161.44
INV500185,2023-12-14,10032,Germany,STK004,Plaid tricote,4,32.61,130.44
INV500185,2023-12-14,10032,Germany,STK001,Lampe de bureau design,2,27.42,54.84
INV500186,2023-12-01,10032,Germany,STK004,Plaid tricote,5,34.57,172.85
INV500186,2023-12-01,10032,Germany,STK010,Guirlande lumineuse,1,16.3,16.3
INV500186,2023-12-01,10032,Germany,STK001,Lampe de bureau design,2,28.72,57.44
INV500187,2023-12-14,10032,Germany,STK005,Bougie parfumee,4,12.47,49.88
INV500187,2023-12-14,10032,Germany,STK006,Cadre photo bois,4,10.01,40.04
INV500187,2023-12-14,10032,Germany,STK010,Guirlande lumineuse,5,9.76,48.8
INV500187,2023-12-14,10032,Germany,STK001,Lampe de bureau design,1,19.32,19.32
INV500188,2023-06-04,10033,France,STK011,Plateau en bambou,1,23.2,23.2
INV500188,2023-06-04,10033,France,STK011,Plateau en bambou,2,19.96,39.92
INV500188,2023-06-04,10033,France,STK011,Plateau en bambou,5,26.83,134.14999999999998
INV500189,2023-06-08,10033,France,STK005,Bougie parfumee,3,12.71,38.13
INV500189,2023-06-08,10033,France,STK008,Tapis de bain,3,35.57,106.71000000000001
INV500189,2023-06-08,10033,France,STK001,Lampe de bureau design,5,26.25,131.25
INV500190,2023-04-02,10033,France,STK004,Plaid tricote,5,26.62,133.1
INV500191,2023-09-17,10033,France,STK011,Plateau en bambou,4,27.38,109.52
INV500191,2023-09-17,10033,France,STK005,Bougie parfumee,1,9.84,9.84
INV500191,2023-09-17,10033,France,STK011,Plateau en bambou,4,27.03,108.12
INV500192,2023-11-03,10033,France,STK004,Plaid tricote,4,21.37,85.48
INV500192,2023-11-03,10033,France,STK006,Cadre photo bois,2,9.61,19.22
INV500192,2023-11-03,10033,France,STK004,Plaid tricote,5,31.79,158.95
INV500192,2023-11-03,10033,France,STK004,Plaid tricote,5,29.83,149.14999999999998
INV500193,2023-03-21,10033,France,STK004,Plaid tricote,1,21.74,21.74
INV500193,2023-03-21,10033,France,STK003,Set de tasses ceramique,5,19.0,95.0
INV500193,2023-03-21,10033,France,STK002,Coussin en lin,5,14.72,73.60000000000001
INV500193,2023-03-21,10033,France,STK004,Plaid tricote,2,31.48,62.96
INV500194,2023-08-28,10033,France,STK011,Plateau en bambou,3,20.42,61.260000000000005
INV500194,2023-08-28,10033,France,STK004,Plaid tricote,3,29.81,89.42999999999999
INV500194,2023-08-28,10033,France,STK004,Plaid tricote,4,28.1,112.4
INV500194,2023-08-28,10033,France,STK011,Plateau en bambou,2,21.52,43.04
INV500195,2023-08-29,10033,France,STK012,Miroir mural rond,3,35.11,105.33
INV500195,2023-08-29,10033,France,STK002,Coussin en lin,1,18.2,18.2
INV500195,2023-08-29,10033,France,STK001,Lampe de bureau design,5,26.42,132.10000000000002
INV500195,2023-08-29,10033,France,STK005,Bougie parfumee,5,13.88,69.4
INV500196,2023-04-02,10034,France,STK003,Set de tasses ceramique,3,16.73,50.19
INV500196,2023-04-02,10034,France,STK002,Coussin en lin,5,14.93,74.65
INV500197,2023-02-22,10034,France,STK010,Guirlande lumineuse,4,14.82,59.28
INV500197,2023-02-22,10034,France,STK012,Miroir mural rond,1,35.1,35.1
INV500198,2023-08-17,10034,France,STK009,Vase en verre,2,13.71,27.42
INV500199,2023-03-16,10034,France,STK001,Lampe de bureau design,1,26.53,26.53
INV500199,2023-03-16,10034,France,STK008,Tapis de bain,1,31.27,31.27
INV500200,2023-12-15,10035,Portugal,STK006,Cadre photo bois,4,8.81,35.24
INV500200,2023-12-15,10035,Portugal,STK005,Bougie parfumee,2,11.03,22.06
INV500200,2023-12-15,10035,Portugal,STK010,Guirlande lumineuse,3,10.81,32.43
INV500200,2023-12-15,10035,Portugal,STK005,Bougie parfumee,3,16.68,50.04
INV500201,2023-05-22,10035,Portugal,STK005,Bougie parfumee,2,12.62,25.24
INV500201,2023-05-22,10035,Portugal,STK004,Plaid tricote,5,31.84,159.2
INV500201,2023-05-22,10035,Portugal,STK011,Plateau en bambou,1,18.63,18.63
INV500201,2023-05-22,10035,Portugal,STK003,Set de tasses ceramique,4,17.8,71.2
INV500202,2023-02-01,10035,Portugal,STK004,Plaid tricote,4,24.4,97.6
INV500202,2023-02-01,10035,Portugal,STK011,Plateau en bambou,2,16.67,33.34
INV500203,2023-01-25,10035,Portugal,STK003,Set de tasses ceramique,1,16.58,16.58
INV500203,2023-01-25,10035,Portugal,STK007,Panier de rangement,3,17.33,51.989999999999995
INV500203,2023-01-25,10035,Portugal,STK010,Guirlande lumineuse,5,14.21,71.05000000000001
INV500204,2023-04-08,10035,Portugal,STK007,Panier de rangement,5,21.45,107.25
INV500204,2023-04-08,10035,Portugal,STK008,Tapis de bain,2,28.44,56.88
INV500205,2023-03-25,10035,Portugal,STK010,Guirlande lumineuse,3,13.46,40.38
INV500206,2023-02-09,10035,Portugal,STK012,Miroir mural rond,2,38.34,76.68
INV500206,2023-02-09,10035,Portugal,STK008,Tapis de bain,5,24.65,123.25
INV500206,2023-02-09,10035,Portugal,STK007,Panier de rangement,4,20.84,83.36
INV500206,2023-02-09,10035,Portugal,STK012,Miroir mural rond,4,34.09,136.36
INV500207,2023-01-18,10035,Portugal,STK003,Set de tasses ceramique,1,12.74,12.74
INV500208,2023-06-04,10035,Portugal,STK008,Tapis de bain,5,26.14,130.7
INV500208,2023-06-04,10035,Portugal,STK010,Guirlande lumineuse,1,14.4,14.4
INV500208,2023-06-04,10035,Portugal,STK006,Cadre photo bois,5,9.7,48.5
INV500209,2023-03-04,10036,France,STK004,Plaid tricote,2,32.57,65.14
INV500209,2023-03-04,10036,France,STK002,Coussin en lin,3,19.77,59.31
INV500209,2023-03-04,10036,France,STK007,Panier de rangement,1,21.49,21.49
INV500209,2023-03-04,10036,France,STK009,Vase en verre,2,19.12,38.24
INV500210,2023-04-01,10036,France,STK006,Cadre photo bois,5,11.39,56.95
INV500210,2023-04-01,10036,France,STK011,Plateau en bambou,2,21.28,42.56
INV500210,2023-04-01,10036,France,STK011,Plateau en bambou,4,20.87,83.48
INV500211,2023-01-26,10036,France,STK006,Cadre photo bois,5,11.81,59.050000000000004
INV500212,2023-06-04,10037,France,STK009,Vase en verre,3,19.05,57.150000000000006
INV500212,2023-06-04,10037,France,STK002,Coussin en lin,5,16.91,84.55
INV500212,2023-06-04,10037,France,STK005,Bougie parfumee,5,12.83,64.15
INV500213,2023-09-16,10037,France,STK002,Coussin en lin,2,18.85,37.7
INV500213,2023-09-16,10037,France,STK007,Panier de rangement,3,19.03,57.09
INV500214,2023-08-20,10037,France,STK006,Cadre photo bois,5,11.25,56.25
INV500215,2023-07-18,10037,France,STK002,Coussin en lin,1,13.89,13.89
INV500215,2023-07-18,10037,France,STK004,Plaid tricote,4,36.06,144.24
INV500216,2023-10-18,10037,France,STK002,Coussin en lin,5,18.88,94.39999999999999
INV500216,2023-10-18,10037,France,STK001,Lampe de bureau design,3,32.14,96.42
INV500217,2023-11-14,10037,France,STK001,Lampe de bureau design,4,19.94,79.76
INV500217,2023-11-14,10037,France,STK012,Miroir mural rond,4,46.36,185.44
INV500218,2023-10-01,10037,France,STK002,Coussin en lin,4,17.78,71.12
INV500218,2023-10-01,10037,France,STK011,Plateau en bambou,1,17.86,17.86
INV500218,2023-10-01,10037,France,STK011,Plateau en bambou,3,22.06,66.17999999999999
INV500218,2023-10-01,10037,France,STK001,Lampe de bureau design,2,22.4,44.8
INV500219,2023-06-23,10037,France,STK004,Plaid tricote,4,36.58,146.32
INV500219,2023-06-23,10037,France,STK006,Cadre photo bois,2,11.25,22.5
INV500219,2023-06-23,10037,France,STK005,Bougie parfumee,4,14.13,56.52
INV500219,2023-06-23,10037,France,STK009,Vase en verre,3,22.39,67.17
INV500220,2023-12-15,10037,France,STK012,Miroir mural rond,5,40.47,202.35
INV500220,2023-12-15,10037,France,STK007,Panier de rangement,1,16.62,16.62
INV500220,2023-12-15,10037,France,STK003,Set de tasses ceramique,5,16.48,82.4
INV500220,2023-12-15,10037,France,STK002,Coussin en lin,5,16.77,83.85
INV500221,2023-03-09,10037,France,STK002,Coussin en lin,4,16.05,64.2
INV500222,2023-11-12,10037,France,STK004,Plaid tricote,3,32.24,96.72
INV500222,2023-11-12,10037,France,STK008,Tapis de bain,1,31.56,31.56
INV500223,2023-03-31,10038,Netherlands,STK003,Set de tasses ceramique,2,18.88,37.76
INV500223,2023-03-31,10038,Netherlands,STK011,Plateau en bambou,5,21.22,106.1
INV500224,2023-04-16,10038,Netherlands,STK003,Set de tasses ceramique,5,14.34,71.7
INV500224,2023-04-16,10038,Netherlands,STK007,Panier de rangement,5,20.14,100.7
INV500225,2023-02-07,10038,Netherlands,STK008,Tapis de bain,2,27.38,54.76
INV500225,2023-02-07,10038,Netherlands,STK004,Plaid tricote,1,35.64,35.64
INV500225,2023-02-07,10038,Netherlands,STK006,Cadre photo bois,4,10.74,42.96
INV500225,2023-02-07,10038,Netherlands,STK006,Cadre photo bois,4,9.01,36.04
INV500226,2023-02-20,10039,France,STK003,Set de tasses ceramique,2,20.21,40.42
INV500226,2023-02-20,10039,France,STK009,Vase en verre,3,20.51,61.53
INV500226,2023-02-20,10039,France,STK010,Guirlande lumineuse,3,14.04,42.12
INV500226,2023-02-20,10039,France,STK006,Cadre photo bois,4,8.34,33.36
INV500227,2023-06-16,10039,France,STK005,Bougie parfumee,5,13.89,69.45
INV500227,2023-06-16,10039,France,STK003,Set de tasses ceramique,1,17.47,17.47
INV500228,2023-06-20,10039,France,STK002,Coussin en lin,1,20.84,20.84
INV500228,2023-06-20,10039,France,STK005,Bougie parfumee,1,12.05,12.05
INV500229,2023-09-23,10039,France,STK002,Coussin en lin,3,18.69,56.07000000000001
INV500229,2023-09-23,10039,France,STK004,Plaid tricote,1,20.91,20.91
INV500229,2023-09-23,10039,France,STK002,Coussin en lin,1,19.7,19.7
INV500230,2023-06-11,10039,France,STK011,Plateau en bambou,4,23.89,95.56
INV500231,2023-11-26,10039,France,STK009,Vase en verre,3,19.92,59.760000000000005
INV500232,2023-01-12,10039,France,STK008,Tapis de bain,3,36.96,110.88
INV500232,2023-01-12,10039,France,STK005,Bougie parfumee,2,14.33,28.66
INV500233,2023-01-08,10039,France,STK003,Set de tasses ceramique,4,11.1,44.4
INV500233,2023-01-08,10039,France,STK003,Set de tasses ceramique,5,13.92,69.6
INV500233,2023-01-08,10039,France,STK010,Guirlande lumineuse,5,16.39,81.95
INV500234,2023-02-09,10039,France,STK005,Bougie parfumee,4,10.84,43.36
INV500234,2023-02-09,10039,France,STK012,Miroir mural rond,2,41.12,82.24
INV500234,2023-02-09,10039,France,STK012,Miroir mural rond,4,41.78,167.12
INV500235,2023-05-13,10039,France,STK002,Coussin en lin,2,23.28,46.56
INV500235,2023-05-13,10039,France,STK008,Tapis de bain,1,31.0,31.0
INV500235,2023-05-13,10039,France,STK005,Bougie parfumee,3,12.11,36.33
INV500236,2023-04-02,10039,France,STK005,Bougie parfumee,1,12.1,12.1
INV500236,2023-04-02,10039,France,STK011,Plateau en bambou,5,23.43,117.15
INV500236,2023-04-02,10039,France,STK001,Lampe de bureau design,4,26.26,105.04
INV500236,2023-04-02,10039,France,STK010,Guirlande lumineuse,3,16.71,50.13
INV500237,2023-01-17,10039,France,STK008,Tapis de bain,4,24.86,99.44
INV500237,2023-01-17,10039,France,STK005,Bougie parfumee,4,14.77,59.08
INV500238,2023-08-30,10040,France,STK007,Panier de rangement,5,22.75,113.75
INV500238,2023-08-30,10040,France,STK007,Panier de rangement,4,15.72,62.88
INV500239,2023-07-27,10040,France,STK008,Tapis de bain,5,28.97,144.85
INV500240,2023-01-13,10041,France,STK005,Bougie parfumee,3,12.58,37.74
INV500241,2023-10-16,10042,France,STK004,Plaid tricote,4,39.35,157.4
INV500241,2023-10-16,10042,France,STK008,Tapis de bain,1,28.05,28.05
INV500241,2023-10-16,10042,France,STK004,Plaid tricote,5,35.09,175.45000000000002
INV500241,2023-10-16,10042,France,STK001,Lampe de bureau design,2,18.96,37.92
INV500242,2023-05-16,10043,France,STK008,Tapis de bain,4,28.17,112.68
INV500243,2023-08-03,10043,France,STK004,Plaid tricote,1,26.02,26.02
INV500243,2023-08-03,10043,France,STK007,Panier de rangement,4,17.05,68.2
INV500243,2023-08-03,10043,France,STK007,Panier de rangement,5,23.58,117.89999999999999
INV500243,2023-08-03,10043,France,STK011,Plateau en bambou,2,19.58,39.16
INV500244,2023-09-09,10044,Belgium,STK010,Guirlande lumineuse,3,13.09,39.269999999999996
INV500245,2023-03-27,10044,Belgium,STK001,Lampe de bureau design,3,24.81,74.42999999999999
INV500245,2023-03-27,10044,Belgium,STK011,Plateau en bambou,5,28.93,144.65
INV500245,2023-03-27,10044,Belgium,STK007,Panier de rangement,2,23.16,46.32
INV500246,2023-02-24,10045,France,STK008,Tapis de bain,2,24.26,48.52
INV500246,2023-02-24,10045,France,STK009,Vase en verre,2,16.96,33.92
INV500247,2023-02-17,10046,France,STK007,Panier de rangement,4,16.51,66.04
INV500247,2023-02-17,10046,France,STK004,Plaid tricote,4,31.48,125.92
INV500248,2023-01-21,10046,France,STK009,Vase en verre,5,18.79,93.94999999999999
INV500249,2023-06-07,10046,France,STK005,Bougie parfumee,1,15.63,15.63
INV500249,2023-06-07,10046,France,STK005,Bougie parfumee,5,15.35,76.75
INV500250,2023-06-24,10046,France,STK008,Tapis de bain,2,26.24,52.48
INV500250,2023-06-24,10046,France,STK007,Panier de rangement,5,20.05,100.25
INV500250,2023-06-24,10046,France,STK002,Coussin en lin,5,23.08,115.39999999999999
INV500251,2023-09-15,10046,France,STK008,Tapis de bain,3,29.51,88.53
INV500251,2023-09-15,10046,France,STK003,Set de tasses ceramique,5,15.18,75.9
INV500251,2023-09-15,10046,France,STK002,Coussin en lin,4,17.28,69.12
INV500252,2023-09-08,10047,Spain,STK012,Miroir mural rond,5,50.89,254.45
INV500252,2023-09-08,10047,Spain,STK008,Tapis de bain,1,34.25,34.25
INV500252,2023-09-08,10047,Spain,STK010,Guirlande lumineuse,3,13.51,40.53
INV500252,2023-09-08,10047,Spain,STK001,Lampe de bureau design,2,27.25,54.5
INV500253,2023-06-24,10048,Spain,STK003,Set de tasses ceramique,4,15.42,61.68
INV500253,2023-06-24,10048,Spain,STK007,Panier de rangement,4,19.49,77.96
INV500254,2023-03-19,10049,Belgium,STK006,Cadre photo bois,2,10.5,21.0
INV500254,2023-03-19,10049,Belgium,STK003,Set de tasses ceramique,3,14.01,42.03
INV500254,2023-03-19,10049,Belgium,STK002,Coussin en lin,5,16.23,81.15
INV500254,2023-03-19,10049,Belgium,STK008,Tapis de bain,2,24.69,49.38
INV500255,2023-03-09,10049,Belgium,STK006,Cadre photo bois,3,9.2,27.599999999999998
INV500256,2023-08-06,10049,Belgium,STK002,Coussin en lin,1,16.19,16.19
INV500256,2023-08-06,10049,Belgium,STK006,Cadre photo bois,2,11.61,23.22
INV500256,2023-08-06,10049,Belgium,STK001,Lampe de bureau design,2,28.33,56.66
INV500257,2023-02-24,10050,France,STK008,Tapis de bain,2,36.6,73.2
INV500257,2023-02-24,10050,France,STK010,Guirlande lumineuse,5,14.04,70.19999999999999
INV500257,2023-02-24,10050,France,STK004,Plaid tricote,2,28.11,56.22
INV500257,2023-02-24,10050,France,STK007,Panier de rangement,5,24.03,120.15
INV500258,2023-05-08,10050,France,STK012,Miroir mural rond,1,42.12,42.12
INV500259,2023-08-15,10050,France,STK007,Panier de rangement,2,21.18,42.36
INV500259,2023-08-15,10050,France,STK001,Lampe de bureau design,5,27.61,138.05
INV500260,2023-05-16,10051,France,STK010,Guirlande lumineuse,3,9.8,29.400000000000002
INV500260,2023-05-16,10051,France,STK007,Panier de rangement,3,23.92,71.76
INV500260,2023-05-16,10051,France,STK005,Bougie parfumee,1,12.01,12.01
INV500261,2023-05-02,10052,Belgium,STK003,Set de tasses ceramique,4,17.4,69.6
INV500261,2023-05-02,10052,Belgium,STK004,Plaid tricote,3,28.1,84.30000000000001
INV500261,2023-05-02,10052,Belgium,STK007,Panier de rangement,2,22.69,45.38
INV500261,2023-05-02,10052,Belgium,STK006,Cadre photo bois,4,11.98,47.92
INV500262,2023-03-15,10052,Belgium,STK002,Coussin en lin,5,21.4,107.0
INV500262,2023-03-15,10052,Belgium,STK011,Plateau en bambou,2,22.55,45.1
INV500262,2023-03-15,10052,Belgium,STK009,Vase en verre,2,20.42,40.84
INV500263,2023-04-07,10052,Belgium,STK001,Lampe de bureau design,2,21.2,42.4
INV500263,2023-04-07,10052,Belgium,STK008,Tapis de bain,1,25.54,25.54
INV500264,2023-08-16,10052,Belgium,STK005,Bougie parfumee,1,12.57,12.57
INV500265,2023-06-03,10052,Belgium,STK005,Bougie parfumee,3,12.91,38.730000000000004
INV500265,2023-06-03,10052,Belgium,STK004,Plaid tricote,5,31.04,155.2
INV500266,2023-08-02,10052,Belgium,STK005,Bougie parfumee,4,12.29,49.16
INV500267,2023-10-12,10052,Belgium,STK007,Panier de rangement,4,21.13,84.52
INV500267,2023-10-12,10052,Belgium,STK003,Set de tasses ceramique,4,13.99,55.96
INV500267,2023-10-12,10052,Belgium,STK001,Lampe de bureau design,3,25.61,76.83
INV500267,2023-10-12,10052,Belgium,STK001,Lampe de bureau design,5,19.06,95.3
INV500268,2023-06-15,10052,Belgium,STK001,Lampe de bureau design,3,26.67,80.01
INV500268,2023-06-15,10052,Belgium,STK003,Set de tasses ceramique,1,17.01,17.01
INV500268,2023-06-15,10052,Belgium,STK003,Set de tasses ceramique,1,16.12,16.12
INV500269,2023-10-05,10052,Belgium,STK010,Guirlande lumineuse,1,12.01,12.01
INV500269,2023-10-05,10052,Belgium,STK004,Plaid tricote,4,33.28,133.12
INV500270,2023-01-15,10052,Belgium,STK003,Set de tasses ceramique,3,15.01,45.03
INV500271,2023-08-31,10052,Belgium,STK010,Guirlande lumineuse,3,14.44,43.32
INV500272,2023-12-08,10052,Belgium,STK005,Bougie parfumee,4,13.5,54.0
INV500273,2023-12-15,10052,Belgium,STK007,Panier de rangement,3,22.55,67.65
INV500273,2023-12-15,10052,Belgium,STK006,Cadre photo bois,3,9.57,28.71
INV500273,2023-12-15,10052,Belgium,STK007,Panier de rangement,2,28.18,56.36
INV500273,2023-12-15,10052,Belgium,STK008,Tapis de bain,3,26.6,79.80000000000001
INV500274,2023-09-08,10052,Belgium,STK007,Panier de rangement,1,17.36,17.36
INV500274,2023-09-08,10052,Belgium,STK004,Plaid tricote,2,40.63,81.26
INV500274,2023-09-08,10052,Belgium,STK008,Tapis de bain,4,30.11,120.44
INV500275,2023-12-26,10052,Belgium,STK008,Tapis de bain,1,31.45,31.45
INV500275,2023-12-26,10052,Belgium,STK005,Bougie parfumee,5,12.08,60.4
INV500275,2023-12-26,10052,Belgium,STK004,Plaid tricote,3,36.35,109.05000000000001
INV500276,2023-05-30,10053,France,STK004,Plaid tricote,3,29.48,88.44
INV500277,2023-09-13,10053,France,STK011,Plateau en bambou,1,15.29,15.29
INV500277,2023-09-13,10053,France,STK009,Vase en verre,2,17.82,35.64
INV500277,2023-09-13,10053,France,STK011,Plateau en bambou,4,19.96,79.84
INV500277,2023-09-13,10053,France,STK004,Plaid tricote,2,36.96,73.92
INV500278,2023-05-30,10053,France,STK010,Guirlande lumineuse,2,16.21,32.42
INV500278,2023-05-30,10053,France,STK011,Plateau en bambou,2,23.97,47.94
INV500279,2023-02-02,10053,France,STK009,Vase en verre,1,16.39,16.39
INV500280,2023-04-15,10054,Italy,STK008,Tapis de bain,2,25.95,51.9
INV500280,2023-04-15,10054,Italy,STK003,Set de tasses ceramique,3,16.56,49.67999999999999
INV500281,2023-08-11,10054,Italy,STK001,Lampe de bureau design,5,30.58,152.89999999999998
INV500282,2023-11-28,10054,Italy,STK008,Tapis de bain,4,25.91,103.64
INV500282,2023-11-28,10054,Italy,STK009,Vase en verre,5,22.32,111.6
INV500282,2023-11-28,10054,Italy,STK009,Vase en verre,3,20.94,62.82000000000001
INV500282,2023-11-28,10054,Italy,STK001,Lampe de bureau design,4,25.71,102.84
INV500283,2023-07-01,10055,France,STK011,Plateau en bambou,1,21.2,21.2
INV500283,2023-07-01,10055,France,STK012,Miroir mural rond,4,39.95,159.8
INV500283,2023-07-01,10055,France,STK001,Lampe de bureau design,1,31.09,31.09
INV500283,2023-07-01,10055,France,STK011,Plateau en bambou,3,22.15,66.44999999999999
INV500284,2023-12-17,10055,France,STK007,Panier de rangement,4,24.67,98.68
INV500284,2023-12-17,10055,France,STK012,Miroir mural rond,5,42.63,213.15
INV500284,2023-12-17,10055,France,STK005,Bougie parfumee,3,14.19,42.57
INV500284,2023-12-17,10055,France,STK003,Set de tasses ceramique,2,14.11,28.22
INV500285,2023-01-11,10055,France,STK001,Lampe de bureau design,5,26.04,130.2
INV500285,2023-01-11,10055,France,STK006,Cadre photo bois,1,9.08,9.08
INV500286,2023-12-18,10055,France,STK005,Bougie parfumee,3,8.89,26.67
INV500287,2023-01-25,10055,France,STK012,Miroir mural rond,4,37.0,148.0
INV500288,2023-02-22,10055,France,STK001,Lampe de bureau design,2,24.61,49.22
INV500288,2023-02-22,10055,France,STK010,Guirlande lumineuse,1,15.52,15.52
INV500289,2023-04-29,10055,France,STK004,Plaid tricote,2,26.03,52.06
INV500290,2023-06-02,10055,France,STK011,Plateau en bambou,3,14.24,42.72
INV500291,2023-11-26,10055,France,STK011,Plateau en bambou,3,23.6,70.80000000000001
INV500291,2023-11-26,10055,France,STK006,Cadre photo bois,5,9.9,49.5
INV500292,2023-02-02,10056,France,STK010,Guirlande lumineuse,2,13.28,26.56
INV500292,2023-02-02,10056,France,STK002,Coussin en lin,1,19.6,19.6
INV500292,2023-02-02,10056,France,STK011,Plateau en bambou,2,24.26,48.52
INV500293,2023-12-19,10056,France,STK011,Plateau en bambou,5,18.57,92.85
INV500293,2023-12-19,10056,France,STK003,Set de tasses ceramique,2,13.72,27.44
INV500293,2023-12-19,10056,France,STK004,Plaid tricote,2,32.43,64.86
INV500294,2023-02-15,10057,France,STK008,Tapis de bain,4,23.07,92.28
INV500295,2023-04-09,10057,France,STK007,Panier de rangement,2,20.45,40.9
INV500296,2023-04-11,10058,Belgium,STK005,Bougie parfumee,5,9.01,45.05
INV500296,2023-04-11,10058,Belgium,STK012,Miroir mural rond,2,27.08,54.16
INV500296,2023-04-11,10058,Belgium,STK005,Bougie parfumee,4,14.92,59.68
INV500296,2023-04-11,10058,Belgium,STK012,Miroir mural rond,4,39.7,158.8
INV500297,2023-06-03,10058,Belgium,STK002,Coussin en lin,5,17.66,88.3
INV500297,2023-06-03,10058,Belgium,STK011,Plateau en bambou,5,22.46,112.30000000000001
INV500298,2023-08-21,10059,Germany,STK001,Lampe de bureau design,3,29.1,87.30000000000001
INV500298,2023-08-21,10059,Germany,STK001,Lampe de bureau design,2,21.08,42.16
INV500299,2023-11-10,10059,Germany,STK002,Coussin en lin,2,13.04,26.08
INV500299,2023-11-10,10059,Germany,STK004,Plaid tricote,4,35.82,143.28
INV500299,2023-11-10,10059,Germany,STK009,Vase en verre,4,14.18,56.72
INV500299,2023-11-10,10059,Germany,STK008,Tapis de bain,3,29.39,88.17
INV500300,2023-01-17,10060,Germany,STK012,Miroir mural rond,2,35.64,71.28
INV500300,2023-01-17,10060,Germany,STK005,Bougie parfumee,1,11.92,11.92
INV500300,2023-01-17,10060,Germany,STK001,Lampe de bureau design,1,21.41,21.41
INV500301,2023-04-04,10060,Germany,STK011,Plateau en bambou,5,20.06,100.3
INV500302,2023-05-14,10060,Germany,STK001,Lampe de bureau design,1,29.92,29.92
INV500302,2023-05-14,10060,Germany,STK011,Plateau en bambou,2,19.17,38.34
INV500302,2023-05-14,10060,Germany,STK007,Panier de rangement,1,22.21,22.21
INV500302,2023-05-14,10060,Germany,STK011,Plateau en bambou,5,21.46,107.30000000000001
INV500303,2023-02-23,10060,Germany,STK004,Plaid tricote,2,36.08,72.16
INV500304,2023-04-02,10060,Germany,STK005,Bougie parfumee,2,12.84,25.68
INV500304,2023-04-02,10060,Germany,STK006,Cadre photo bois,1,10.94,10.94
INV500304,2023-04-02,10060,Germany,STK009,Vase en verre,5,17.9,89.5
INV500304,2023-04-02,10060,Germany,STK002,Coussin en lin,3,13.49,40.47
INV500305,2023-01-25,10061,France,STK012,Miroir mural rond,5,42.87,214.35
INV500306,2023-02-22,10061,France,STK004,Plaid tricote,5,31.48,157.4
INV500306,2023-02-22,10061,France,STK008,Tapis de bain,4,28.67,114.68
INV500307,2023-01-24,10061,France,STK001,Lampe de bureau design,3,28.87,86.61
INV500307,2023-01-24,10061,France,STK008,Tapis de bain,2,25.74,51.48
INV500308,2023-07-24,10061,France,STK001,Lampe de bureau design,3,24.52,73.56
INV500308,2023-07-24,10061,France,STK008,Tapis de bain,1,31.87,31.87
INV500308,2023-07-24,10061,France,STK010,Guirlande lumineuse,3,13.47,40.410000000000004
INV500309,2023-01-10,10061,France,STK012,Miroir mural rond,4,38.67,154.68
INV500310,2023-02-08,10061,France,STK006,Cadre photo bois,3,12.04,36.12
INV500310,2023-02-08,10061,France,STK011,Plateau en bambou,2,22.73,45.46
INV500310,2023-02-08,10061,France,STK006,Cadre photo bois,1,10.66,10.66
INV500310,2023-02-08,10061,France,STK004,Plaid tricote,1,32.83,32.83
INV500311,2023-07-26,10061,France,STK001,Lampe de bureau design,3,24.04,72.12
INV500311,2023-07-26,10061,France,STK011,Plateau en bambou,1,26.55,26.55
INV500311,2023-07-26,10061,France,STK004,Plaid tricote,2,23.83,47.66
INV500311,2023-07-26,10061,France,STK012,Miroir mural rond,2,30.16,60.32
INV500312,2023-07-17,10061,France,STK006,Cadre photo bois,2,10.66,21.32
INV500312,2023-07-17,10061,France,STK006,Cadre photo bois,1,8.94,8.94
INV500312,2023-07-17,10061,France,STK002,Coussin en lin,1,16.27,16.27
INV500313,2023-05-04,10062,Portugal,STK004,Plaid tricote,4,33.41,133.64
INV500313,2023-05-04,10062,Portugal,STK002,Coussin en lin,4,19.48,77.92
INV500314,2023-03-27,10062,Portugal,STK006,Cadre photo bois,2,8.55,17.1
INV500314,2023-03-27,10062,Portugal,STK003,Set de tasses ceramique,5,12.7,63.5
INV500315,2023-01-16,10062,Portugal,STK010,Guirlande lumineuse,1,9.83,9.83
INV500315,2023-01-16,10062,Portugal,STK001,Lampe de bureau design,2,19.02,38.04
INV500315,2023-01-16,10062,Portugal,STK012,Miroir mural rond,2,38.79,77.58
INV500316,2023-09-05,10062,Portugal,STK008,Tapis de bain,2,31.83,63.66
INV500317,2023-06-19,10062,Portugal,STK008,Tapis de bain,5,29.7,148.5
INV500317,2023-06-19,10062,Portugal,STK008,Tapis de bain,2,31.87,63.74
INV500317,2023-06-19,10062,Portugal,STK007,Panier de rangement,2,18.9,37.8
INV500317,2023-06-19,10062,Portugal,STK011,Plateau en bambou,4,24.42,97.68
INV500318,2023-10-30,10062,Portugal,STK005,Bougie parfumee,1,14.25,14.25
INV500319,2023-03-05,10062,Portugal,STK012,Miroir mural rond,4,39.01,156.04
INV500319,2023-03-05,10062,Portugal,STK004,Plaid tricote,2,35.38,70.76
INV500319,2023-03-05,10062,Portugal,STK003,Set de tasses ceramique,5,15.15,75.75
INV500319,2023-03-05,10062,Portugal,STK003,Set de tasses ceramique,4,17.93,71.72
INV500320,2023-06-13,10063,Germany,STK004,Plaid tricote,1,24.96,24.96
INV500321,2023-06-27,10063,Germany,STK002,Coussin en lin,1,13.85,13.85
INV500322,2023-02-24,10063,Germany,STK007,Panier de rangement,2,20.88,41.76
INV500322,2023-02-24,10063,Germany,STK001,Lampe de bureau design,2,28.59,57.18
INV500323,2023-12-12,10063,Germany,STK009,Vase en verre,5,19.44,97.2
INV500323,2023-12-12,10063,Germany,STK011,Plateau en bambou,4,23.11,92.44
INV500323,2023-12-12,10063,Germany,STK004,Plaid tricote,2,30.6,61.2
INV500323,2023-12-12,10063,Germany,STK005,Bougie parfumee,4,15.64,62.56
INV500324,2023-05-21,10063,Germany,STK008,Tapis de bain,4,24.15,96.6
INV500325,2023-08-29,10063,Germany,STK004,Plaid tricote,1,29.07,29.07
INV500325,2023-08-29,10063,Germany,STK005,Bougie parfumee,5,16.48,82.4
INV500326,2023-02-15,10063,Germany,STK010,Guirlande lumineuse,5,14.49,72.45
INV500326,2023-02-15,10063,Germany,STK004,Plaid tricote,5,34.19,170.95
INV500327,2023-09-02,10063,Germany,STK001,Lampe de bureau design,4,26.89,107.56
INV500327,2023-09-02,10063,Germany,STK002,Coussin en lin,3,21.46,64.38
INV500328,2023-09-30,10063,Germany,STK011,Plateau en bambou,3,20.6,61.800000000000004
INV500328,2023-09-30,10063,Germany,STK011,Plateau en bambou,2,19.1,38.2
INV500329,2023-04-08,10064,France,STK009,Vase en verre,2,16.19,32.38
INV500329,2023-04-08,10064,France,STK011,Plateau en bambou,4,21.05,84.2
INV500329,2023-04-08,10064,France,STK012,Miroir mural rond,2,39.02,78.04
INV500329,2023-04-08,10064,France,STK005,Bougie parfumee,4,9.84,39.36
INV500330,2023-11-10,10064,France,STK006,Cadre photo bois,3,7.76,23.28
INV500330,2023-11-10,10064,France,STK008,Tapis de bain,5,26.03,130.15
INV500331,2023-07-15,10064,France,STK011,Plateau en bambou,2,25.14,50.28
INV500331,2023-07-15,10064,France,STK010,Guirlande lumineuse,4,14.29,57.16
INV500332,2023-03-20,10064,France,STK009,Vase en verre,4,22.29,89.16
INV500333,2023-08-22,10064,France,STK011,Plateau en bambou,1,18.73,18.73
INV500334,2023-05-05,10064,France,STK001,Lampe de bureau design,2,24.7,49.4
INV500334,2023-05-05,10064,France,STK011,Plateau en bambou,5,23.73,118.65
INV500335,2023-11-23,10065,France,STK010,Guirlande lumineuse,4,9.24,36.96
INV500335,2023-11-23,10065,France,STK006,Cadre photo bois,3,11.28,33.839999999999996
INV500335,2023-11-23,10065,France,STK009,Vase en verre,1,20.01,20.01
INV500335,2023-11-23,10065,France,STK010,Guirlande lumineuse,2,15.9,31.8
INV500336,2023-02-19,10065,France,STK005,Bougie parfumee,4,16.12,64.48
INV500336,2023-02-19,10065,France,STK008,Tapis de bain,4,24.76,99.04
INV500337,2023-05-31,10065,France,STK004,Plaid tricote,5,27.86,139.3
INV500337,2023-05-31,10065,France,STK002,Coussin en lin,5,19.08,95.39999999999999
INV500338,2023-01-18,10065,France,STK008,Tapis de bain,1,28.71,28.71
INV500338,2023-01-18,10065,France,STK005,Bougie parfumee,2,12.24,24.48
INV500338,2023-01-18,10065,France,STK010,Guirlande lumineuse,2,15.35,30.7
INV500339,2023-05-21,10065,France,STK003,Set de tasses ceramique,5,19.08,95.39999999999999
INV500339,2023-05-21,10065,France,STK005,Bougie parfumee,3,14.23,42.69
INV500339,2023-05-21,10065,France,STK003,Set de tasses ceramique,3,10.46,31.380000000000003
INV500340,2023-06-25,10065,France,STK006,Cadre photo bois,3,9.88,29.64
INV500340,2023-06-25,10065,France,STK006,Cadre photo bois,2,8.96,17.92
INV500340,2023-06-25,10065,France,STK010,Guirlande lumineuse,3,15.59,46.769999999999996
INV500340,2023-06-25,10065,France,STK011,Plateau en bambou,4,21.11,84.44
INV500341,2023-07-08,10065,France,STK011,Plateau en bambou,1,23.82,23.82
INV500341,2023-07-08,10065,France,STK002,Coussin en lin,5,18.86,94.3
INV500341,2023-07-08,10065,France,STK001,Lampe de bureau design,1,24.99,24.99
INV500341,2023-07-08,10065,France,STK008,Tapis de bain,1,19.64,19.64
INV500342,2023-08-25,10065,France,STK009,Vase en verre,1,17.7,17.7
INV500343,2023-03-02,10065,France,STK005,Bougie parfumee,1,11.35,11.35
INV500343,2023-03-02,10065,France,STK012,Miroir mural rond,2,33.21,66.42
INV500343,2023-03-02,10065,France,STK009,Vase en verre,2,20.46,40.92
INV500343,2023-03-02,10065,France,STK005,Bougie parfumee,2,13.91,27.82
INV500344,2023-01-23,10065,France,STK002,Coussin en lin,3,17.55,52.650000000000006
INV500345,2023-08-07,10065,France,STK012,Miroir mural rond,2,41.28,82.56
INV500346,2023-01-05,10065,France,STK004,Plaid tricote,3,23.71,71.13
INV500346,2023-01-05,10065,France,STK009,Vase en verre,1,18.79,18.79
INV500346,2023-01-05,10065,France,STK011,Plateau en bambou,2,24.37,48.74
INV500346,2023-01-05,10065,France,STK002,Coussin en lin,1,15.21,15.21
INV500347,2023-02-17,10065,France,STK003,Set de tasses ceramique,4,13.61,54.44
INV500347,2023-02-17,10065,France,STK004,Plaid tricote,1,26.46,26.46
INV500348,2023-02-18,10065,France,STK010,Guirlande lumineuse,1,13.03,13.03
INV500348,2023-02-18,10065,France,STK006,Cadre photo bois,2,6.8,13.6
INV500348,2023-02-18,10065,France,STK012,Miroir mural rond,2,41.96,83.92
INV500348,2023-02-18,10065,France,STK003,Set de tasses ceramique,2,17.67,35.34
INV500349,2023-02-11,10066,Spain,STK008,Tapis de bain,3,25.56,76.67999999999999
INV500349,2023-02-11,10066,Spain,STK012,Miroir mural rond,5,47.98,239.89999999999998
INV500350,2023-12-24,10066,Spain,STK008,Tapis de bain,1,22.36,22.36
INV500350,2023-12-24,10066,Spain,STK004,Plaid tricote,1,26.85,26.85
INV500351,2023-05-19,10066,Spain,STK012,Miroir mural rond,4,36.73,146.92
INV500351,2023-05-19,10066,Spain,STK002,Coussin en lin,1,17.35,17.35
INV500352,2023-06-28,10066,Spain,STK010,Guirlande lumineuse,5,14.03,70.14999999999999
INV500353,2023-05-13,10066,Spain,STK002,Coussin en lin,1,17.1,17.1
INV500353,2023-05-13,10066,Spain,STK010,Guirlande lumineuse,5,11.12,55.599999999999994
INV500354,2023-06-07,10067,France,STK009,Vase en verre,3,22.93,68.78999999999999
INV500355,2023-02-18,10067,France,STK006,Cadre photo bois,1,10.36,10.36
INV500355,2023-02-18,10067,France,STK008,Tapis de bain,3,33.68,101.03999999999999
INV500355,2023-02-18,10067,France,STK011,Plateau en bambou,2,19.97,39.94
INV500355,2023-02-18,10067,France,STK008,Tapis de bain,1,21.85,21.85
INV500356,2023-09-30,10067,France,STK008,Tapis de bain,5,29.14,145.7
INV500356,2023-09-30,10067,France,STK012,Miroir mural rond,4,41.73,166.92
INV500356,2023-09-30,10067,France,STK011,Plateau en bambou,1,19.99,19.99
INV500357,2023-10-22,10067,France,STK008,Tapis de bain,1,27.34,27.34
INV500357,2023-10-22,10067,France,STK008,Tapis de bain,3,32.78,98.34
INV500357,2023-10-22,10067,France,STK004,Plaid tricote,1,30.17,30.17
INV500358,2023-10-28,10067,France,STK007,Panier de rangement,4,26.51,106.04
INV500358,2023-10-28,10067,France,STK004,Plaid tricote,2,29.72,59.44
INV500359,2023-11-04,10067,France,STK010,Guirlande lumineuse,1,12.14,12.14
INV500359,2023-11-04,10067,France,STK012,Miroir mural rond,5,37.82,189.1
INV500360,2023-07-12,10067,France,STK007,Panier de rangement,5,22.22,111.1
INV500360,2023-07-12,10067,France,STK007,Panier de rangement,5,19.8,99.0
INV500361,2023-04-15,10067,France,STK004,Plaid tricote,2,26.56,53.12
INV500361,2023-04-15,10067,France,STK009,Vase en verre,2,15.75,31.5
INV500362,2023-01-04,10067,France,STK006,Cadre photo bois,5,7.9,39.5
INV500362,2023-01-04,10067,France,STK011,Plateau en bambou,5,19.58,97.89999999999999
INV500362,2023-01-04,10067,France,STK012,Miroir mural rond,2,42.8,85.6
INV500363,2023-07-20,10068,Belgium,STK009,Vase en verre,3,21.13,63.39
INV500364,2023-08-26,10068,Belgium,STK005,Bougie parfumee,1,10.71,10.71
INV500364,2023-08-26,10068,Belgium,STK012,Miroir mural rond,5,42.93,214.65
INV500365,2023-04-07,10068,Belgium,STK003,Set de tasses ceramique,1,10.05,10.05
INV500365,2023-04-07,10068,Belgium,STK010,Guirlande lumineuse,4,14.79,59.16
INV500365,2023-04-07,10068,Belgium,STK012,Miroir mural rond,5,32.68,163.4
INV500365,2023-04-07,10068,Belgium,STK011,Plateau en bambou,4,24.5,98.0
INV500366,2023-06-06,10068,Belgium,STK009,Vase en verre,5,18.14,90.7
INV500366,2023-06-06,10068,Belgium,STK011,Plateau en bambou,3,22.5,67.5
INV500366,2023-06-06,10068,Belgium,STK001,Lampe de bureau design,3,27.71,83.13
INV500366,2023-06-06,10068,Belgium,STK004,Plaid tricote,4,31.22,124.88
INV500367,2023-01-19,10068,Belgium,STK001,Lampe de bureau design,5,21.09,105.45
INV500367,2023-01-19,10068,Belgium,STK009,Vase en verre,2,15.01,30.02
INV500367,2023-01-19,10068,Belgium,STK007,Panier de rangement,3,21.77,65.31
INV500367,2023-01-19,10068,Belgium,STK012,Miroir mural rond,4,42.88,171.52
INV500368,2023-01-15,10068,Belgium,STK012,Miroir mural rond,4,46.91,187.64
INV500368,2023-01-15,10068,Belgium,STK011,Plateau en bambou,1,21.1,21.1
INV500368,2023-01-15,10068,Belgium,STK003,Set de tasses ceramique,2,19.16,38.32
INV500368,2023-01-15,10068,Belgium,STK006,Cadre photo bois,3,8.46,25.380000000000003
INV500369,2023-01-22,10068,Belgium,STK004,Plaid tricote,3,31.87,95.61
INV500369,2023-01-22,10068,Belgium,STK012,Miroir mural rond,1,53.43,53.43
INV500369,2023-01-22,10068,Belgium,STK004,Plaid tricote,3,36.76,110.28
INV500370,2023-07-29,10069,Germany,STK011,Plateau en bambou,5,25.96,129.8
INV500370,2023-07-29,10069,Germany,STK008,Tapis de bain,2,31.84,63.68
INV500371,2023-06-23,10069,Germany,STK011,Plateau en bambou,1,24.1,24.1
INV500371,2023-06-23,10069,Germany,STK009,Vase en verre,4,26.08,104.32
INV500372,2023-04-07,10069,Germany,STK008,Tapis de bain,4,26.54,106.16
INV500372,2023-04-07,10069,Germany,STK011,Plateau en bambou,4,17.74,70.96
INV500372,2023-04-07,10069,Germany,STK011,Plateau en bambou,4,28.89,115.56
INV500372,2023-04-07,10069,Germany,STK003,Set de tasses ceramique,2,12.94,25.88
INV500373,2023-05-08,10069,Germany,STK012,Miroir mural rond,1,44.37,44.37
INV500374,2023-02-03,10070,France,STK010,Guirlande lumineuse,1,13.23,13.23
INV500374,2023-02-03,10070,France,STK001,Lampe de bureau design,5,25.68,128.4
INV500375,2023-10-27,10070,France,STK002,Coussin en lin,4,19.19,76.76
INV500375,2023-10-27,10070,France,STK005,Bougie parfumee,3,12.97,38.910000000000004
INV500375,2023-10-27,10070,France,STK011,Plateau en bambou,1,26.85,26.85
INV500376,2023-01-27,10070,France,STK007,Panier de rangement,4,23.15,92.6
INV500377,2023-09-28,10071,Italy,STK003,Set de tasses ceramique,5,16.22,81.1
INV500377,2023-09-28,10071,Italy,STK007,Panier de rangement,2,18.72,37.44
INV500377,2023-09-28,10071,Italy,STK010,Guirlande lumineuse,1,10.38,10.38
INV500377,2023-09-28,10071,Italy,STK002,Coussin en lin,3,17.74,53.22
INV500378,2023-11-04,10071,Italy,STK010,Guirlande lumineuse,2,14.28,28.56
INV500378,2023-11-04,10071,Italy,STK012,Miroir mural rond,3,34.98,104.94
INV500378,2023-11-04,10071,Italy,STK010,Guirlande lumineuse,2,15.52,31.04
INV500378,2023-11-04,10071,Italy,STK010,Guirlande lumineuse,1,14.08,14.08
INV500379,2023-11-26,10071,Italy,STK003,Set de tasses ceramique,4,17.7,70.8
INV500379,2023-11-26,10071,Italy,STK010,Guirlande lumineuse,3,13.5,40.5
INV500379,2023-11-26,10071,Italy,STK006,Cadre photo bois,2,9.81,19.62
INV500379,2023-11-26,10071,Italy,STK004,Plaid tricote,4,25.25,101.0
INV500380,2023-12-10,10071,Italy,STK004,Plaid tricote,4,35.0,140.0
INV500380,2023-12-10,10071,Italy,STK010,Guirlande lumineuse,1,16.37,16.37
INV500381,2023-06-02,10071,Italy,STK002,Coussin en lin,5,22.43,112.15
INV500382,2023-06-20,10071,Italy,STK006,Cadre photo bois,5,10.58,52.9
INV500382,2023-06-20,10071,Italy,STK008,Tapis de bain,4,33.54,134.16
INV500383,2023-06-25,10072,France,STK009,Vase en verre,3,22.51,67.53
INV500384,2023-05-27,10072,France,STK012,Miroir mural rond,1,57.38,57.38
INV500385,2023-05-04,10072,France,STK006,Cadre photo bois,2,11.61,23.22
INV500385,2023-05-04,10072,France,STK011,Plateau en bambou,5,21.91,109.55
INV500386,2023-09-05,10073,France,STK006,Cadre photo bois,4,12.51,50.04
INV500387,2023-08-10,10073,France,STK009,Vase en verre,4,24.57,98.28
INV500388,2023-09-30,10073,France,STK002,Coussin en lin,5,12.83,64.15
INV500388,2023-09-30,10073,France,STK008,Tapis de bain,5,25.9,129.5
INV500389,2023-09-06,10073,France,STK011,Plateau en bambou,5,23.55,117.75
INV500389,2023-09-06,10073,France,STK011,Plateau en bambou,5,24.94,124.7
INV500389,2023-09-06,10073,France,STK011,Plateau en bambou,4,22.35,89.4
INV500389,2023-09-06,10073,France,STK002,Coussin en lin,5,19.2,96.0
INV500390,2023-09-08,10073,France,STK002,Coussin en lin,4,17.23,68.92
INV500390,2023-09-08,10073,France,STK004,Plaid tricote,5,27.42,137.10000000000002
INV500391,2023-10-25,10073,France,STK002,Coussin en lin,5,17.83,89.14999999999999
INV500391,2023-10-25,10073,France,STK005,Bougie parfumee,1,12.64,12.64
INV500391,2023-10-25,10073,France,STK010,Guirlande lumineuse,2,14.05,28.1
INV500392,2023-03-25,10073,France,STK006,Cadre photo bois,3,8.7,26.099999999999998
INV500392,2023-03-25,10073,France,STK011,Plateau en bambou,1,19.72,19.72
INV500392,2023-03-25,10073,France,STK007,Panier de rangement,3,14.96,44.88
INV500393,2023-06-04,10074,France,STK008,Tapis de bain,4,27.14,108.56
INV500393,2023-06-04,10074,France,STK011,Plateau en bambou,1,19.53,19.53
INV500393,2023-06-04,10074,France,STK008,Tapis de bain,5,33.08,165.39999999999998
INV500393,2023-06-04,10074,France,STK011,Plateau en bambou,4,27.91,111.64
INV500394,2023-12-22,10074,France,STK008,Tapis de bain,3,17.81,53.42999999999999
INV500395,2023-05-11,10074,France,STK001,Lampe de bureau design,4,24.01,96.04
INV500395,2023-05-11,10074,France,STK011,Plateau en bambou,5,21.13,105.64999999999999
INV500395,2023-05-11,10074,France,STK011,Plateau en bambou,5,21.98,109.9
INV500395,2023-05-11,10074,France,STK009,Vase en verre,4,21.41,85.64
INV500396,2023-07-23,10074,France,STK008,Tapis de bain,1,32.57,32.57
INV500396,2023-07-23,10074,France,STK009,Vase en verre,1,20.09,20.09
INV500396,2023-07-23,10074,France,STK004,Plaid tricote,2,34.71,69.42
INV500397,2023-08-12,10074,France,STK010,Guirlande lumineuse,2,13.52,27.04
INV500397,2023-08-12,10074,France,STK007,Panier de rangement,1,18.01,18.01
INV500397,2023-08-12,10074,France,STK010,Guirlande lumineuse,4,14.87,59.48
INV500397,2023-08-12,10074,France,STK008,Tapis de bain,3,25.79,77.37
INV500398,2023-10-12,10074,France,STK012,Miroir mural rond,5,34.27,171.35000000000002
INV500398,2023-10-12,10074,France,STK001,Lampe de bureau design,1,22.22,22.22
INV500398,2023-10-12,10074,France,STK010,Guirlande lumineuse,1,17.21,17.21
INV500398,2023-10-12,10074,France,STK005,Bougie parfumee,3,9.79,29.369999999999997
INV500399,2023-12-23,10074,France,STK006,Cadre photo bois,3,9.48,28.44
INV500399,2023-12-23,10074,France,STK005,Bougie parfumee,1,14.11,14.11
INV500399,2023-12-23,10074,France,STK008,Tapis de bain,2,26.45,52.9
INV500399,2023-12-23,10074,France,STK002,Coussin en lin,5,17.81,89.05
INV500400,2023-02-22,10075,Netherlands,STK005,Bougie parfumee,2,11.44,22.88
INV500400,2023-02-22,10075,Netherlands,STK002,Coussin en lin,2,17.97,35.94
INV500401,2023-01-09,10075,Netherlands,STK002,Coussin en lin,4,16.11,64.44
INV500402,2023-09-06,10076,France,STK003,Set de tasses ceramique,5,18.86,94.3
INV500403,2023-07-06,10077,Germany,STK010,Guirlande lumineuse,1,12.91,12.91
INV500403,2023-07-06,10077,Germany,STK001,Lampe de bureau design,1,27.08,27.08
INV500404,2023-01-13,10077,Germany,STK010,Guirlande lumineuse,2,14.45,28.9
INV500404,2023-01-13,10077,Germany,STK006,Cadre photo bois,1,11.61,11.61
INV500405,2023-08-14,10077,Germany,STK001,Lampe de bureau design,3,30.46,91.38
INV500406,2023-01-07,10077,Germany,STK004,Plaid tricote,1,29.76,29.76
INV500407,2023-04-03,10077,Germany,STK012,Miroir mural rond,1,48.66,48.66
INV500407,2023-04-03,10077,Germany,STK011,Plateau en bambou,3,18.61,55.83
INV500407,2023-04-03,10077,Germany,STK010,Guirlande lumineuse,5,16.2,81.0
INV500408,2023-05-18,10077,Germany,STK001,Lampe de bureau design,1,24.61,24.61
INV500408,2023-05-18,10077,Germany,STK006,Cadre photo bois,5,7.22,36.1
INV500409,2023-04-12,10078,France,STK001,Lampe de bureau design,3,25.45,76.35
INV500409,2023-04-12,10078,France,STK005,Bougie parfumee,1,15.46,15.46
INV500409,2023-04-12,10078,France,STK005,Bougie parfumee,1,11.67,11.67
INV500410,2023-02-24,10078,France,STK011,Plateau en bambou,2,21.02,42.04
INV500410,2023-02-24,10078,France,STK008,Tapis de bain,2,34.18,68.36
INV500410,2023-02-24,10078,France,STK008,Tapis de bain,3,26.47,79.41
INV500410,2023-02-24,10078,France,STK007,Panier de rangement,5,18.34,91.7
INV500411,2023-11-25,10079,Netherlands,STK001,Lampe de bureau design,3,25.3,75.9
INV500411,2023-11-25,10079,Netherlands,STK010,Guirlande lumineuse,3,16.91,50.730000000000004
INV500411,2023-11-25,10079,Netherlands,STK001,Lampe de bureau design,3,30.0,90.0
INV500412,2023-11-16,10079,Netherlands,STK007,Panier de rangement,1,17.28,17.28
INV500413,2023-10-23,10079,Netherlands,STK001,Lampe de bureau design,1,19.57,19.57
INV500413,2023-10-23,10079,Netherlands,STK009,Vase en verre,1,20.16,20.16
INV500413,2023-10-23,10079,Netherlands,STK004,Plaid tricote,3,27.79,83.37
INV500413,2023-10-23,10079,Netherlands,STK001,Lampe de bureau design,3,26.09,78.27
INV500414,2023-10-16,10079,Netherlands,STK008,Tapis de bain,5,27.91,139.55
INV500414,2023-10-16,10079,Netherlands,STK010,Guirlande lumineuse,3,16.9,50.699999999999996
INV500414,2023-10-16,10079,Netherlands,STK011,Plateau en bambou,2,14.86,29.72
INV500414,2023-10-16,10079,Netherlands,STK008,Tapis de bain,5,24.13,120.64999999999999
INV500415,2023-07-05,10079,Netherlands,STK010,Guirlande lumineuse,4,14.64,58.56
INV500415,2023-07-05,10079,Netherlands,STK009,Vase en verre,1,26.54,26.54
INV500415,2023-07-05,10079,Netherlands,STK003,Set de tasses ceramique,1,19.44,19.44
INV500416,2023-02-12,10079,Netherlands,STK007,Panier de rangement,2,23.15,46.3
INV500416,2023-02-12,10079,Netherlands,STK007,Panier de rangement,2,22.88,45.76
INV500416,2023-02-12,10079,Netherlands,STK001,Lampe de bureau design,5,19.01,95.05000000000001
INV500416,2023-02-12,10079,Netherlands,STK006,Cadre photo bois,5,8.19,40.949999999999996
INV500417,2023-09-27,10079,Netherlands,STK012,Miroir mural rond,4,34.25,137.0
INV500417,2023-09-27,10079,Netherlands,STK006,Cadre photo bois,5,10.07,50.35
INV500417,2023-09-27,10079,Netherlands,STK008,Tapis de bain,3,22.14,66.42
INV500418,2023-10-30,10080,Netherlands,STK011,Plateau en bambou,2,26.09,52.18
INV500419,2023-03-04,10080,Netherlands,STK008,Tapis de bain,4,32.78,131.12
INV500419,2023-03-04,10080,Netherlands,STK002,Coussin en lin,3,21.07,63.21
INV500420,2023-10-23,10080,Netherlands,STK009,Vase en verre,1,21.2,21.2
INV500420,2023-10-23,10080,Netherlands,STK011,Plateau en bambou,4,18.13,72.52
INV500420,2023-10-23,10080,Netherlands,STK007,Panier de rangement,1,22.37,22.37
INV500420,2023-10-23,10080,Netherlands,STK005,Bougie parfumee,5,10.26,51.3
INV500421,2023-12-07,10080,Netherlands,STK003,Set de tasses ceramique,4,14.15,56.6
INV500422,2023-09-25,10080,Netherlands,STK011,Plateau en bambou,2,21.77,43.54
INV500422,2023-09-25,10080,Netherlands,STK006,Cadre photo bois,1,9.34,9.34
INV500422,2023-09-25,10080,Netherlands,STK002,Coussin en lin,2,19.46,38.92
INV500422,2023-09-25,10080,Netherlands,STK004,Plaid tricote,5,32.69,163.45
INV500423,2023-04-12,10080,Netherlands,STK006,Cadre photo bois,1,11.06,11.06
INV500423,2023-04-12,10080,Netherlands,STK012,Miroir mural rond,5,44.26,221.29999999999998
INV500423,2023-04-12,10080,Netherlands,STK012,Miroir mural rond,4,34.94,139.76
INV500424,2023-12-11,10080,Netherlands,STK004,Plaid tricote,4,31.65,126.6
INV500424,2023-12-11,10080,Netherlands,STK006,Cadre photo bois,5,12.31,61.550000000000004
INV500424,2023-12-11,10080,Netherlands,STK006,Cadre photo bois,2,8.78,17.56
INV500425,2023-03-08,10080,Netherlands,STK012,Miroir mural rond,4,48.21,192.84
INV500426,2023-05-09,10080,Netherlands,STK005,Bougie parfumee,3,12.79,38.37
INV500426,2023-05-09,10080,Netherlands,STK003,Set de tasses ceramique,5,16.99,84.94999999999999
INV500426,2023-05-09,10080,Netherlands,STK010,Guirlande lumineuse,5,13.89,69.45
INV500426,2023-05-09,10080,Netherlands,STK010,Guirlande lumineuse,3,17.54,52.62
INV500427,2023-11-25,10080,Netherlands,STK011,Plateau en bambou,1,26.1,26.1
INV500427,2023-11-25,10080,Netherlands,STK011,Plateau en bambou,4,24.92,99.68
INV500427,2023-11-25,10080,Netherlands,STK007,Panier de rangement,5,18.39,91.95
INV500427,2023-11-25,10080,Netherlands,STK007,Panier de rangement,5,18.14,90.7
INV500428,2023-09-13,10080,Netherlands,STK003,Set de tasses ceramique,1,15.03,15.03
INV500428,2023-09-13,10080,Netherlands,STK007,Panier de rangement,1,23.6,23.6
INV500428,2023-09-13,10080,Netherlands,STK001,Lampe de bureau design,2,26.06,52.12
INV500429,2023-07-19,10081,France,STK004,Plaid tricote,4,28.54,114.16
INV500429,2023-07-19,10081,France,STK004,Plaid tricote,5,30.11,150.55
INV500429,2023-07-19,10081,France,STK006,Cadre photo bois,2,8.52,17.04
INV500430,2023-01-01,10081,France,STK011,Plateau en bambou,5,20.73,103.65
INV500430,2023-01-01,10081,France,STK006,Cadre photo bois,2,8.35,16.7
INV500430,2023-01-01,10081,France,STK009,Vase en verre,3,18.46,55.38
INV500431,2023-04-14,10081,France,STK004,Plaid tricote,5,30.15,150.75
INV500431,2023-04-14,10081,France,STK003,Set de tasses ceramique,4,16.09,64.36
INV500431,2023-04-14,10081,France,STK001,Lampe de bureau design,2,24.97,49.94
INV500432,2023-03-11,10081,France,STK012,Miroir mural rond,2,52.1,104.2
INV500432,2023-03-11,10081,France,STK005,Bougie parfumee,3,13.8,41.400000000000006
INV500433,2023-05-02,10082,Portugal,STK010,Guirlande lumineuse,5,13.6,68.0
INV500433,2023-05-02,10082,Portugal,STK003,Set de tasses ceramique,5,20.29,101.44999999999999
INV500433,2023-05-02,10082,Portugal,STK002,Coussin en lin,3,19.12,57.36
INV500433,2023-05-02,10082,Portugal,STK001,Lampe de bureau design,2,25.46,50.92
INV500434,2023-08-30,10082,Portugal,STK007,Panier de rangement,4,21.54,86.16
INV500434,2023-08-30,10082,Portugal,STK007,Panier de rangement,3,25.04,75.12
INV500434,2023-08-30,10082,Portugal,STK006,Cadre photo bois,3,10.19,30.57
INV500434,2023-08-30,10082,Portugal,STK011,Plateau en bambou,1,20.67,20.67
INV500435,2023-06-13,10083,Belgium,STK009,Vase en verre,5,18.95,94.75
INV500435,2023-06-13,10083,Belgium,STK002,Coussin en lin,5,15.4,77.0
INV500435,2023-06-13,10083,Belgium,STK002,Coussin en lin,1,17.92,17.92
INV500435,2023-06-13,10083,Belgium,STK010,Guirlande lumineuse,1,12.87,12.87
INV500436,2023-04-29,10083,Belgium,STK006,Cadre photo bois,4,8.11,32.44
INV500436,2023-04-29,10083,Belgium,STK011,Plateau en bambou,4,27.24,108.96
INV500437,2023-03-30,10083,Belgium,STK003,Set de tasses ceramique,1,11.96,11.96
INV500437,2023-03-30,10083,Belgium,STK009,Vase en verre,2,16.34,32.68
INV500438,2023-09-25,10083,Belgium,STK009,Vase en verre,2,18.55,37.1
INV500438,2023-09-25,10083,Belgium,STK009,Vase en verre,4,12.35,49.4
INV500438,2023-09-25,10083,Belgium,STK006,Cadre photo bois,5,8.08,40.4
INV500439,2023-09-04,10083,Belgium,STK011,Plateau en bambou,3,16.36,49.08
INV500439,2023-09-04,10083,Belgium,STK002,Coussin en lin,4,20.46,81.84
INV500440,2023-12-07,10083,Belgium,STK001,Lampe de bureau design,4,23.67,94.68
INV500441,2023-04-01,10083,Belgium,STK010,Guirlande lumineuse,4,14.32,57.28
INV500441,2023-04-01,10083,Belgium,STK012,Miroir mural rond,2,39.61,79.22
INV500441,2023-04-01,10083,Belgium,STK008,Tapis de bain,3,23.72,71.16
INV500442,2023-11-12,10083,Belgium,STK011,Plateau en bambou,4,21.01,84.04
INV500442,2023-11-12,10083,Belgium,STK009,Vase en verre,3,22.68,68.03999999999999
INV500442,2023-11-12,10083,Belgium,STK009,Vase en verre,2,22.5,45.0
INV500443,2023-12-17,10083,Belgium,STK006,Cadre photo bois,2,9.02,18.04
INV500444,2023-04-22,10084,France,STK011,Plateau en bambou,2,21.16,42.32
INV500445,2023-03-02,10084,France,STK010,Guirlande lumineuse,3,15.58,46.74
INV500445,2023-03-02,10084,France,STK001,Lampe de bureau design,4,23.62,94.48
INV500445,2023-03-02,10084,France,STK005,Bougie parfumee,5,9.5,47.5
INV500446,2023-03-07,10084,France,STK003,Set de tasses ceramique,4,16.92,67.68
INV500446,2023-03-07,10084,France,STK001,Lampe de bureau design,5,29.31,146.54999999999998
INV500446,2023-03-07,10084,France,STK009,Vase en verre,5,24.42,122.10000000000001
INV500447,2023-03-08,10084,France,STK009,Vase en verre,4,18.0,72.0
INV500447,2023-03-08,10084,France,STK004,Plaid tricote,5,23.66,118.3
INV500447,2023-03-08,10084,France,STK001,Lampe de bureau design,4,28.15,112.6
INV500448,2023-01-23,10085,France,STK005,Bougie parfumee,1,9.28,9.28
INV500448,2023-01-23,10085,France,STK007,Panier de rangement,2,21.43,42.86
INV500448,2023-01-23,10085,France,STK009,Vase en verre,1,18.66,18.66
INV500449,2023-06-17,10085,France,STK005,Bougie parfumee,1,12.64,12.64
INV500449,2023-06-17,10085,France,STK009,Vase en verre,5,25.35,126.75
INV500449,2023-06-17,10085,France,STK008,Tapis de bain,4,24.8,99.2
INV500449,2023-06-17,10085,France,STK003,Set de tasses ceramique,2,12.28,24.56
INV500450,2023-06-22,10085,France,STK003,Set de tasses ceramique,5,10.94,54.699999999999996
INV500451,2023-09-30,10086,France,STK003,Set de tasses ceramique,4,17.76,71.04
INV500451,2023-09-30,10086,France,STK007,Panier de rangement,3,18.25,54.75
INV500451,2023-09-30,10086,France,STK010,Guirlande lumineuse,3,13.7,41.099999999999994
INV500452,2023-05-29,10086,France,STK011,Plateau en bambou,1,20.63,20.63
INV500453,2023-06-02,10086,France,STK009,Vase en verre,3,15.88,47.64
INV500453,2023-06-02,10086,France,STK004,Plaid tricote,1,24.56,24.56
INV500453,2023-06-02,10086,France,STK004,Plaid tricote,4,33.48,133.92
INV500453,2023-06-02,10086,France,STK008,Tapis de bain,4,27.94,111.76
INV500454,2023-12-21,10087,France,STK011,Plateau en bambou,1,18.15,18.15
INV500454,2023-12-21,10087,France,STK011,Plateau en bambou,3,20.05,60.150000000000006
INV500454,2023-12-21,10087,France,STK005,Bougie parfumee,3,9.16,27.48
INV500454,2023-12-21,10087,France,STK008,Tapis de bain,4,30.57,122.28
INV500455,2023-04-29,10087,France,STK004,Plaid tricote,3,32.03,96.09
INV500455,2023-04-29,10087,France,STK003,Set de tasses ceramique,5,16.27,81.35
INV500456,2023-05-31,10087,France,STK001,Lampe de bureau design,1,27.62,27.62
INV500456,2023-05-31,10087,France,STK006,Cadre photo bois,2,12.04,24.08
INV500457,2023-07-18,10087,France,STK011,Plateau en bambou,2,23.62,47.24
INV500457,2023-07-18,10087,France,STK003,Set de tasses ceramique,4,16.66,66.64
INV500457,2023-07-18,10087,France,STK011,Plateau en bambou,3,22.31,66.92999999999999
INV500458,2023-03-10,10088,France,STK010,Guirlande lumineuse,1,11.96,11.96
INV500459,2023-10-28,10088,France,STK003,Set de tasses ceramique,4,17.75,71.0
INV500459,2023-10-28,10088,France,STK004,Plaid tricote,3,27.49,82.47
INV500460,2023-09-23,10088,France,STK002,Coussin en lin,4,21.66,86.64
INV500460,2023-09-23,10088,France,STK004,Plaid tricote,2,33.18,66.36
INV500460,2023-09-23,10088,France,STK004,Plaid tricote,4,29.25,117.0
INV500460,2023-09-23,10088,France,STK006,Cadre photo bois,2,7.25,14.5
INV500461,2023-03-15,10089,France,STK005,Bougie parfumee,2,13.37,26.74
INV500462,2023-11-25,10089,France,STK004,Plaid tricote,5,30.51,152.55
INV500463,2023-05-16,10089,France,STK004,Plaid tricote,4,33.14,132.56
INV500463,2023-05-16,10089,France,STK012,Miroir mural rond,5,39.11,195.55
INV500464,2023-05-20,10089,France,STK007,Panier de rangement,3,19.53,58.59
INV500464,2023-05-20,10089,France,STK008,Tapis de bain,3,30.71,92.13
INV500464,2023-05-20,10089,France,STK002,Coussin en lin,2,19.39,38.78
INV500465,2023-08-28,10089,France,STK002,Coussin en lin,2,18.34,36.68
INV500465,2023-08-28,10089,France,STK009,Vase en verre,1,17.89,17.89
INV500466,2023-12-08,10089,France,STK002,Coussin en lin,5,20.04,100.19999999999999
INV500467,2023-07-07,10089,France,STK002,Coussin en lin,4,18.43,73.72
INV500467,2023-07-07,10089,France,STK008,Tapis de bain,1,25.38,25.38
INV500468,2023-08-10,10089,France,STK005,Bougie parfumee,3,14.51,43.53
INV500468,2023-08-10,10089,France,STK006,Cadre photo bois,3,11.11,33.33
INV500468,2023-08-10,10089,France,STK012,Miroir mural rond,5,35.19,175.95
INV500469,2023-01-07,10090,France,STK006,Cadre photo bois,2,10.37,20.74
INV500469,2023-01-07,10090,France,STK006,Cadre photo bois,1,6.53,6.53
INV500470,2023-05-13,10090,France,STK003,Set de tasses ceramique,4,14.85,59.4
INV500470,2023-05-13,10090,France,STK009,Vase en verre,3,16.69,50.07000000000001
INV500471,2023-11-05,10090,France,STK004,Plaid tricote,2,27.35,54.7
INV500471,2023-11-05,10090,France,STK011,Plateau en bambou,3,17.95,53.849999999999994
INV500471,2023-11-05,10090,France,STK009,Vase en verre,2,15.93,31.86
INV500472,2023-08-13,10090,France,STK001,Lampe de bureau design,3,23.72,71.16
INV500472,2023-08-13,10090,France,STK003,Set de tasses ceramique,1,16.78,16.78
INV500472,2023-08-13,10090,France,STK007,Panier de rangement,1,20.05,20.05
INV500473,2023-11-25,10090,France,STK002,Coussin en lin,3,20.78,62.34
INV500473,2023-11-25,10090,France,STK010,Guirlande lumineuse,4,12.92,51.68
INV500474,2023-10-07,10090,France,STK002,Coussin en lin,4,24.45,97.8
INV500474,2023-10-07,10090,France,STK003,Set de tasses ceramique,5,15.59,77.95
INV500474,2023-10-07,10090,France,STK006,Cadre photo bois,2,9.13,18.26
INV500475,2023-09-06,10090,France,STK011,Plateau en bambou,2,21.27,42.54
INV500475,2023-09-06,10090,France,STK011,Plateau en bambou,1,17.19,17.19
INV500475,2023-09-06,10090,France,STK009,Vase en verre,4,21.62,86.48
INV500476,2023-11-12,10090,France,STK012,Miroir mural rond,1,40.03,40.03
INV500476,2023-11-12,10090,France,STK011,Plateau en bambou,1,21.31,21.31
INV500476,2023-11-12,10090,France,STK011,Plateau en bambou,2,17.95,35.9
INV500477,2023-08-16,10090,France,STK011,Plateau en bambou,5,19.33,96.64999999999999
INV500477,2023-08-16,10090,France,STK005,Bougie parfumee,1,12.09,12.09
INV500477,2023-08-16,10090,France,STK011,Plateau en bambou,4,20.88,83.52
INV500478,2023-10-06,10090,France,STK010,Guirlande lumineuse,3,13.82,41.46
INV500478,2023-10-06,10090,France,STK002,Coussin en lin,3,20.32,60.96
INV500478,2023-10-06,10090,France,STK008,Tapis de bain,5,25.88,129.4
INV500478,2023-10-06,10090,France,STK001,Lampe de bureau design,1,29.26,29.26
INV500479,2023-08-13,10090,France,STK009,Vase en verre,4,21.26,85.04
INV500479,2023-08-13,10090,France,STK003,Set de tasses ceramique,4,16.98,67.92
INV500479,2023-08-13,10090,France,STK003,Set de tasses ceramique,2,15.14,30.28
INV500480,2023-06-27,10090,France,STK001,Lampe de bureau design,5,33.88,169.4
INV500480,2023-06-27,10090,France,STK006,Cadre photo bois,4,9.55,38.2
INV500481,2023-11-02,10090,France,STK004,Plaid tricote,4,33.17,132.68
INV500481,2023-11-02,10090,France,STK001,Lampe de bureau design,5,17.5,87.5
INV500481,2023-11-02,10090,France,STK003,Set de tasses ceramique,3,11.39,34.17
INV500481,2023-11-02,10090,France,STK002,Coussin en lin,3,18.89,56.67
INV500482,2023-02-18,10090,France,STK008,Tapis de bain,1,34.39,34.39
INV500483,2023-12-25,10090,France,STK008,Tapis de bain,4,22.65,90.6
INV500484,2023-12-21,10090,France,STK005,Bougie parfumee,2,12.98,25.96
INV500484,2023-12-21,10090,France,STK001,Lampe de bureau design,4,25.18,100.72
INV500484,2023-12-21,10090,France,STK005,Bougie parfumee,3,14.15,42.45
INV500485,2023-11-19,10090,France,STK011,Plateau en bambou,5,19.57,97.85
INV500486,2023-03-23,10091,Belgium,STK006,Cadre photo bois,3,12.03,36.089999999999996
INV500486,2023-03-23,10091,Belgium,STK005,Bougie parfumee,1,14.45,14.45
INV500487,2023-04-26,10091,Belgium,STK001,Lampe de bureau design,3,28.74,86.22
INV500487,2023-04-26,10091,Belgium,STK003,Set de tasses ceramique,3,15.4,46.2
INV500487,2023-04-26,10091,Belgium,STK008,Tapis de bain,5,27.41,137.05
INV500487,2023-04-26,10091,Belgium,STK003,Set de tasses ceramique,3,16.05,48.150000000000006
INV500488,2023-10-11,10092,Spain,STK004,Plaid tricote,3,32.62,97.85999999999999
INV500488,2023-10-11,10092,Spain,STK012,Miroir mural rond,4,33.64,134.56
INV500488,2023-10-11,10092,Spain,STK002,Coussin en lin,1,12.25,12.25
INV500488,2023-10-11,10092,Spain,STK012,Miroir mural rond,5,40.82,204.1
INV500489,2023-09-24,10092,Spain,STK008,Tapis de bain,4,24.18,96.72
INV500489,2023-09-24,10092,Spain,STK002,Coussin en lin,1,18.05,18.05
INV500489,2023-09-24,10092,Spain,STK008,Tapis de bain,3,34.42,103.26
INV500490,2023-09-07,10092,Spain,STK008,Tapis de bain,2,25.97,51.94
INV500490,2023-09-07,10092,Spain,STK007,Panier de rangement,2,21.49,42.98
INV500490,2023-09-07,10092,Spain,STK007,Panier de rangement,5,21.74,108.69999999999999
INV500490,2023-09-07,10092,Spain,STK007,Panier de rangement,4,24.06,96.24
INV500491,2023-08-29,10093,Netherlands,STK001,Lampe de bureau design,3,25.07,75.21000000000001
INV500491,2023-08-29,10093,Netherlands,STK002,Coussin en lin,5,18.86,94.3
INV500491,2023-08-29,10093,Netherlands,STK009,Vase en verre,1,21.8,21.8
INV500491,2023-08-29,10093,Netherlands,STK002,Coussin en lin,3,20.9,62.699999999999996
INV500492,2023-08-16,10094,France,STK010,Guirlande lumineuse,4,16.39,65.56
INV500492,2023-08-16,10094,France,STK009,Vase en verre,2,21.13,42.26
INV500493,2023-01-16,10094,France,STK005,Bougie parfumee,3,13.97,41.910000000000004
INV500494,2023-03-20,10094,France,STK002,Coussin en lin,3,19.85,59.550000000000004
INV500494,2023-03-20,10094,France,STK009,Vase en verre,4,17.73,70.92
INV500495,2023-03-12,10094,France,STK005,Bougie parfumee,4,11.72,46.88
INV500495,2023-03-12,10094,France,STK010,Guirlande lumineuse,5,16.14,80.7
INV500495,2023-03-12,10094,France,STK011,Plateau en bambou,3,25.94,77.82000000000001
INV500495,2023-03-12,10094,France,STK006,Cadre photo bois,4,11.6,46.4
INV500496,2023-10-13,10094,France,STK010,Guirlande lumineuse,1,13.21,13.21
INV500497,2023-05-30,10095,Belgium,STK011,Plateau en bambou,2,15.97,31.94
INV500497,2023-05-30,10095,Belgium,STK009,Vase en verre,3,24.31,72.92999999999999
INV500498,2023-10-27,10095,Belgium,STK003,Set de tasses ceramique,4,18.67,74.68
INV500498,2023-10-27,10095,Belgium,STK005,Bougie parfumee,4,14.73,58.92
INV500499,2023-08-06,10095,Belgium,STK008,Tapis de bain,2,24.5,49.0
INV500499,2023-08-06,10095,Belgium,STK003,Set de tasses ceramique,2,14.01,28.02
INV500500,2023-01-13,10095,Belgium,STK012,Miroir mural rond,3,32.29,96.87
INV500500,2023-01-13,10095,Belgium,STK003,Set de tasses ceramique,2,13.79,27.58
INV500500,2023-01-13,10095,Belgium,STK004,Plaid tricote,1,28.85,28.85
INV500500,2023-01-13,10095,Belgium,STK003,Set de tasses ceramique,1,14.48,14.48
INV500501,2023-06-02,10095,Belgium,STK010,Guirlande lumineuse,4,11.05,44.2
INV500501,2023-06-02,10095,Belgium,STK001,Lampe de bureau design,5,26.04,130.2
INV500502,2023-01-18,10095,Belgium,STK012,Miroir mural rond,3,46.28,138.84
INV500502,2023-01-18,10095,Belgium,STK007,Panier de rangement,5,22.57,112.85
INV500503,2023-05-27,10095,Belgium,STK005,Bougie parfumee,2,12.94,25.88
INV500503,2023-05-27,10095,Belgium,STK002,Coussin en lin,4,17.71,70.84
INV500504,2023-07-16,10096,France,STK011,Plateau en bambou,4,21.59,86.36
INV500504,2023-07-16,10096,France,STK005,Bougie parfumee,2,10.54,21.08
INV500504,2023-07-16,10096,France,STK010,Guirlande lumineuse,2,14.81,29.62
INV500504,2023-07-16,10096,France,STK003,Set de tasses ceramique,2,12.34,24.68
INV500505,2023-03-13,10096,France,STK001,Lampe de bureau design,5,28.41,142.05
INV500506,2023-04-20,10096,France,STK005,Bougie parfumee,4,12.42,49.68
INV500506,2023-04-20,10096,France,STK011,Plateau en bambou,3,20.16,60.480000000000004
INV500506,2023-04-20,10096,France,STK002,Coussin en lin,3,13.67,41.01
INV500506,2023-04-20,10096,France,STK009,Vase en verre,4,20.75,83.0
INV500507,2023-08-28,10096,France,STK008,Tapis de bain,1,27.21,27.21
INV500507,2023-08-28,10096,France,STK002,Coussin en lin,4,18.64,74.56
INV500507,2023-08-28,10096,France,STK012,Miroir mural rond,3,43.09,129.27
INV500507,2023-08-28,10096,France,STK001,Lampe de bureau design,5,24.06,120.3
INV500508,2023-10-21,10096,France,STK002,Coussin en lin,4,21.82,87.28
INV500509,2023-10-19,10096,France,STK009,Vase en verre,3,18.33,54.989999999999995
INV500509,2023-10-19,10096,France,STK007,Panier de rangement,3,20.15,60.449999999999996
INV500509,2023-10-19,10096,France,STK010,Guirlande lumineuse,4,15.6,62.4
INV500509,2023-10-19,10096,France,STK005,Bougie parfumee,1,12.52,12.52
INV500510,2023-10-07,10096,France,STK002,Coussin en lin,3,13.96,41.88
INV500510,2023-10-07,10096,France,STK002,Coussin en lin,2,13.48,26.96
INV500510,2023-10-07,10096,France,STK011,Plateau en bambou,5,21.07,105.35
INV500511,2023-04-14,10097,France,STK003,Set de tasses ceramique,4,15.17,60.68
INV500511,2023-04-14,10097,France,STK005,Bougie parfumee,1,12.48,12.48
INV500511,2023-04-14,10097,France,STK008,Tapis de bain,4,33.38,133.52
INV500512,2023-08-28,10097,France,STK001,Lampe de bureau design,5,29.22,146.1
INV500512,2023-08-28,10097,France,STK003,Set de tasses ceramique,5,15.81,79.05
INV500513,2023-10-06,10097,France,STK003,Set de tasses ceramique,4,15.14,60.56
INV500513,2023-10-06,10097,France,STK009,Vase en verre,1,21.76,21.76
INV500514,2023-10-17,10097,France,STK002,Coussin en lin,5,13.62,68.1
INV500514,2023-10-17,10097,France,STK009,Vase en verre,3,23.16,69.48
INV500514,2023-10-17,10097,France,STK006,Cadre photo bois,1,11.02,11.02
INV500514,2023-10-17,10097,France,STK002,Coussin en lin,3,25.58,76.74
INV500515,2023-08-10,10098,Portugal,STK010,Guirlande lumineuse,3,10.93,32.79
INV500515,2023-08-10,10098,Portugal,STK010,Guirlande lumineuse,4,14.24,56.96
INV500515,2023-08-10,10098,Portugal,STK007,Panier de rangement,5,21.37,106.85000000000001
INV500515,2023-08-10,10098,Portugal,STK008,Tapis de bain,3,29.48,88.44
INV500516,2023-08-25,10098,Portugal,STK003,Set de tasses ceramique,4,16.58,66.32
INV500516,2023-08-25,10098,Portugal,STK004,Plaid tricote,2,32.07,64.14
INV500516,2023-08-25,10098,Portugal,STK001,Lampe de bureau design,2,18.62,37.24
INV500516,2023-08-25,10098,Portugal,STK006,Cadre photo bois,5,8.05,40.25
INV500517,2023-04-24,10098,Portugal,STK012,Miroir mural rond,4,46.81,187.24
INV500517,2023-04-24,10098,Portugal,STK010,Guirlande lumineuse,2,12.12,24.24
INV500517,2023-04-24,10098,Portugal,STK011,Plateau en bambou,2,22.77,45.54
INV500517,2023-04-24,10098,Portugal,STK003,Set de tasses ceramique,5,15.29,76.44999999999999
INV500518,2023-09-29,10098,Portugal,STK009,Vase en verre,4,22.49,89.96
INV500518,2023-09-29,10098,Portugal,STK001,Lampe de bureau design,4,19.3,77.2
INV500518,2023-09-29,10098,Portugal,STK009,Vase en verre,3,20.37,61.11
INV500518,2023-09-29,10098,Portugal,STK004,Plaid tricote,2,34.09,68.18
INV500519,2023-05-19,10098,Portugal,STK008,Tapis de bain,4,27.26,109.04
INV500520,2023-09-08,10098,Portugal,STK001,Lampe de bureau design,1,25.69,25.69
INV500520,2023-09-08,10098,Portugal,STK010,Guirlande lumineuse,1,16.12,16.12
INV500520,2023-09-08,10098,Portugal,STK003,Set de tasses ceramique,1,14.49,14.49
INV500521,2023-09-08,10098,Portugal,STK005,Bougie parfumee,2,15.71,31.42
INV500521,2023-09-08,10098,Portugal,STK011,Plateau en bambou,1,18.68,18.68
INV500521,2023-09-08,10098,Portugal,STK002,Coussin en lin,4,14.22,56.88
INV500521,2023-09-08,10098,Portugal,STK010,Guirlande lumineuse,2,13.18,26.36
INV500522,2023-10-28,10098,Portugal,STK006,Cadre photo bois,2,9.57,19.14
INV500522,2023-10-28,10098,Portugal,STK002,Coussin en lin,3,19.58,58.739999999999995
INV500523,2023-12-15,10098,Portugal,STK002,Coussin en lin,4,17.39,69.56
INV500523,2023-12-15,10098,Portugal,STK011,Plateau en bambou,2,25.35,50.7
INV500524,2023-12-13,10098,Portugal,STK008,Tapis de bain,1,30.61,30.61
INV500524,2023-12-13,10098,Portugal,STK001,Lampe de bureau design,2,21.37,42.74
INV500525,2023-08-17,10098,Portugal,STK011,Plateau en bambou,5,16.86,84.3
INV500526,2023-05-23,10098,Portugal,STK004,Plaid tricote,1,33.74,33.74
INV500527,2023-05-14,10098,Portugal,STK004,Plaid tricote,2,30.62,61.24
INV500527,2023-05-14,10098,Portugal,STK007,Panier de rangement,4,22.78,91.12
INV500528,2023-11-07,10098,Portugal,STK012,Miroir mural rond,2,31.81,63.62
INV500528,2023-11-07,10098,Portugal,STK008,Tapis de bain,4,27.28,109.12
INV500528,2023-11-07,10098,Portugal,STK009,Vase en verre,5,23.85,119.25
INV500528,2023-11-07,10098,Portugal,STK001,Lampe de bureau design,5,31.69,158.45000000000002
INV500529,2023-10-24,10099,France,STK005,Bougie parfumee,1,15.04,15.04
INV500529,2023-10-24,10099,France,STK005,Bougie parfumee,1,11.1,11.1
INV500530,2023-06-28,10099,France,STK003,Set de tasses ceramique,2,12.23,24.46
INV500530,2023-06-28,10099,France,STK011,Plateau en bambou,5,22.83,114.14999999999999
INV500530,2023-06-28,10099,France,STK010,Guirlande lumineuse,1,14.89,14.89
INV500530,2023-06-28,10099,France,STK007,Panier de rangement,3,21.14,63.42
INV500531,2023-12-11,10099,France,STK012,Miroir mural rond,5,53.18,265.9
INV500531,2023-12-11,10099,France,STK011,Plateau en bambou,2,26.18,52.36
INV500531,2023-12-11,10099,France,STK007,Panier de rangement,1,21.78,21.78
INV500531,2023-12-11,10099,France,STK003,Set de tasses ceramique,3,16.17,48.510000000000005
INV500532,2023-08-20,10099,France,STK008,Tapis de bain,2,22.15,44.3
INV500533,2023-08-22,10099,France,STK010,Guirlande lumineuse,5,17.17,85.85000000000001
INV500533,2023-08-22,10099,France,STK007,Panier de rangement,2,22.02,44.04
INV500534,2023-05-23,10100,Italy,STK012,Miroir mural rond,1,39.15,39.15
INV500535,2023-01-19,10100,Italy,STK007,Panier de rangement,1,23.89,23.89
INV500535,2023-01-19,10100,Italy,STK009,Vase en verre,1,22.54,22.54
INV500535,2023-01-19,10100,Italy,STK011,Plateau en bambou,1,22.56,22.56
INV500536,2023-06-25,10100,Italy,STK008,Tapis de bain,2,29.08,58.16
INV500536,2023-06-25,10100,Italy,STK012,Miroir mural rond,4,37.53,150.12
INV500536,2023-06-25,10100,Italy,STK011,Plateau en bambou,4,24.0,96.0
INV500536,2023-06-25,10100,Italy,STK012,Miroir mural rond,5,37.73,188.64999999999998
INV500537,2023-03-24,10101,Germany,STK001,Lampe de bureau design,2,15.9,31.8
INV500538,2023-03-26,10101,Germany,STK001,Lampe de bureau design,1,26.36,26.36
INV500539,2023-07-31,10101,Germany,STK010,Guirlande lumineuse,4,14.89,59.56
INV500540,2023-01-08,10102,France,STK006,Cadre photo bois,1,11.39,11.39
INV500540,2023-01-08,10102,France,STK004,Plaid tricote,2,33.85,67.7
INV500540,2023-01-08,10102,France,STK005,Bougie parfumee,2,10.33,20.66
INV500541,2023-07-19,10102,France,STK012,Miroir mural rond,1,29.11,29.11
INV500542,2023-11-14,10102,France,STK007,Panier de rangement,1,18.17,18.17
INV500542,2023-11-14,10102,France,STK009,Vase en verre,3,18.85,56.550000000000004
INV500542,2023-11-14,10102,France,STK001,Lampe de bureau design,2,27.83,55.66
INV500542,2023-11-14,10102,France,STK009,Vase en verre,3,20.8,62.400000000000006
INV500543,2023-04-28,10102,France,STK008,Tapis de bain,5,24.61,123.05
INV500543,2023-04-28,10102,France,STK006,Cadre photo bois,2,9.51,19.02
INV500543,2023-04-28,10102,France,STK006,Cadre photo bois,3,10.97,32.910000000000004
INV500543,2023-04-28,10102,France,STK002,Coussin en lin,1,13.21,13.21
INV500544,2023-09-30,10102,France,STK007,Panier de rangement,2,16.98,33.96
INV500544,2023-09-30,10102,France,STK001,Lampe de bureau design,2,28.12,56.24
INV500544,2023-09-30,10102,France,STK007,Panier de rangement,5,22.35,111.75
INV500544,2023-09-30,10102,France,STK001,Lampe de bureau design,1,32.39,32.39
INV500545,2023-10-21,10102,France,STK004,Plaid tricote,3,27.04,81.12
INV500545,2023-10-21,10102,France,STK009,Vase en verre,1,20.49,20.49
INV500545,2023-10-21,10102,France,STK003,Set de tasses ceramique,3,17.34,52.019999999999996
INV500545,2023-10-21,10102,France,STK002,Coussin en lin,4,19.05,76.2
INV500546,2023-06-27,10103,Spain,STK007,Panier de rangement,4,19.49,77.96
INV500546,2023-06-27,10103,Spain,STK012,Miroir mural rond,4,35.46,141.84
INV500547,2023-01-09,10104,France,STK004,Plaid tricote,1,40.72,40.72
INV500547,2023-01-09,10104,France,STK011,Plateau en bambou,1,21.35,21.35
INV500547,2023-01-09,10104,France,STK003,Set de tasses ceramique,2,18.06,36.12
INV500548,2023-05-19,10105,Italy,STK001,Lampe de bureau design,5,28.72,143.6
INV500548,2023-05-19,10105,Italy,STK007,Panier de rangement,1,21.85,21.85
INV500548,2023-05-19,10105,Italy,STK011,Plateau en bambou,3,22.6,67.80000000000001
INV500548,2023-05-19,10105,Italy,STK007,Panier de rangement,4,18.7,74.8
INV500549,2023-12-29,10105,Italy,STK011,Plateau en bambou,1,21.81,21.81
INV500549,2023-12-29,10105,Italy,STK009,Vase en verre,1,17.94,17.94
INV500549,2023-12-29,10105,Italy,STK011,Plateau en bambou,3,21.97,65.91
INV500550,2023-07-15,10105,Italy,STK004,Plaid tricote,4,32.65,130.6
INV500550,2023-07-15,10105,Italy,STK008,Tapis de bain,1,27.75,27.75
INV500550,2023-07-15,10105,Italy,STK010,Guirlande lumineuse,3,8.03,24.089999999999996
INV500550,2023-07-15,10105,Italy,STK003,Set de tasses ceramique,5,11.37,56.849999999999994
INV500551,2023-09-28,10105,Italy,STK006,Cadre photo bois,2,10.89,21.78
INV500551,2023-09-28,10105,Italy,STK012,Miroir mural rond,4,41.76,167.04
INV500551,2023-09-28,10105,Italy,STK003,Set de tasses ceramique,4,12.29,49.16
INV500552,2023-09-11,10105,Italy,STK010,Guirlande lumineuse,2,15.03,30.06
INV500553,2023-10-01,10106,France,STK010,Guirlande lumineuse,5,10.13,50.650000000000006
INV500554,2023-03-26,10106,France,STK008,Tapis de bain,2,29.4,58.8
INV500555,2023-12-10,10106,France,STK007,Panier de rangement,1,20.44,20.44
INV500555,2023-12-10,10106,France,STK004,Plaid tricote,2,26.9,53.8
INV500555,2023-12-10,10106,France,STK003,Set de tasses ceramique,3,14.11,42.33
INV500556,2023-03-19,10107,France,STK012,Miroir mural rond,4,40.38,161.52
INV500556,2023-03-19,10107,France,STK004,Plaid tricote,2,21.34,42.68
INV500556,2023-03-19,10107,France,STK012,Miroir mural rond,2,35.88,71.76
INV500556,2023-03-19,10107,France,STK010,Guirlande lumineuse,2,10.25,20.5
INV500557,2023-03-14,10107,France,STK011,Plateau en bambou,3,16.43,49.29
INV500557,2023-03-14,10107,France,STK003,Set de tasses ceramique,4,15.36,61.44
INV500557,2023-03-14,10107,France,STK006,Cadre photo bois,3,10.88,32.64
INV500557,2023-03-14,10107,France,STK004,Plaid tricote,1,39.52,39.52
INV500558,2023-12-16,10107,France,STK001,Lampe de bureau design,5,19.96,99.80000000000001
INV500558,2023-12-16,10107,France,STK007,Panier de rangement,1,18.53,18.53
INV500558,2023-12-16,10107,France,STK012,Miroir mural rond,3,30.2,90.6
INV500559,2023-03-25,10107,France,STK008,Tapis de bain,2,29.71,59.42
INV500559,2023-03-25,10107,France,STK001,Lampe de bureau design,4,26.08,104.32
INV500559,2023-03-25,10107,France,STK002,Coussin en lin,4,17.11,68.44
INV500559,2023-03-25,10107,France,STK011,Plateau en bambou,2,24.72,49.44
INV500560,2023-02-20,10107,France,STK003,Set de tasses ceramique,1,14.27,14.27
INV500560,2023-02-20,10107,France,STK011,Plateau en bambou,1,19.77,19.77
INV500560,2023-02-20,10107,France,STK003,Set de tasses ceramique,2,13.68,27.36
INV500560,2023-02-20,10107,France,STK002,Coussin en lin,4,19.45,77.8
INV500561,2023-02-11,10107,France,STK010,Guirlande lumineuse,5,17.48,87.4
INV500561,2023-02-11,10107,France,STK012,Miroir mural rond,3,38.4,115.19999999999999
INV500561,2023-02-11,10107,France,STK012,Miroir mural rond,4,46.95,187.8
INV500562,2023-06-12,10108,Germany,STK004,Plaid tricote,4,36.89,147.56
INV500562,2023-06-12,10108,Germany,STK010,Guirlande lumineuse,4,14.13,56.52
INV500562,2023-06-12,10108,Germany,STK007,Panier de rangement,2,18.8,37.6
INV500563,2023-11-01,10109,France,STK003,Set de tasses ceramique,5,16.02,80.1
INV500563,2023-11-01,10109,France,STK012,Miroir mural rond,3,31.86,95.58
INV500564,2023-10-20,10109,France,STK012,Miroir mural rond,5,33.23,166.14999999999998
INV500565,2023-10-22,10110,France,STK012,Miroir mural rond,5,35.81,179.05
INV500566,2023-12-28,10110,France,STK002,Coussin en lin,4,18.23,72.92
INV500566,2023-12-28,10110,France,STK003,Set de tasses ceramique,3,15.09,45.269999999999996
INV500567,2023-12-14,10110,France,STK005,Bougie parfumee,4,14.84,59.36
INV500567,2023-12-14,10110,France,STK007,Panier de rangement,1,22.37,22.37
INV500567,2023-12-14,10110,France,STK004,Plaid tricote,2,30.44,60.88
INV500568,2023-07-06,10110,France,STK011,Plateau en bambou,4,18.68,74.72
INV500568,2023-07-06,10110,France,STK008,Tapis de bain,4,30.56,122.24
INV500568,2023-07-06,10110,France,STK004,Plaid tricote,5,25.34,126.7
INV500569,2023-08-02,10110,France,STK011,Plateau en bambou,5,22.34,111.7
INV500569,2023-08-02,10110,France,STK009,Vase en verre,2,14.52,29.04
INV500569,2023-08-02,10110,France,STK009,Vase en verre,5,19.17,95.85000000000001
INV500569,2023-08-02,10110,France,STK007,Panier de rangement,5,27.95,139.75
INV500570,2023-11-18,10110,France,STK010,Guirlande lumineuse,4,16.03,64.12
INV500570,2023-11-18,10110,France,STK008,Tapis de bain,1,25.12,25.12
INV500570,2023-11-18,10110,France,STK002,Coussin en lin,5,22.79,113.94999999999999
INV500571,2023-07-28,10111,France,STK002,Coussin en lin,1,21.74,21.74
INV500572,2023-02-27,10111,France,STK011,Plateau en bambou,5,23.05,115.25
INV500572,2023-02-27,10111,France,STK008,Tapis de bain,4,30.47,121.88
INV500572,2023-02-27,10111,France,STK011,Plateau en bambou,1,19.53,19.53
INV500572,2023-02-27,10111,France,STK007,Panier de rangement,3,23.16,69.48
INV500573,2023-03-11,10111,France,STK006,Cadre photo bois,4,11.08,44.32
INV500573,2023-03-11,10111,France,STK003,Set de tasses ceramique,4,13.54,54.16
INV500574,2023-05-28,10111,France,STK010,Guirlande lumineuse,4,12.68,50.72
INV500574,2023-05-28,10111,France,STK011,Plateau en bambou,4,24.47,97.88
INV500575,2023-06-26,10112,France,STK009,Vase en verre,1,14.96,14.96
INV500575,2023-06-26,10112,France,STK007,Panier de rangement,2,23.65,47.3
INV500575,2023-06-26,10112,France,STK002,Coussin en lin,2,17.88,35.76
INV500575,2023-06-26,10112,France,STK012,Miroir mural rond,2,42.26,84.52
INV500576,2023-10-13,10112,France,STK003,Set de tasses ceramique,5,15.97,79.85000000000001
INV500576,2023-10-13,10112,France,STK002,Coussin en lin,2,19.33,38.66
INV500576,2023-10-13,10112,France,STK002,Coussin en lin,5,16.38,81.89999999999999
INV500576,2023-10-13,10112,France,STK001,Lampe de bureau design,5,26.59,132.95
INV500577,2023-10-24,10112,France,STK012,Miroir mural rond,5,40.1,200.5
INV500577,2023-10-24,10112,France,STK012,Miroir mural rond,3,36.98,110.94
INV500577,2023-10-24,10112,France,STK012,Miroir mural rond,3,33.94,101.82
INV500578,2023-09-22,10112,France,STK006,Cadre photo bois,4,9.11,36.44
INV500578,2023-09-22,10112,France,STK010,Guirlande lumineuse,5,11.33,56.65
INV500579,2023-02-20,10112,France,STK010,Guirlande lumineuse,1,17.0,17.0
INV500579,2023-02-20,10112,France,STK007,Panier de rangement,2,19.67,39.34
INV500580,2023-09-05,10112,France,STK001,Lampe de bureau design,1,24.96,24.96
INV500580,2023-09-05,10112,France,STK001,Lampe de bureau design,4,30.42,121.68
INV500580,2023-09-05,10112,France,STK005,Bougie parfumee,1,16.13,16.13
INV500580,2023-09-05,10112,France,STK010,Guirlande lumineuse,1,15.52,15.52
INV500581,2023-06-28,10112,France,STK001,Lampe de bureau design,1,27.36,27.36
INV500581,2023-06-28,10112,France,STK012,Miroir mural rond,3,43.64,130.92000000000002
INV500581,2023-06-28,10112,France,STK010,Guirlande lumineuse,3,12.46,37.38
INV500582,2023-10-19,10112,France,STK001,Lampe de bureau design,2,27.33,54.66
INV500582,2023-10-19,10112,France,STK003,Set de tasses ceramique,1,14.26,14.26
INV500582,2023-10-19,10112,France,STK009,Vase en verre,4,23.87,95.48
INV500583,2023-02-25,10113,France,STK009,Vase en verre,1,21.55,21.55
INV500583,2023-02-25,10113,France,STK005,Bougie parfumee,3,11.23,33.69
INV500583,2023-02-25,10113,France,STK007,Panier de rangement,3,20.56,61.67999999999999
INV500583,2023-02-25,10113,France,STK008,Tapis de bain,2,28.19,56.38
INV500584,2023-06-22,10113,France,STK011,Plateau en bambou,3,18.84,56.519999999999996
INV500584,2023-06-22,10113,France,STK012,Miroir mural rond,3,42.34,127.02000000000001
INV500584,2023-06-22,10113,France,STK008,Tapis de bain,4,32.89,131.56
INV500584,2023-06-22,10113,France,STK010,Guirlande lumineuse,3,16.2,48.599999999999994
INV500585,2023-06-05,10113,France,STK001,Lampe de bureau design,2,26.57,53.14
INV500585,2023-06-05,10113,France,STK011,Plateau en bambou,4,27.74,110.96
INV500585,2023-06-05,10113,France,STK009,Vase en verre,2,21.58,43.16
INV500586,2023-06-12,10113,France,STK006,Cadre photo bois,5,9.54,47.699999999999996
INV500586,2023-06-12,10113,France,STK002,Coussin en lin,5,20.66,103.3
INV500586,2023-06-12,10113,France,STK005,Bougie parfumee,1,12.29,12.29
INV500586,2023-06-12,10113,France,STK005,Bougie parfumee,1,10.13,10.13
INV500587,2023-05-08,10113,France,STK001,Lampe de bureau design,1,25.38,25.38
INV500587,2023-05-08,10113,France,STK010,Guirlande lumineuse,1,17.69,17.69
INV500588,2023-12-16,10114,Germany,STK008,Tapis de bain,5,26.81,134.04999999999998
INV500588,2023-12-16,10114,Germany,STK004,Plaid tricote,4,21.77,87.08
INV500588,2023-12-16,10114,Germany,STK007,Panier de rangement,3,15.75,47.25
INV500589,2023-02-14,10114,Germany,STK012,Miroir mural rond,3,39.79,119.37
INV500590,2023-10-19,10114,Germany,STK011,Plateau en bambou,5,24.99,124.94999999999999
INV500590,2023-10-19,10114,Germany,STK001,Lampe de bureau design,4,22.87,91.48
INV500591,2023-02-26,10114,Germany,STK009,Vase en verre,1,19.27,19.27
INV500592,2023-11-05,10114,Germany,STK004,Plaid tricote,3,28.5,85.5
INV500592,2023-11-05,10114,Germany,STK011,Plateau en bambou,3,20.12,60.36
INV500593,2023-11-26,10114,Germany,STK006,Cadre photo bois,4,9.52,38.08
INV500593,2023-11-26,10114,Germany,STK009,Vase en verre,5,18.31,91.55
INV500593,2023-11-26,10114,Germany,STK008,Tapis de bain,2,26.4,52.8
INV500593,2023-11-26,10114,Germany,STK003,Set de tasses ceramique,2,13.87,27.74
INV500594,2023-03-28,10114,Germany,STK001,Lampe de bureau design,3,26.38,79.14
INV500594,2023-03-28,10114,Germany,STK009,Vase en verre,3,18.12,54.36
INV500594,2023-03-28,10114,Germany,STK003,Set de tasses ceramique,3,15.59,46.769999999999996
INV500594,2023-03-28,10114,Germany,STK001,Lampe de bureau design,5,26.09,130.45
INV500595,2023-12-02,10114,Germany,STK010,Guirlande lumineuse,2,13.65,27.3
INV500595,2023-12-02,10114,Germany,STK005,Bougie parfumee,2,11.25,22.5
INV500595,2023-12-02,10114,Germany,STK010,Guirlande lumineuse,2,12.94,25.88
INV500595,2023-12-02,10114,Germany,STK008,Tapis de bain,3,31.86,95.58
INV500596,2023-07-27,10114,Germany,STK007,Panier de rangement,2,16.11,32.22
INV500596,2023-07-27,10114,Germany,STK006,Cadre photo bois,3,11.21,33.63
INV500596,2023-07-27,10114,Germany,STK003,Set de tasses ceramique,4,13.15,52.6
INV500597,2023-06-10,10114,Germany,STK008,Tapis de bain,2,28.47,56.94
INV500597,2023-06-10,10114,Germany,STK010,Guirlande lumineuse,2,12.24,24.48
INV500597,2023-06-10,10114,Germany,STK001,Lampe de bureau design,1,23.89,23.89
INV500598,2023-12-22,10114,Germany,STK010,Guirlande lumineuse,1,9.61,9.61
INV500598,2023-12-22,10114,Germany,STK012,Miroir mural rond,1,31.84,31.84
INV500598,2023-12-22,10114,Germany,STK011,Plateau en bambou,2,27.01,54.02
INV500599,2023-07-08,10114,Germany,STK009,Vase en verre,3,18.41,55.230000000000004
INV500600,2023-04-30,10114,Germany,STK010,Guirlande lumineuse,4,13.54,54.16
INV500600,2023-04-30,10114,Germany,STK007,Panier de rangement,3,18.13,54.39
INV500600,2023-04-30,10114,Germany,STK007,Panier de rangement,1,22.39,22.39
INV500601,2023-06-18,10114,Germany,STK011,Plateau en bambou,2,29.29,58.58
INV500601,2023-06-18,10114,Germany,STK010,Guirlande lumineuse,4,11.55,46.2
INV500601,2023-06-18,10114,Germany,STK008,Tapis de bain,5,27.32,136.6
INV500601,2023-06-18,10114,Germany,STK006,Cadre photo bois,5,9.67,48.35
INV500602,2023-12-07,10114,Germany,STK009,Vase en verre,3,19.65,58.949999999999996
INV500602,2023-12-07,10114,Germany,STK002,Coussin en lin,3,21.03,63.09
INV500602,2023-12-07,10114,Germany,STK001,Lampe de bureau design,3,24.85,74.55000000000001
INV500603,2023-12-27,10114,Germany,STK011,Plateau en bambou,2,23.82,47.64
INV500604,2023-08-02,10114,Germany,STK012,Miroir mural rond,3,42.78,128.34
INV500604,2023-08-02,10114,Germany,STK002,Coussin en lin,5,20.63,103.14999999999999
INV500604,2023-08-02,10114,Germany,STK010,Guirlande lumineuse,3,14.35,43.05
INV500604,2023-08-02,10114,Germany,STK012,Miroir mural rond,1,47.81,47.81
INV500605,2023-08-14,10114,Germany,STK009,Vase en verre,3,19.21,57.63
INV500606,2023-09-16,10114,Germany,STK010,Guirlande lumineuse,3,14.77,44.31
INV500606,2023-09-16,10114,Germany,STK006,Cadre photo bois,3,10.79,32.37
INV500606,2023-09-16,10114,Germany,STK001,Lampe de bureau design,4,17.55,70.2
INV500606,2023-09-16,10114,Germany,STK011,Plateau en bambou,5,22.54,112.69999999999999
INV500607,2023-09-09,10115,Italy,STK008,Tapis de bain,5,30.12,150.6
INV500607,2023-09-09,10115,Italy,STK010,Guirlande lumineuse,4,14.52,58.08
INV500607,2023-09-09,10115,Italy,STK010,Guirlande lumineuse,1,12.88,12.88
INV500608,2023-01-30,10115,Italy,STK003,Set de tasses ceramique,1,17.74,17.74
INV500608,2023-01-30,10115,Italy,STK005,Bougie parfumee,1,15.42,15.42
INV500608,2023-01-30,10115,Italy,STK004,Plaid tricote,1,36.29,36.29
INV500609,2023-06-15,10115,Italy,STK006,Cadre photo bois,4,9.77,39.08
INV500609,2023-06-15,10115,Italy,STK008,Tapis de bain,2,25.2,50.4
INV500610,2023-02-20,10115,Italy,STK009,Vase en verre,4,23.0,92.0
INV500610,2023-02-20,10115,Italy,STK002,Coussin en lin,3,18.81,56.42999999999999
INV500611,2023-05-14,10116,France,STK010,Guirlande lumineuse,3,17.71,53.13
INV500612,2023-03-26,10116,France,STK010,Guirlande lumineuse,5,14.87,74.35
INV500612,2023-03-26,10116,France,STK001,Lampe de bureau design,5,25.5,127.5
INV500612,2023-03-26,10116,France,STK005,Bougie parfumee,2,12.96,25.92
INV500612,2023-03-26,10116,France,STK005,Bougie parfumee,4,12.01,48.04
INV500613,2023-07-09,10116,France,STK003,Set de tasses ceramique,2,13.66,27.32
INV500613,2023-07-09,10116,France,STK005,Bougie parfumee,3,13.04,39.12
INV500614,2023-05-09,10116,France,STK008,Tapis de bain,5,36.41,182.04999999999998
INV500615,2023-03-28,10117,Belgium,STK012,Miroir mural rond,4,41.73,166.92
INV500616,2023-09-14,10117,Belgium,STK001,Lampe de bureau design,1,25.85,25.85
INV500616,2023-09-14,10117,Belgium,STK005,Bougie parfumee,3,11.31,33.93
INV500616,2023-09-14,10117,Belgium,STK010,Guirlande lumineuse,2,12.56,25.12
INV500617,2023-12-22,10117,Belgium,STK005,Bougie parfumee,3,12.98,38.94
INV500617,2023-12-22,10117,Belgium,STK005,Bougie parfumee,3,8.8,26.400000000000002
INV500617,2023-12-22,10117,Belgium,STK006,Cadre photo bois,3,9.52,28.56
INV500618,2023-03-14,10117,Belgium,STK001,Lampe de bureau design,5,23.46,117.30000000000001
INV500618,2023-03-14,10117,Belgium,STK010,Guirlande lumineuse,5,16.72,83.6
INV500618,2023-03-14,10117,Belgium,STK001,Lampe de bureau design,5,24.6,123.0
INV500619,2023-04-07,10117,Belgium,STK005,Bougie parfumee,5,10.76,53.8
INV500620,2023-10-10,10117,Belgium,STK006,Cadre photo bois,1,11.13,11.13
INV500620,2023-10-10,10117,Belgium,STK012,Miroir mural rond,2,36.21,72.42
INV500621,2023-06-08,10117,Belgium,STK005,Bougie parfumee,2,13.07,26.14
INV500621,2023-06-08,10117,Belgium,STK001,Lampe de bureau design,1,27.11,27.11
INV500622,2023-02-02,10117,Belgium,STK004,Plaid tricote,2,31.25,62.5
INV500623,2023-12-03,10117,Belgium,STK002,Coussin en lin,5,16.23,81.15
INV500623,2023-12-03,10117,Belgium,STK011,Plateau en bambou,2,20.4,40.8
INV500624,2023-04-02,10117,Belgium,STK002,Coussin en lin,1,18.99,18.99
INV500624,2023-04-02,10117,Belgium,STK006,Cadre photo bois,5,6.64,33.199999999999996
INV500624,2023-04-02,10117,Belgium,STK012,Miroir mural rond,4,38.47,153.88
INV500625,2023-07-27,10117,Belgium,STK002,Coussin en lin,1,24.64,24.64
INV500626,2023-10-30,10117,Belgium,STK007,Panier de rangement,2,17.06,34.12
INV500626,2023-10-30,10117,Belgium,STK010,Guirlande lumineuse,3,16.73,50.19
INV500626,2023-10-30,10117,Belgium,STK005,Bougie parfumee,1,12.5,12.5
INV500627,2023-11-06,10117,Belgium,STK003,Set de tasses ceramique,4,14.28,57.12
INV500627,2023-11-06,10117,Belgium,STK003,Set de tasses ceramique,4,13.42,53.68
INV500627,2023-11-06,10117,Belgium,STK005,Bougie parfumee,1,14.77,14.77
INV500628,2023-06-07,10118,Portugal,STK001,Lampe de bureau design,3,22.98,68.94
INV500628,2023-06-07,10118,Portugal,STK005,Bougie parfumee,5,11.55,57.75
INV500629,2023-05-29,10118,Portugal,STK005,Bougie parfumee,5,12.76,63.8
INV500629,2023-05-29,10118,Portugal,STK012,Miroir mural rond,4,40.15,160.6
INV500629,2023-05-29,10118,Portugal,STK006,Cadre photo bois,4,8.32,33.28
INV500630,2023-05-25,10119,France,STK002,Coussin en lin,4,17.27,69.08
INV500630,2023-05-25,10119,France,STK009,Vase en verre,4,18.57,74.28
INV500631,2023-04-24,10119,France,STK010,Guirlande lumineuse,4,11.72,46.88
INV500631,2023-04-24,10119,France,STK006,Cadre photo bois,2,9.28,18.56
INV500631,2023-04-24,10119,France,STK007,Panier de rangement,2,22.14,44.28
INV500631,2023-04-24,10119,France,STK009,Vase en verre,3,15.6,46.8
INV500632,2023-01-20,10119,France,STK006,Cadre photo bois,2,11.61,23.22
INV500633,2023-09-20,10119,France,STK011,Plateau en bambou,3,20.25,60.75
INV500633,2023-09-20,10119,France,STK009,Vase en verre,4,21.16,84.64
INV500633,2023-09-20,10119,France,STK004,Plaid tricote,3,26.55,79.65
INV500634,2023-01-25,10119,France,STK012,Miroir mural rond,2,45.06,90.12
INV500634,2023-01-25,10119,France,STK006,Cadre photo bois,1,11.4,11.4
INV500634,2023-01-25,10119,France,STK005,Bougie parfumee,4,11.18,44.72
INV500635,2023-03-13,10120,Germany,STK001,Lampe de bureau design,2,27.46,54.92
INV500635,2023-03-13,10120,Germany,STK004,Plaid tricote,5,25.27,126.35
INV500636,2023-11-16,10120,Germany,STK003,Set de tasses ceramique,1,14.31,14.31
INV500636,2023-11-16,10120,Germany,STK004,Plaid tricote,2,32.04,64.08
INV500636,2023-11-16,10120,Germany,STK011,Plateau en bambou,4,18.74,74.96
INV500636,2023-11-16,10120,Germany,STK006,Cadre photo bois,5,8.74,43.7
INV500637,2023-10-08,10120,Germany,STK009,Vase en verre,2,18.12,36.24
INV500637,2023-10-08,10120,Germany,STK008,Tapis de bain,4,36.81,147.24
INV500637,2023-10-08,10120,Germany,STK009,Vase en verre,5,20.86,104.3
INV500637,2023-10-08,10120,Germany,STK003,Set de tasses ceramique,1,17.43,17.43
INV500638,2023-08-07,10120,Germany,STK003,Set de tasses ceramique,5,15.46,77.30000000000001
INV500639,2023-11-26,10120,Germany,STK007,Panier de rangement,2,21.32,42.64
INV500639,2023-11-26,10120,Germany,STK003,Set de tasses ceramique,3,12.64,37.92
INV500639,2023-11-26,10120,Germany,STK001,Lampe de bureau design,4,21.86,87.44
INV500639,2023-11-26,10120,Germany,STK012,Miroir mural rond,2,38.13,76.26
INV500640,2023-04-30,10120,Germany,STK005,Bougie parfumee,2,13.44,26.88
INV500640,2023-04-30,10120,Germany,STK012,Miroir mural rond,2,48.46,96.92
INV500640,2023-04-30,10120,Germany,STK011,Plateau en bambou,3,18.59,55.769999999999996
INV500641,2023-01-05,10120,Germany,STK009,Vase en verre,5,19.76,98.80000000000001
INV500641,2023-01-05,10120,Germany,STK009,Vase en verre,5,18.17,90.85000000000001
INV500641,2023-01-05,10120,Germany,STK010,Guirlande lumineuse,3,13.19,39.57
INV500641,2023-01-05,10120,Germany,STK008,Tapis de bain,3,28.4,85.19999999999999
INV500642,2023-11-14,10120,Germany,STK012,Miroir mural rond,1,38.35,38.35
INV500642,2023-11-14,10120,Germany,STK006,Cadre photo bois,2,11.45,22.9
INV500642,2023-11-14,10120,Germany,STK009,Vase en verre,1,22.33,22.33
INV500642,2023-11-14,10120,Germany,STK003,Set de tasses ceramique,3,14.12,42.36
INV500643,2023-09-27,10120,Germany,STK010,Guirlande lumineuse,3,13.81,41.43
INV500644,2023-06-21,10120,Germany,STK003,Set de tasses ceramique,5,14.09,70.45
INV500644,2023-06-21,10120,Germany,STK008,Tapis de bain,2,22.48,44.96
INV500645,2023-09-10,10120,Germany,STK010,Guirlande lumineuse,2,13.17,26.34
INV500645,2023-09-10,10120,Germany,STK012,Miroir mural rond,1,35.37,35.37
INV500646,2023-01-13,10121,France,STK011,Plateau en bambou,2,27.12,54.24
INV500647,2023-11-15,10121,France,STK005,Bougie parfumee,2,11.49,22.98
INV500647,2023-11-15,10121,France,STK003,Set de tasses ceramique,5,15.39,76.95
INV500647,2023-11-15,10121,France,STK010,Guirlande lumineuse,5,12.17,60.85
INV500647,2023-11-15,10121,France,STK007,Panier de rangement,5,22.49,112.44999999999999
INV500648,2023-08-22,10121,France,STK012,Miroir mural rond,2,27.33,54.66
INV500648,2023-08-22,10121,France,STK001,Lampe de bureau design,3,29.44,88.32000000000001
INV500648,2023-08-22,10121,France,STK001,Lampe de bureau design,2,25.66,51.32
INV500649,2023-10-14,10121,France,STK002,Coussin en lin,5,15.38,76.9
INV500650,2023-10-02,10121,France,STK012,Miroir mural rond,4,37.85,151.4
INV500650,2023-10-02,10121,France,STK001,Lampe de bureau design,5,22.55,112.75
INV500650,2023-10-02,10121,France,STK009,Vase en verre,3,21.16,63.480000000000004
INV500651,2023-11-14,10121,France,STK008,Tapis de bain,4,22.24,88.96
INV500651,2023-11-14,10121,France,STK003,Set de tasses ceramique,5,14.24,71.2
INV500651,2023-11-14,10121,France,STK009,Vase en verre,5,20.85,104.25
INV500651,2023-11-14,10121,France,STK003,Set de tasses ceramique,5,11.64,58.2
INV500652,2023-08-26,10121,France,STK009,Vase en verre,1,19.42,19.42
INV500653,2023-02-24,10122,Italy,STK012,Miroir mural rond,1,46.29,46.29
INV500653,2023-02-24,10122,Italy,STK008,Tapis de bain,2,27.16,54.32
INV500653,2023-02-24,10122,Italy,STK010,Guirlande lumineuse,5,15.3,76.5
INV500653,2023-02-24,10122,Italy,STK010,Guirlande lumineuse,5,13.93,69.65
INV500654,2023-04-21,10122,Italy,STK008,Tapis de bain,1,28.65,28.65
INV500654,2023-04-21,10122,Italy,STK004,Plaid tricote,2,31.77,63.54
INV500655,2023-04-08,10122,Italy,STK008,Tapis de bain,3,24.14,72.42
INV500655,2023-04-08,10122,Italy,STK004,Plaid tricote,4,39.25,157.0
INV500655,2023-04-08,10122,Italy,STK012,Miroir mural rond,5,36.84,184.20000000000002
INV500655,2023-04-08,10122,Italy,STK009,Vase en verre,3,18.53,55.59
INV500656,2023-05-16,10122,Italy,STK006,Cadre photo bois,5,11.06,55.300000000000004
INV500656,2023-05-16,10122,Italy,STK010,Guirlande lumineuse,2,13.31,26.62
INV500657,2023-05-12,10122,Italy,STK005,Bougie parfumee,4,14.86,59.44
INV500657,2023-05-12,10122,Italy,STK010,Guirlande lumineuse,4,11.2,44.8
INV500657,2023-05-12,10122,Italy,STK007,Panier de rangement,2,19.19,38.38
INV500658,2023-07-16,10123,Belgium,STK007,Panier de rangement,2,21.75,43.5
INV500658,2023-07-16,10123,Belgium,STK002,Coussin en lin,5,17.55,87.75
INV500658,2023-07-16,10123,Belgium,STK006,Cadre photo bois,2,7.61,15.22
INV500659,2023-01-14,10124,Italy,STK002,Coussin en lin,1,18.39,18.39
INV500660,2023-01-13,10124,Italy,STK002,Coussin en lin,2,20.54,41.08
INV500660,2023-01-13,10124,Italy,STK006,Cadre photo bois,5,11.62,58.099999999999994
INV500660,2023-01-13,10124,Italy,STK003,Set de tasses ceramique,1,14.87,14.87
INV500661,2023-08-29,10124,Italy,STK002,Coussin en lin,3,18.32,54.96
INV500661,2023-08-29,10124,Italy,STK007,Panier de rangement,1,19.42,19.42
INV500661,2023-08-29,10124,Italy,STK001,Lampe de bureau design,5,28.0,140.0
INV500661,2023-08-29,10124,Italy,STK010,Guirlande lumineuse,2,18.66,37.32
INV500662,2023-01-01,10124,Italy,STK002,Coussin en lin,2,15.3,30.6
INV500663,2023-01-19,10124,Italy,STK005,Bougie parfumee,5,10.63,53.150000000000006
INV500664,2023-09-04,10125,Spain,STK006,Cadre photo bois,4,8.93,35.72
INV500665,2023-05-14,10125,Spain,STK003,Set de tasses ceramique,4,12.63,50.52
INV500666,2023-06-04,10125,Spain,STK011,Plateau en bambou,3,18.12,54.36
INV500666,2023-06-04,10125,Spain,STK003,Set de tasses ceramique,5,15.39,76.95
INV500667,2023-12-13,10125,Spain,STK006,Cadre photo bois,2,9.41,18.82
INV500667,2023-12-13,10125,Spain,STK009,Vase en verre,3,17.73,53.19
INV500667,2023-12-13,10125,Spain,STK004,Plaid tricote,5,25.25,126.25
INV500668,2023-10-25,10125,Spain,STK007,Panier de rangement,4,20.91,83.64
INV500668,2023-10-25,10125,Spain,STK010,Guirlande lumineuse,2,14.58,29.16
INV500668,2023-10-25,10125,Spain,STK001,Lampe de bureau design,3,15.61,46.83
INV500669,2023-02-14,10126,Italy,STK004,Plaid tricote,5,35.56,177.8
INV500669,2023-02-14,10126,Italy,STK007,Panier de rangement,1,16.32,16.32
INV500669,2023-02-14,10126,Italy,STK001,Lampe de bureau design,4,26.57,106.28
INV500669,2023-02-14,10126,Italy,STK012,Miroir mural rond,3,48.04,144.12
INV500670,2023-02-07,10126,Italy,STK010,Guirlande lumineuse,2,13.8,27.6
INV500670,2023-02-07,10126,Italy,STK003,Set de tasses ceramique,5,17.65,88.25
INV500670,2023-02-07,10126,Italy,STK006,Cadre photo bois,3,8.49,25.47
INV500671,2023-09-29,10126,Italy,STK001,Lampe de bureau design,5,27.8,139.0
INV500671,2023-09-29,10126,Italy,STK010,Guirlande lumineuse,4,16.39,65.56
INV500671,2023-09-29,10126,Italy,STK012,Miroir mural rond,5,42.6,213.0
INV500671,2023-09-29,10126,Italy,STK010,Guirlande lumineuse,1,12.53,12.53
INV500672,2023-04-09,10126,Italy,STK002,Coussin en lin,4,14.53,58.12
INV500672,2023-04-09,10126,Italy,STK003,Set de tasses ceramique,1,14.7,14.7
INV500672,2023-04-09,10126,Italy,STK007,Panier de rangement,2,21.78,43.56
INV500673,2023-11-23,10126,Italy,STK004,Plaid tricote,2,31.88,63.76
INV500673,2023-11-23,10126,Italy,STK004,Plaid tricote,4,35.3,141.2
INV500674,2023-10-06,10126,Italy,STK003,Set de tasses ceramique,4,17.23,68.92
INV500674,2023-10-06,10126,Italy,STK002,Coussin en lin,4,21.7,86.8
INV500674,2023-10-06,10126,Italy,STK004,Plaid tricote,2,37.2,74.4
INV500674,2023-10-06,10126,Italy,STK009,Vase en verre,2,22.33,44.66
INV500675,2023-08-24,10126,Italy,STK009,Vase en verre,2,20.04,40.08
INV500675,2023-08-24,10126,Italy,STK004,Plaid tricote,2,32.84,65.68
INV500676,2023-12-15,10126,Italy,STK008,Tapis de bain,2,26.67,53.34
INV500676,2023-12-15,10126,Italy,STK006,Cadre photo bois,4,8.7,34.8
INV500676,2023-12-15,10126,Italy,STK006,Cadre photo bois,2,7.59,15.18
INV500676,2023-12-15,10126,Italy,STK001,Lampe de bureau design,2,26.43,52.86
INV500677,2023-03-24,10126,Italy,STK001,Lampe de bureau design,1,20.47,20.47
INV500677,2023-03-24,10126,Italy,STK001,Lampe de bureau design,3,18.62,55.86
INV500678,2023-12-06,10127,France,STK003,Set de tasses ceramique,4,19.06,76.24
INV500679,2023-11-09,10128,Germany,STK009,Vase en verre,3,23.12,69.36
INV500679,2023-11-09,10128,Germany,STK010,Guirlande lumineuse,4,12.92,51.68
INV500679,2023-11-09,10128,Germany,STK011,Plateau en bambou,1,18.88,18.88
INV500680,2023-11-05,10128,Germany,STK003,Set de tasses ceramique,1,15.21,15.21
INV500680,2023-11-05,10128,Germany,STK002,Coussin en lin,5,21.03,105.15
INV500681,2023-10-10,10128,Germany,STK007,Panier de rangement,1,23.03,23.03
INV500681,2023-10-10,10128,Germany,STK007,Panier de rangement,5,19.49,97.44999999999999
INV500682,2023-05-12,10128,Germany,STK008,Tapis de bain,3,22.79,68.37
INV500683,2023-05-02,10128,Germany,STK001,Lampe de bureau design,5,29.51,147.55
INV500683,2023-05-02,10128,Germany,STK008,Tapis de bain,5,23.57,117.85
INV500683,2023-05-02,10128,Germany,STK007,Panier de rangement,4,21.09,84.36
INV500683,2023-05-02,10128,Germany,STK005,Bougie parfumee,1,14.87,14.87
INV500684,2023-12-26,10128,Germany,STK009,Vase en verre,3,18.97,56.91
INV500685,2023-12-18,10128,Germany,STK005,Bougie parfumee,5,10.92,54.6
INV500685,2023-12-18,10128,Germany,STK011,Plateau en bambou,4,22.47,89.88
INV500685,2023-12-18,10128,Germany,STK009,Vase en verre,3,22.65,67.94999999999999
INV500686,2023-12-27,10129,France,STK011,Plateau en bambou,2,26.27,52.54
INV500686,2023-12-27,10129,France,STK003,Set de tasses ceramique,1,13.51,13.51
INV500686,2023-12-27,10129,France,STK002,Coussin en lin,1,17.3,17.3
INV500687,2023-12-17,10129,France,STK005,Bougie parfumee,4,12.84,51.36
INV500687,2023-12-17,10129,France,STK006,Cadre photo bois,3,7.21,21.63
INV500687,2023-12-17,10129,France,STK004,Plaid tricote,2,34.03,68.06
INV500688,2023-08-06,10129,France,STK009,Vase en verre,5,16.72,83.6
INV500688,2023-08-06,10129,France,STK011,Plateau en bambou,5,17.79,88.94999999999999
INV500688,2023-08-06,10129,France,STK001,Lampe de bureau design,2,30.48,60.96
INV500688,2023-08-06,10129,France,STK011,Plateau en bambou,3,22.56,67.67999999999999
INV500689,2023-02-16,10130,France,STK003,Set de tasses ceramique,3,11.9,35.7
INV500689,2023-02-16,10130,France,STK002,Coussin en lin,4,19.92,79.68
INV500690,2023-06-24,10130,France,STK001,Lampe de bureau design,3,19.36,58.08
INV500690,2023-06-24,10130,France,STK010,Guirlande lumineuse,3,14.42,43.26
INV500690,2023-06-24,10130,France,STK012,Miroir mural rond,3,43.14,129.42000000000002
INV500690,2023-06-24,10130,France,STK012,Miroir mural rond,4,39.01,156.04
INV500691,2023-02-04,10130,France,STK007,Panier de rangement,1,19.36,19.36
INV500692,2023-01-29,10130,France,STK010,Guirlande lumineuse,3,15.08,45.24
INV500692,2023-01-29,10130,France,STK011,Plateau en bambou,1,20.42,20.42
INV500692,2023-01-29,10130,France,STK009,Vase en verre,1,16.53,16.53
INV500693,2023-04-23,10130,France,STK011,Plateau en bambou,1,18.41,18.41
INV500693,2023-04-23,10130,France,STK012,Miroir mural rond,1,36.67,36.67
INV500693,2023-04-23,10130,France,STK004,Plaid tricote,5,23.9,119.5
INV500694,2023-12-07,10131,France,STK007,Panier de rangement,1,16.15,16.15
INV500694,2023-12-07,10131,France,STK008,Tapis de bain,3,32.27,96.81
INV500694,2023-12-07,10131,France,STK008,Tapis de bain,5,25.39,126.95
INV500694,2023-12-07,10131,France,STK010,Guirlande lumineuse,4,14.03,56.12
INV500695,2023-10-28,10131,France,STK003,Set de tasses ceramique,1,12.8,12.8
INV500695,2023-10-28,10131,France,STK012,Miroir mural rond,5,38.0,190.0
INV500695,2023-10-28,10131,France,STK001,Lampe de bureau design,4,31.68,126.72
INV500695,2023-10-28,10131,France,STK001,Lampe de bureau design,5,25.41,127.05
INV500696,2023-09-11,10132,Belgium,STK011,Plateau en bambou,2,20.42,40.84
INV500696,2023-09-11,10132,Belgium,STK005,Bougie parfumee,3,14.07,42.21
INV500696,2023-09-11,10132,Belgium,STK009,Vase en verre,4,23.13,92.52
INV500697,2023-03-14,10132,Belgium,STK001,Lampe de bureau design,3,33.86,101.58
INV500697,2023-03-14,10132,Belgium,STK002,Coussin en lin,5,22.74,113.69999999999999
INV500698,2023-03-24,10132,Belgium,STK003,Set de tasses ceramique,5,16.13,80.64999999999999
INV500698,2023-03-24,10132,Belgium,STK005,Bougie parfumee,2,13.5,27.0
INV500698,2023-03-24,10132,Belgium,STK004,Plaid tricote,4,27.22,108.88
INV500699,2023-03-28,10132,Belgium,STK010,Guirlande lumineuse,3,12.06,36.18
INV500700,2023-10-05,10133,Belgium,STK010,Guirlande lumineuse,1,9.78,9.78
INV500700,2023-10-05,10133,Belgium,STK003,Set de tasses ceramique,1,14.78,14.78
INV500700,2023-10-05,10133,Belgium,STK009,Vase en verre,4,14.93,59.72
INV500701,2023-02-24,10133,Belgium,STK004,Plaid tricote,1,31.33,31.33
INV500701,2023-02-24,10133,Belgium,STK010,Guirlande lumineuse,2,14.76,29.52
INV500701,2023-02-24,10133,Belgium,STK004,Plaid tricote,3,37.85,113.55000000000001
INV500702,2023-07-28,10133,Belgium,STK009,Vase en verre,2,16.01,32.02
INV500702,2023-07-28,10133,Belgium,STK006,Cadre photo bois,5,8.43,42.15
INV500703,2023-03-21,10133,Belgium,STK002,Coussin en lin,2,17.88,35.76
INV500703,2023-03-21,10133,Belgium,STK005,Bougie parfumee,1,12.65,12.65
INV500704,2023-06-17,10134,Netherlands,STK006,Cadre photo bois,1,9.36,9.36
INV500705,2023-07-21,10135,France,STK007,Panier de rangement,3,21.69,65.07000000000001
INV500706,2023-09-18,10135,France,STK004,Plaid tricote,2,28.61,57.22
INV500706,2023-09-18,10135,France,STK012,Miroir mural rond,4,37.36,149.44
INV500706,2023-09-18,10135,France,STK011,Plateau en bambou,4,22.08,88.32
INV500707,2023-08-26,10135,France,STK005,Bougie parfumee,5,14.06,70.3
INV500708,2023-11-06,10135,France,STK010,Guirlande lumineuse,5,12.45,62.25
INV500709,2023-08-29,10135,France,STK003,Set de tasses ceramique,4,14.83,59.32
INV500709,2023-08-29,10135,France,STK009,Vase en verre,1,20.07,20.07
INV500710,2023-07-08,10135,France,STK003,Set de tasses ceramique,4,16.09,64.36
INV500710,2023-07-08,10135,France,STK006,Cadre photo bois,5,6.67,33.35
INV500710,2023-07-08,10135,France,STK003,Set de tasses ceramique,1,13.37,13.37
INV500710,2023-07-08,10135,France,STK012,Miroir mural rond,3,48.79,146.37
INV500711,2023-04-16,10136,France,STK001,Lampe de bureau design,3,27.62,82.86
INV500711,2023-04-16,10136,France,STK002,Coussin en lin,3,16.93,50.79
INV500711,2023-04-16,10136,France,STK007,Panier de rangement,1,20.75,20.75
INV500712,2023-08-01,10137,France,STK004,Plaid tricote,5,29.76,148.8
INV500712,2023-08-01,10137,France,STK008,Tapis de bain,1,29.19,29.19
INV500713,2023-04-30,10137,France,STK002,Coussin en lin,2,16.8,33.6
INV500714,2023-03-15,10138,Spain,STK008,Tapis de bain,5,29.65,148.25
INV500714,2023-03-15,10138,Spain,STK002,Coussin en lin,5,20.17,100.85000000000001
INV500715,2023-09-10,10138,Spain,STK002,Coussin en lin,2,17.71,35.42
INV500715,2023-09-10,10138,Spain,STK005,Bougie parfumee,5,11.38,56.900000000000006
INV500715,2023-09-10,10138,Spain,STK002,Coussin en lin,1,17.07,17.07
INV500716,2023-10-25,10139,France,STK007,Panier de rangement,4,22.17,88.68
INV500716,2023-10-25,10139,France,STK002,Coussin en lin,1,15.82,15.82
INV500717,2023-05-03,10139,France,STK008,Tapis de bain,3,30.25,90.75
INV500717,2023-05-03,10139,France,STK008,Tapis de bain,1,23.7,23.7
INV500718,2023-04-26,10140,France,STK009,Vase en verre,5,21.89,109.45
INV500718,2023-04-26,10140,France,STK009,Vase en verre,3,17.58,52.739999999999995
INV500719,2023-10-16,10141,Germany,STK008,Tapis de bain,5,26.16,130.8
INV500719,2023-10-16,10141,Germany,STK011,Plateau en bambou,5,20.67,103.35000000000001
INV500720,2023-05-21,10142,Germany,STK004,Plaid tricote,1,32.06,32.06
INV500720,2023-05-21,10142,Germany,STK006,Cadre photo bois,2,9.18,18.36
INV500720,2023-05-21,10142,Germany,STK008,Tapis de bain,1,33.73,33.73
INV500720,2023-05-21,10142,Germany,STK003,Set de tasses ceramique,4,15.4,61.6
INV500721,2023-11-01,10142,Germany,STK011,Plateau en bambou,4,25.28,101.12
INV500721,2023-11-01,10142,Germany,STK012,Miroir mural rond,2,37.09,74.18
INV500721,2023-11-01,10142,Germany,STK009,Vase en verre,4,17.57,70.28
INV500721,2023-11-01,10142,Germany,STK007,Panier de rangement,3,17.74,53.22
INV500722,2023-02-12,10142,Germany,STK009,Vase en verre,3,19.9,59.699999999999996
INV500722,2023-02-12,10142,Germany,STK011,Plateau en bambou,1,21.96,21.96
INV500722,2023-02-12,10142,Germany,STK010,Guirlande lumineuse,1,11.37,11.37
INV500723,2023-05-16,10142,Germany,STK003,Set de tasses ceramique,3,16.13,48.39
INV500723,2023-05-16,10142,Germany,STK001,Lampe de bureau design,2,23.26,46.52
INV500723,2023-05-16,10142,Germany,STK004,Plaid tricote,4,24.25,97.0
INV500723,2023-05-16,10142,Germany,STK010,Guirlande lumineuse,3,12.46,37.38
INV500724,2023-05-21,10142,Germany,STK001,Lampe de bureau design,2,28.44,56.88
INV500724,2023-05-21,10142,Germany,STK006,Cadre photo bois,5,11.0,55.0
INV500724,2023-05-21,10142,Germany,STK010,Guirlande lumineuse,4,13.23,52.92
INV500724,2023-05-21,10142,Germany,STK004,Plaid tricote,3,35.53,106.59
INV500725,2023-06-24,10143,France,STK002,Coussin en lin,3,16.72,50.16
INV500725,2023-06-24,10143,France,STK007,Panier de rangement,5,21.89,109.45
INV500726,2023-03-18,10144,France,STK002,Coussin en lin,4,23.7,94.8
INV500726,2023-03-18,10144,France,STK011,Plateau en bambou,1,16.54,16.54
INV500726,2023-03-18,10144,France,STK001,Lampe de bureau design,4,22.95,91.8
INV500727,2023-02-07,10144,France,STK006,Cadre photo bois,2,9.65,19.3
INV500727,2023-02-07,10144,France,STK004,Plaid tricote,5,33.71,168.55
INV500727,2023-02-07,10144,France,STK005,Bougie parfumee,1,12.5,12.5
INV500728,2023-09-16,10144,France,STK012,Miroir mural rond,2,42.75,85.5
INV500729,2023-01-08,10144,France,STK009,Vase en verre,1,19.56,19.56
INV500730,2023-05-10,10145,France,STK005,Bougie parfumee,5,10.01,50.05
INV500730,2023-05-10,10145,France,STK001,Lampe de bureau design,2,22.29,44.58
INV500730,2023-05-10,10145,France,STK009,Vase en verre,2,19.58,39.16
INV500730,2023-05-10,10145,France,STK009,Vase en verre,1,21.96,21.96
INV500731,2023-02-02,10145,France,STK002,Coussin en lin,1,17.26,17.26
INV500732,2023-04-25,10145,France,STK005,Bougie parfumee,3,14.08,42.24
INV500732,2023-04-25,10145,France,STK006,Cadre photo bois,2,10.37,20.74
INV500732,2023-04-25,10145,France,STK006,Cadre photo bois,3,10.28,30.839999999999996
INV500732,2023-04-25,10145,France,STK009,Vase en verre,3,19.99,59.97
INV500733,2023-02-18,10146,Italy,STK009,Vase en verre,4,17.03,68.12
INV500734,2023-07-05,10146,Italy,STK007,Panier de rangement,3,25.75,77.25
INV500734,2023-07-05,10146,Italy,STK007,Panier de rangement,3,17.3,51.900000000000006
INV500735,2023-03-14,10146,Italy,STK007,Panier de rangement,4,20.35,81.4
INV500735,2023-03-14,10146,Italy,STK011,Plateau en bambou,4,21.17,84.68
INV500736,2023-12-23,10146,Italy,STK008,Tapis de bain,2,28.08,56.16
INV500736,2023-12-23,10146,Italy,STK008,Tapis de bain,1,35.56,35.56
INV500736,2023-12-23,10146,Italy,STK011,Plateau en bambou,2,18.64,37.28
INV500737,2023-09-29,10146,Italy,STK010,Guirlande lumineuse,2,14.09,28.18
INV500737,2023-09-29,10146,Italy,STK003,Set de tasses ceramique,3,15.5,46.5
INV500737,2023-09-29,10146,Italy,STK001,Lampe de bureau design,4,22.11,88.44
INV500738,2023-06-12,10146,Italy,STK011,Plateau en bambou,4,21.69,86.76
INV500738,2023-06-12,10146,Italy,STK006,Cadre photo bois,3,8.78,26.339999999999996
INV500738,2023-06-12,10146,Italy,STK002,Coussin en lin,5,18.63,93.14999999999999
INV500738,2023-06-12,10146,Italy,STK011,Plateau en bambou,1,26.2,26.2
INV500739,2023-09-12,10146,Italy,STK002,Coussin en lin,3,17.67,53.010000000000005
INV500740,2023-04-11,10146,Italy,STK005,Bougie parfumee,5,10.69,53.449999999999996
INV500740,2023-04-11,10146,Italy,STK010,Guirlande lumineuse,1,15.34,15.34
INV500740,2023-04-11,10146,Italy,STK011,Plateau en bambou,4,26.18,104.72
INV500740,2023-04-11,10146,Italy,STK008,Tapis de bain,3,29.81,89.42999999999999
INV500741,2023-12-11,10146,Italy,STK011,Plateau en bambou,3,26.61,79.83
INV500741,2023-12-11,10146,Italy,STK012,Miroir mural rond,2,38.74,77.48
INV500741,2023-12-11,10146,Italy,STK006,Cadre photo bois,3,9.33,27.990000000000002
INV500742,2023-08-17,10146,Italy,STK007,Panier de rangement,1,23.66,23.66
INV500742,2023-08-17,10146,Italy,STK008,Tapis de bain,2,27.88,55.76
INV500743,2023-10-15,10146,Italy,STK002,Coussin en lin,1,18.35,18.35
INV500743,2023-10-15,10146,Italy,STK001,Lampe de bureau design,2,23.39,46.78
INV500743,2023-10-15,10146,Italy,STK007,Panier de rangement,1,23.26,23.26
INV500744,2023-04-18,10146,Italy,STK010,Guirlande lumineuse,2,16.62,33.24
INV500744,2023-04-18,10146,Italy,STK004,Plaid tricote,4,32.91,131.64
INV500745,2023-08-08,10146,Italy,STK011,Plateau en bambou,2,19.82,39.64
INV500746,2023-03-18,10147,Belgium,STK008,Tapis de bain,1,20.3,20.3
INV500746,2023-03-18,10147,Belgium,STK008,Tapis de bain,2,27.71,55.42
INV500746,2023-03-18,10147,Belgium,STK001,Lampe de bureau design,4,21.7,86.8
INV500746,2023-03-18,10147,Belgium,STK012,Miroir mural rond,4,48.39,193.56
INV500747,2023-08-05,10147,Belgium,STK006,Cadre photo bois,1,7.43,7.43
INV500747,2023-08-05,10147,Belgium,STK006,Cadre photo bois,3,10.12,30.36
INV500747,2023-08-05,10147,Belgium,STK004,Plaid tricote,1,31.44,31.44
INV500747,2023-08-05,10147,Belgium,STK009,Vase en verre,2,17.9,35.8
INV500748,2023-02-15,10147,Belgium,STK010,Guirlande lumineuse,1,10.76,10.76
INV500748,2023-02-15,10147,Belgium,STK007,Panier de rangement,5,21.74,108.69999999999999
INV500749,2023-09-01,10147,Belgium,STK010,Guirlande lumineuse,4,16.1,64.4
INV500750,2023-12-12,10147,Belgium,STK005,Bougie parfumee,3,12.08,36.24
INV500750,2023-12-12,10147,Belgium,STK002,Coussin en lin,4,23.08,92.32
INV500750,2023-12-12,10147,Belgium,STK007,Panier de rangement,2,20.25,40.5
INV500751,2023-12-26,10147,Belgium,STK006,Cadre photo bois,4,9.79,39.16
INV500751,2023-12-26,10147,Belgium,STK005,Bougie parfumee,1,11.54,11.54
INV500751,2023-12-26,10147,Belgium,STK010,Guirlande lumineuse,4,11.32,45.28
INV500752,2023-01-28,10147,Belgium,STK001,Lampe de bureau design,2,27.17,54.34
INV500752,2023-01-28,10147,Belgium,STK009,Vase en verre,1,17.49,17.49
INV500752,2023-01-28,10147,Belgium,STK010,Guirlande lumineuse,3,15.12,45.36
INV500752,2023-01-28,10147,Belgium,STK008,Tapis de bain,4,25.04,100.16
INV500753,2023-10-10,10147,Belgium,STK003,Set de tasses ceramique,5,13.21,66.05000000000001
INV500753,2023-10-10,10147,Belgium,STK001,Lampe de bureau design,2,24.8,49.6
INV500753,2023-10-10,10147,Belgium,STK011,Plateau en bambou,1,19.28,19.28
INV500753,2023-10-10,10147,Belgium,STK008,Tapis de bain,3,29.2,87.6
INV500754,2023-03-30,10147,Belgium,STK010,Guirlande lumineuse,4,16.11,64.44
INV500754,2023-03-30,10147,Belgium,STK011,Plateau en bambou,1,17.85,17.85
INV500755,2023-11-27,10147,Belgium,STK011,Plateau en bambou,2,19.11,38.22
INV500756,2023-06-20,10148,France,STK008,Tapis de bain,3,38.61,115.83
INV500757,2023-04-07,10148,France,STK007,Panier de rangement,1,19.64,19.64
INV500758,2023-06-05,10149,France,STK005,Bougie parfumee,3,12.96,38.88
INV500759,2023-07-26,10149,France,STK004,Plaid tricote,5,27.27,136.35
INV500759,2023-07-26,10149,France,STK005,Bougie parfumee,4,14.84,59.36
INV500760,2023-03-13,10149,France,STK009,Vase en verre,1,21.23,21.23
INV500760,2023-03-13,10149,France,STK008,Tapis de bain,1,24.23,24.23
INV500760,2023-03-13,10149,France,STK010,Guirlande lumineuse,1,15.06,15.06
INV500761,2023-08-21,10150,France,STK004,Plaid tricote,2,32.82,65.64
INV500761,2023-08-21,10150,France,STK009,Vase en verre,1,24.45,24.45
INV500761,2023-08-21,10150,France,STK012,Miroir mural rond,2,37.7,75.4
INV500761,2023-08-21,10150,France,STK001,Lampe de bureau design,4,28.68,114.72
INV500762,2023-09-18,10150,France,STK005,Bougie parfumee,4,9.36,37.44
INV500762,2023-09-18,10150,France,STK009,Vase en verre,4,20.72,82.88
INV500763,2023-09-22,10150,France,STK010,Guirlande lumineuse,3,17.05,51.150000000000006
INV500763,2023-09-22,10150,France,STK008,Tapis de bain,5,29.52,147.6
INV500763,2023-09-22,10150,France,STK006,Cadre photo bois,1,11.39,11.39
INV500763,2023-09-22,10150,France,STK005,Bougie parfumee,5,14.61,73.05
INV500764,2023-12-20,10150,France,STK002,Coussin en lin,2,14.6,29.2
INV500764,2023-12-20,10150,France,STK002,Coussin en lin,1,22.33,22.33
INV500765,2023-11-03,10150,France,STK002,Coussin en lin,5,20.88,104.39999999999999
INV500765,2023-11-03,10150,France,STK003,Set de tasses ceramique,4,13.98,55.92
INV500766,2023-03-09,10151,Belgium,STK007,Panier de rangement,3,23.51,70.53
INV500766,2023-03-09,10151,Belgium,STK002,Coussin en lin,5,17.82,89.1
INV500766,2023-03-09,10151,Belgium,STK002,Coussin en lin,5,17.01,85.05000000000001
INV500767,2023-03-15,10151,Belgium,STK010,Guirlande lumineuse,4,14.54,58.16
INV500767,2023-03-15,10151,Belgium,STK003,Set de tasses ceramique,2,17.13,34.26
INV500767,2023-03-15,10151,Belgium,STK007,Panier de rangement,3,18.46,55.38
INV500768,2023-04-23,10152,Belgium,STK007,Panier de rangement,2,24.12,48.24
INV500769,2023-02-06,10152,Belgium,STK008,Tapis de bain,4,21.01,84.04
INV500769,2023-02-06,10152,Belgium,STK008,Tapis de bain,2,26.11,52.22
INV500769,2023-02-06,10152,Belgium,STK011,Plateau en bambou,2,20.81,41.62
INV500770,2023-11-17,10152,Belgium,STK010,Guirlande lumineuse,4,14.89,59.56
INV500770,2023-11-17,10152,Belgium,STK012,Miroir mural rond,2,39.28,78.56
INV500770,2023-11-17,10152,Belgium,STK001,Lampe de bureau design,2,21.74,43.48
INV500771,2023-01-16,10152,Belgium,STK005,Bougie parfumee,3,14.08,42.24
INV500772,2023-06-28,10152,Belgium,STK003,Set de tasses ceramique,2,17.42,34.84
INV500772,2023-06-28,10152,Belgium,STK001,Lampe de bureau design,2,28.47,56.94
INV500773,2023-06-09,10152,Belgium,STK006,Cadre photo bois,3,11.4,34.2
INV500774,2023-03-14,10152,Belgium,STK011,Plateau en bambou,5,21.75,108.75
INV500774,2023-03-14,10152,Belgium,STK004,Plaid tricote,5,35.64,178.2
INV500774,2023-03-14,10152,Belgium,STK007,Panier de rangement,5,22.24,111.19999999999999
INV500774,2023-03-14,10152,Belgium,STK001,Lampe de bureau design,5,24.44,122.2
INV500775,2023-11-18,10152,Belgium,STK009,Vase en verre,3,20.3,60.900000000000006
INV500775,2023-11-18,10152,Belgium,STK005,Bougie parfumee,4,12.48,49.92
INV500775,2023-11-18,10152,Belgium,STK002,Coussin en lin,1,21.57,21.57
INV500776,2023-01-08,10152,Belgium,STK004,Plaid tricote,1,30.83,30.83
INV500776,2023-01-08,10152,Belgium,STK010,Guirlande lumineuse,1,16.1,16.1
INV500776,2023-01-08,10152,Belgium,STK008,Tapis de bain,3,29.58,88.74
INV500777,2023-06-29,10153,Netherlands,STK010,Guirlande lumineuse,4,15.75,63.0
INV500777,2023-06-29,10153,Netherlands,STK006,Cadre photo bois,1,8.25,8.25
INV500778,2023-07-01,10153,Netherlands,STK007,Panier de rangement,2,16.75,33.5
INV500778,2023-07-01,10153,Netherlands,STK010,Guirlande lumineuse,2,17.57,35.14
INV500779,2023-03-17,10153,Netherlands,STK006,Cadre photo bois,3,8.11,24.33
INV500779,2023-03-17,10153,Netherlands,STK008,Tapis de bain,4,29.42,117.68
INV500779,2023-03-17,10153,Netherlands,STK004,Plaid tricote,2,25.64,51.28
INV500779,2023-03-17,10153,Netherlands,STK004,Plaid tricote,1,32.73,32.73
INV500780,2023-01-16,10153,Netherlands,STK001,Lampe de bureau design,1,25.01,25.01
INV500781,2023-01-29,10153,Netherlands,STK007,Panier de rangement,2,23.2,46.4
INV500781,2023-01-29,10153,Netherlands,STK001,Lampe de bureau design,2,25.66,51.32
INV500782,2023-06-14,10153,Netherlands,STK001,Lampe de bureau design,5,25.84,129.2
INV500782,2023-06-14,10153,Netherlands,STK003,Set de tasses ceramique,1,13.89,13.89
INV500782,2023-06-14,10153,Netherlands,STK007,Panier de rangement,5,24.91,124.55
INV500783,2023-03-07,10153,Netherlands,STK007,Panier de rangement,1,22.43,22.43
INV500783,2023-03-07,10153,Netherlands,STK003,Set de tasses ceramique,2,15.85,31.7
INV500784,2023-10-22,10153,Netherlands,STK011,Plateau en bambou,2,20.52,41.04
INV500785,2023-01-25,10153,Netherlands,STK009,Vase en verre,5,18.1,90.5
INV500786,2023-12-15,10154,France,STK004,Plaid tricote,3,38.39,115.17
INV500786,2023-12-15,10154,France,STK004,Plaid tricote,2,31.82,63.64
INV500786,2023-12-15,10154,France,STK003,Set de tasses ceramique,4,12.03,48.12
INV500786,2023-12-15,10154,France,STK002,Coussin en lin,5,12.87,64.35
INV500787,2023-09-04,10154,France,STK011,Plateau en bambou,1,22.41,22.41
INV500787,2023-09-04,10154,France,STK006,Cadre photo bois,2,6.85,13.7
INV500787,2023-09-04,10154,France,STK003,Set de tasses ceramique,1,17.98,17.98
INV500787,2023-09-04,10154,France,STK003,Set de tasses ceramique,3,13.87,41.61
INV500788,2023-05-19,10154,France,STK003,Set de tasses ceramique,3,12.95,38.849999999999994
INV500789,2023-04-28,10155,France,STK012,Miroir mural rond,4,35.83,143.32
INV500790,2023-06-25,10155,France,STK012,Miroir mural rond,1,47.24,47.24
INV500790,2023-06-25,10155,France,STK011,Plateau en bambou,4,21.58,86.32
INV500791,2023-06-11,10155,France,STK001,Lampe de bureau design,2,24.61,49.22
INV500791,2023-06-11,10155,France,STK010,Guirlande lumineuse,5,17.93,89.65
INV500791,2023-06-11,10155,France,STK005,Bougie parfumee,4,12.04,48.16
INV500791,2023-06-11,10155,France,STK011,Plateau en bambou,1,23.52,23.52
INV500792,2023-03-25,10155,France,STK003,Set de tasses ceramique,2,19.29,38.58
INV500792,2023-03-25,10155,France,STK011,Plateau en bambou,2,24.74,49.48
INV500792,2023-03-25,10155,France,STK003,Set de tasses ceramique,4,18.71,74.84
INV500792,2023-03-25,10155,France,STK008,Tapis de bain,3,33.97,101.91
INV500793,2023-04-30,10155,France,STK008,Tapis de bain,1,26.39,26.39
INV500793,2023-04-30,10155,France,STK008,Tapis de bain,5,26.26,131.3
INV500793,2023-04-30,10155,France,STK008,Tapis de bain,5,29.71,148.55
INV500793,2023-04-30,10155,France,STK009,Vase en verre,1,17.23,17.23
INV500794,2023-01-11,10156,Belgium,STK010,Guirlande lumineuse,1,14.25,14.25
INV500794,2023-01-11,10156,Belgium,STK002,Coussin en lin,5,18.5,92.5
INV500794,2023-01-11,10156,Belgium,STK001,Lampe de bureau design,5,22.35,111.75
INV500795,2023-10-21,10156,Belgium,STK005,Bougie parfumee,1,13.75,13.75
INV500795,2023-10-21,10156,Belgium,STK012,Miroir mural rond,1,34.72,34.72
INV500795,2023-10-21,10156,Belgium,STK005,Bougie parfumee,4,12.06,48.24
INV500795,2023-10-21,10156,Belgium,STK001,Lampe de bureau design,3,25.43,76.28999999999999
INV500796,2023-06-19,10156,Belgium,STK005,Bougie parfumee,1,11.32,11.32
INV500796,2023-06-19,10156,Belgium,STK002,Coussin en lin,3,21.03,63.09
INV500796,2023-06-19,10156,Belgium,STK011,Plateau en bambou,4,25.16,100.64
INV500797,2023-04-02,10156,Belgium,STK011,Plateau en bambou,1,22.38,22.38
INV500797,2023-04-02,10156,Belgium,STK002,Coussin en lin,2,21.26,42.52
INV500797,2023-04-02,10156,Belgium,STK012,Miroir mural rond,5,37.79,188.95
INV500798,2023-06-12,10156,Belgium,STK004,Plaid tricote,5,42.68,213.4
INV500798,2023-06-12,10156,Belgium,STK004,Plaid tricote,5,37.15,185.75
INV500798,2023-06-12,10156,Belgium,STK004,Plaid tricote,4,35.14,140.56
INV500799,2023-08-19,10157,Italy,STK006,Cadre photo bois,3,9.38,28.14
INV500799,2023-08-19,10157,Italy,STK007,Panier de rangement,3,20.7,62.099999999999994
INV500800,2023-07-30,10157,Italy,STK010,Guirlande lumineuse,5,13.46,67.30000000000001
INV500800,2023-07-30,10157,Italy,STK010,Guirlande lumineuse,1,13.02,13.02
INV500800,2023-07-30,10157,Italy,STK005,Bougie parfumee,5,14.21,71.05000000000001
INV500801,2023-12-09,10157,Italy,STK005,Bougie parfumee,5,13.92,69.6
INV500801,2023-12-09,10157,Italy,STK012,Miroir mural rond,5,41.14,205.7
INV500801,2023-12-09,10157,Italy,STK005,Bougie parfumee,5,11.85,59.25
INV500802,2023-12-01,10157,Italy,STK008,Tapis de bain,5,24.84,124.2
INV500802,2023-12-01,10157,Italy,STK003,Set de tasses ceramique,5,14.48,72.4
INV500803,2023-10-14,10158,Germany,STK012,Miroir mural rond,1,49.65,49.65
INV500803,2023-10-14,10158,Germany,STK012,Miroir mural rond,3,43.59,130.77
INV500803,2023-10-14,10158,Germany,STK008,Tapis de bain,3,30.39,91.17
INV500804,2023-03-31,10158,Germany,STK005,Bougie parfumee,1,12.0,12.0
INV500804,2023-03-31,10158,Germany,STK004,Plaid tricote,2,30.9,61.8
INV500804,2023-03-31,10158,Germany,STK004,Plaid tricote,1,30.61,30.61
INV500805,2023-05-18,10158,Germany,STK003,Set de tasses ceramique,2,16.76,33.52
INV500805,2023-05-18,10158,Germany,STK001,Lampe de bureau design,4,32.62,130.48
INV500805,2023-05-18,10158,Germany,STK003,Set de tasses ceramique,1,16.49,16.49
INV500806,2023-06-11,10158,Germany,STK003,Set de tasses ceramique,1,14.15,14.15
INV500807,2023-08-21,10158,Germany,STK008,Tapis de bain,5,27.39,136.95
INV500807,2023-08-21,10158,Germany,STK002,Coussin en lin,3,16.94,50.82000000000001
INV500807,2023-08-21,10158,Germany,STK005,Bougie parfumee,4,13.52,54.08
INV500808,2023-12-08,10158,Germany,STK011,Plateau en bambou,1,24.11,24.11
INV500808,2023-12-08,10158,Germany,STK010,Guirlande lumineuse,1,16.45,16.45
INV500808,2023-12-08,10158,Germany,STK007,Panier de rangement,2,19.5,39.0
INV500809,2023-12-23,10158,Germany,STK010,Guirlande lumineuse,2,16.16,32.32
INV500809,2023-12-23,10158,Germany,STK003,Set de tasses ceramique,4,14.83,59.32
INV500809,2023-12-23,10158,Germany,STK012,Miroir mural rond,5,47.31,236.55
INV500809,2023-12-23,10158,Germany,STK011,Plateau en bambou,4,21.09,84.36
INV500810,2023-09-17,10158,Germany,STK004,Plaid tricote,3,34.29,102.87
INV500811,2023-03-12,10158,Germany,STK008,Tapis de bain,4,30.57,122.28
INV500811,2023-03-12,10158,Germany,STK010,Guirlande lumineuse,3,12.16,36.480000000000004
INV500811,2023-03-12,10158,Germany,STK012,Miroir mural rond,2,24.83,49.66
INV500812,2023-03-21,10159,France,STK003,Set de tasses ceramique,2,13.51,27.02
INV500812,2023-03-21,10159,France,STK010,Guirlande lumineuse,1,15.2,15.2
INV500812,2023-03-21,10159,France,STK003,Set de tasses ceramique,5,10.45,52.25
INV500812,2023-03-21,10159,France,STK008,Tapis de bain,1,20.4,20.4
INV500813,2023-05-09,10159,France,STK009,Vase en verre,3,21.4,64.19999999999999
INV500814,2023-11-27,10159,France,STK006,Cadre photo bois,5,10.49,52.45
INV500815,2023-06-21,10159,France,STK011,Plateau en bambou,2,25.87,51.74
INV500815,2023-06-21,10159,France,STK007,Panier de rangement,4,21.17,84.68
INV500815,2023-06-21,10159,France,STK007,Panier de rangement,5,24.58,122.89999999999999
INV500816,2023-11-26,10159,France,STK001,Lampe de bureau design,1,22.35,22.35
INV500816,2023-11-26,10159,France,STK012,Miroir mural rond,5,35.14,175.7
INV500816,2023-11-26,10159,France,STK004,Plaid tricote,4,37.97,151.88
INV500817,2023-12-17,10159,France,STK003,Set de tasses ceramique,4,18.25,73.0
INV500818,2023-11-04,10159,France,STK011,Plateau en bambou,4,23.6,94.4
INV500818,2023-11-04,10159,France,STK001,Lampe de bureau design,5,33.19,165.95
INV500818,2023-11-04,10159,France,STK005,Bougie parfumee,1,10.32,10.32
INV500818,2023-11-04,10159,France,STK004,Plaid tricote,1,30.59,30.59
INV500819,2023-12-12,10159,France,STK006,Cadre photo bois,1,8.82,8.82
INV500819,2023-12-12,10159,France,STK001,Lampe de bureau design,1,24.91,24.91
INV500819,2023-12-12,10159,France,STK011,Plateau en bambou,5,21.56,107.8
INV500819,2023-12-12,10159,France,STK008,Tapis de bain,1,31.3,31.3
INV500820,2023-05-20,10159,France,STK004,Plaid tricote,2,31.03,62.06
INV500820,2023-05-20,10159,France,STK001,Lampe de bureau design,3,19.11,57.33
INV500821,2023-04-23,10159,France,STK010,Guirlande lumineuse,5,15.35,76.75
INV500821,2023-04-23,10159,France,STK006,Cadre photo bois,5,9.72,48.6
INV500821,2023-04-23,10159,France,STK005,Bougie parfumee,1,14.47,14.47
INV500821,2023-04-23,10159,France,STK005,Bougie parfumee,5,10.78,53.9
INV500822,2023-05-14,10159,France,STK008,Tapis de bain,4,28.19,112.76
INV500822,2023-05-14,10159,France,STK001,Lampe de bureau design,1,20.99,20.99
INV500823,2023-01-14,10159,France,STK006,Cadre photo bois,3,8.25,24.75
INV500824,2023-12-14,10159,France,STK001,Lampe de bureau design,5,25.47,127.35
INV500824,2023-12-14,10159,France,STK012,Miroir mural rond,4,36.18,144.72
INV500824,2023-12-14,10159,France,STK012,Miroir mural rond,5,50.0,250.0
INV500825,2023-04-29,10159,France,STK012,Miroir mural rond,5,33.51,167.54999999999998
INV500825,2023-04-29,10159,France,STK005,Bougie parfumee,5,10.15,50.75
INV500826,2023-09-25,10159,France,STK006,Cadre photo bois,2,9.66,19.32
INV500827,2023-06-01,10159,France,STK012,Miroir mural rond,3,36.29,108.87
INV500827,2023-06-01,10159,France,STK001,Lampe de bureau design,5,32.42,162.10000000000002
INV500827,2023-06-01,10159,France,STK001,Lampe de bureau design,1,25.99,25.99
INV500828,2023-08-29,10159,France,STK012,Miroir mural rond,5,41.76,208.79999999999998
INV500828,2023-08-29,10159,France,STK011,Plateau en bambou,1,22.49,22.49
INV500828,2023-08-29,10159,France,STK009,Vase en verre,5,20.73,103.65
INV500829,2023-07-26,10159,France,STK007,Panier de rangement,5,16.05,80.25
INV500829,2023-07-26,10159,France,STK007,Panier de rangement,5,18.72,93.6
INV500830,2023-10-21,10159,France,STK003,Set de tasses ceramique,5,16.6,83.0
INV500830,2023-10-21,10159,France,STK011,Plateau en bambou,3,23.51,70.53
INV500831,2023-07-01,10160,Spain,STK011,Plateau en bambou,1,23.13,23.13
INV500832,2023-06-22,10160,Spain,STK009,Vase en verre,4,19.22,76.88
INV500833,2023-11-18,10160,Spain,STK012,Miroir mural rond,1,39.89,39.89
INV500833,2023-11-18,10160,Spain,STK012,Miroir mural rond,5,42.57,212.85
INV500833,2023-11-18,10160,Spain,STK008,Tapis de bain,2,24.76,49.52
INV500833,2023-11-18,10160,Spain,STK007,Panier de rangement,3,19.66,58.980000000000004
INV500834,2023-12-06,10160,Spain,STK002,Coussin en lin,3,23.36,70.08
INV500834,2023-12-06,10160,Spain,STK011,Plateau en bambou,2,22.31,44.62
INV500834,2023-12-06,10160,Spain,STK011,Plateau en bambou,1,25.32,25.32
INV500835,2023-10-30,10160,Spain,STK011,Plateau en bambou,1,26.16,26.16
INV500835,2023-10-30,10160,Spain,STK004,Plaid tricote,5,27.94,139.70000000000002
INV500835,2023-10-30,10160,Spain,STK004,Plaid tricote,2,32.91,65.82
INV500835,2023-10-30,10160,Spain,STK003,Set de tasses ceramique,5,18.69,93.45
INV500836,2023-11-02,10160,Spain,STK002,Coussin en lin,1,17.79,17.79
INV500836,2023-11-02,10160,Spain,STK007,Panier de rangement,2,21.41,42.82
INV500837,2023-12-05,10160,Spain,STK011,Plateau en bambou,5,22.28,111.4
INV500837,2023-12-05,10160,Spain,STK005,Bougie parfumee,3,11.4,34.2
INV500837,2023-12-05,10160,Spain,STK008,Tapis de bain,1,32.05,32.05
INV500838,2023-12-11,10160,Spain,STK006,Cadre photo bois,1,9.71,9.71
INV500838,2023-12-11,10160,Spain,STK012,Miroir mural rond,2,40.03,80.06
INV500838,2023-12-11,10160,Spain,STK009,Vase en verre,2,22.45,44.9
INV500839,2023-04-14,10160,Spain,STK003,Set de tasses ceramique,4,9.57,38.28
INV500839,2023-04-14,10160,Spain,STK004,Plaid tricote,3,38.13,114.39000000000001
INV500839,2023-04-14,10160,Spain,STK007,Panier de rangement,2,25.57,51.14
INV500839,2023-04-14,10160,Spain,STK012,Miroir mural rond,1,35.71,35.71
INV500840,2023-01-09,10161,France,STK004,Plaid tricote,5,35.03,175.15
INV500840,2023-01-09,10161,France,STK002,Coussin en lin,1,24.31,24.31
INV500840,2023-01-09,10161,France,STK012,Miroir mural rond,2,43.43,86.86
INV500840,2023-01-09,10161,France,STK004,Plaid tricote,5,23.63,118.14999999999999
INV500841,2023-01-22,10161,France,STK003,Set de tasses ceramique,4,14.62,58.48
INV500842,2023-10-20,10161,France,STK004,Plaid tricote,2,27.73,55.46
INV500842,2023-10-20,10161,France,STK010,Guirlande lumineuse,2,16.13,32.26
INV500842,2023-10-20,10161,France,STK009,Vase en verre,1,18.95,18.95
INV500843,2023-06-29,10161,France,STK011,Plateau en bambou,5,19.8,99.0
INV500843,2023-06-29,10161,France,STK003,Set de tasses ceramique,5,11.29,56.449999999999996
INV500843,2023-06-29,10161,France,STK009,Vase en verre,4,22.64,90.56
INV500844,2023-08-09,10161,France,STK003,Set de tasses ceramique,1,16.03,16.03
INV500844,2023-08-09,10161,France,STK012,Miroir mural rond,5,51.58,257.9
INV500844,2023-08-09,10161,France,STK007,Panier de rangement,5,17.01,85.05000000000001
INV500844,2023-08-09,10161,France,STK011,Plateau en bambou,5,24.24,121.19999999999999
INV500845,2023-02-07,10161,France,STK011,Plateau en bambou,1,24.65,24.65
INV500845,2023-02-07,10161,France,STK012,Miroir mural rond,4,31.37,125.48
INV500846,2023-01-03,10162,Portugal,STK006,Cadre photo bois,1,7.92,7.92
INV500847,2023-05-18,10162,Portugal,STK011,Plateau en bambou,3,21.07,63.21
INV500848,2023-03-28,10162,Portugal,STK009,Vase en verre,1,20.43,20.43
INV500849,2023-04-19,10163,France,STK008,Tapis de bain,4,27.12,108.48
INV500850,2023-12-27,10163,France,STK004,Plaid tricote,3,32.74,98.22
INV500851,2023-01-15,10163,France,STK011,Plateau en bambou,5,20.13,100.64999999999999
INV500851,2023-01-15,10163,France,STK004,Plaid tricote,4,30.42,121.68
INV500851,2023-01-15,10163,France,STK001,Lampe de bureau design,2,23.97,47.94
INV500852,2023-04-24,10163,France,STK002,Coussin en lin,2,14.82,29.64
INV500852,2023-04-24,10163,France,STK006,Cadre photo bois,4,10.16,40.64
INV500852,2023-04-24,10163,France,STK005,Bougie parfumee,5,11.18,55.9
INV500853,2023-03-27,10164,France,STK002,Coussin en lin,5,17.33,86.64999999999999
INV500854,2023-02-26,10164,France,STK012,Miroir mural rond,4,37.2,148.8
INV500854,2023-02-26,10164,France,STK006,Cadre photo bois,2,13.05,26.1
INV500854,2023-02-26,10164,France,STK005,Bougie parfumee,2,11.95,23.9
INV500855,2023-03-20,10164,France,STK004,Plaid tricote,4,34.51,138.04
INV500855,2023-03-20,10164,France,STK010,Guirlande lumineuse,3,11.92,35.76
INV500856,2023-06-17,10164,France,STK003,Set de tasses ceramique,5,17.24,86.19999999999999
INV500856,2023-06-17,10164,France,STK005,Bougie parfumee,4,9.55,38.2
INV500857,2023-01-27,10164,France,STK010,Guirlande lumineuse,1,15.06,15.06
INV500857,2023-01-27,10164,France,STK005,Bougie parfumee,5,9.82,49.1
INV500858,2023-10-23,10165,Spain,STK005,Bougie parfumee,3,12.74,38.22
INV500858,2023-10-23,10165,Spain,STK011,Plateau en bambou,3,22.21,66.63
INV500858,2023-10-23,10165,Spain,STK009,Vase en verre,3,22.61,67.83
INV500859,2023-06-21,10166,France,STK007,Panier de rangement,3,20.39,61.17
INV500859,2023-06-21,10166,France,STK009,Vase en verre,3,19.61,58.83
INV500860,2023-09-08,10166,France,STK002,Coussin en lin,2,14.03,28.06
INV500861,2023-05-09,10167,Spain,STK003,Set de tasses ceramique,5,16.56,82.8
INV500862,2023-01-13,10167,Spain,STK005,Bougie parfumee,5,12.08,60.4
INV500862,2023-01-13,10167,Spain,STK004,Plaid tricote,5,30.09,150.45
INV500862,2023-01-13,10167,Spain,STK010,Guirlande lumineuse,5,18.41,92.05
INV500863,2023-04-27,10167,Spain,STK011,Plateau en bambou,2,16.33,32.66
INV500864,2023-02-19,10167,Spain,STK010,Guirlande lumineuse,1,13.75,13.75
INV500865,2023-07-30,10168,Belgium,STK011,Plateau en bambou,3,25.74,77.22
INV500865,2023-07-30,10168,Belgium,STK012,Miroir mural rond,4,28.55,114.2
INV500865,2023-07-30,10168,Belgium,STK008,Tapis de bain,5,15.58,77.9
INV500865,2023-07-30,10168,Belgium,STK001,Lampe de bureau design,1,23.31,23.31
INV500866,2023-01-25,10168,Belgium,STK009,Vase en verre,4,20.04,80.16
INV500866,2023-01-25,10168,Belgium,STK004,Plaid tricote,2,41.36,82.72
INV500867,2023-10-18,10168,Belgium,STK002,Coussin en lin,3,22.21,66.63
INV500868,2023-10-19,10168,Belgium,STK012,Miroir mural rond,5,34.89,174.45
INV500868,2023-10-19,10168,Belgium,STK005,Bougie parfumee,4,12.58,50.32
INV500868,2023-10-19,10168,Belgium,STK002,Coussin en lin,4,17.72,70.88
INV500869,2023-03-13,10169,France,STK011,Plateau en bambou,3,20.34,61.019999999999996
INV500869,2023-03-13,10169,France,STK001,Lampe de bureau design,1,28.99,28.99
INV500869,2023-03-13,10169,France,STK001,Lampe de bureau design,3,22.47,67.41
INV500870,2023-05-31,10169,France,STK012,Miroir mural rond,2,44.54,89.08
INV500870,2023-05-31,10169,France,STK012,Miroir mural rond,4,40.55,162.2
INV500871,2023-06-02,10169,France,STK008,Tapis de bain,5,21.94,109.7
INV500871,2023-06-02,10169,France,STK011,Plateau en bambou,3,21.75,65.25
INV500871,2023-06-02,10169,France,STK011,Plateau en bambou,3,22.86,68.58
INV500872,2023-09-19,10169,France,STK010,Guirlande lumineuse,2,13.2,26.4
INV500872,2023-09-19,10169,France,STK011,Plateau en bambou,2,20.71,41.42
INV500872,2023-09-19,10169,France,STK004,Plaid tricote,5,34.71,173.55
INV500873,2023-05-08,10170,France,STK010,Guirlande lumineuse,4,16.06,64.24
INV500873,2023-05-08,10170,France,STK002,Coussin en lin,1,20.55,20.55
INV500873,2023-05-08,10170,France,STK012,Miroir mural rond,2,36.11,72.22
INV500874,2023-06-30,10170,France,STK007,Panier de rangement,4,21.21,84.84
INV500874,2023-06-30,10170,France,STK006,Cadre photo bois,5,10.32,51.6
INV500874,2023-06-30,10170,France,STK006,Cadre photo bois,2,9.23,18.46
INV500874,2023-06-30,10170,France,STK003,Set de tasses ceramique,3,16.82,50.46
INV500875,2023-08-14,10171,Spain,STK005,Bougie parfumee,4,12.18,48.72
INV500875,2023-08-14,10171,Spain,STK004,Plaid tricote,1,29.52,29.52
INV500875,2023-08-14,10171,Spain,STK006,Cadre photo bois,3,6.79,20.37
INV500875,2023-08-14,10171,Spain,STK001,Lampe de bureau design,5,27.27,136.35
INV500876,2023-08-04,10171,Spain,STK004,Plaid tricote,4,36.67,146.68
INV500876,2023-08-04,10171,Spain,STK011,Plateau en bambou,5,25.11,125.55
INV500876,2023-08-04,10171,Spain,STK003,Set de tasses ceramique,5,10.23,51.150000000000006
INV500877,2023-02-17,10171,Spain,STK004,Plaid tricote,4,28.67,114.68
INV500877,2023-02-17,10171,Spain,STK006,Cadre photo bois,5,11.28,56.4
INV500877,2023-02-17,10171,Spain,STK001,Lampe de bureau design,2,20.34,40.68
INV500877,2023-02-17,10171,Spain,STK004,Plaid tricote,4,25.52,102.08
INV500878,2023-05-06,10172,France,STK006,Cadre photo bois,5,10.02,50.099999999999994
INV500878,2023-05-06,10172,France,STK005,Bougie parfumee,5,14.04,70.19999999999999
INV500878,2023-05-06,10172,France,STK005,Bougie parfumee,4,14.98,59.92
INV500879,2023-04-05,10172,France,STK007,Panier de rangement,3,22.42,67.26
INV500879,2023-04-05,10172,France,STK005,Bougie parfumee,3,11.44,34.32
INV500879,2023-04-05,10172,France,STK002,Coussin en lin,1,14.84,14.84
INV500880,2023-03-08,10172,France,STK001,Lampe de bureau design,3,24.14,72.42
INV500880,2023-03-08,10172,France,STK005,Bougie parfumee,3,10.41,31.23
INV500881,2023-06-11,10172,France,STK006,Cadre photo bois,1,11.73,11.73
INV500881,2023-06-11,10172,France,STK004,Plaid tricote,4,19.78,79.12
INV500881,2023-06-11,10172,France,STK001,Lampe de bureau design,4,30.3,121.2
INV500882,2023-02-18,10173,Portugal,STK002,Coussin en lin,2,22.64,45.28
INV500882,2023-02-18,10173,Portugal,STK010,Guirlande lumineuse,2,15.81,31.62
INV500882,2023-02-18,10173,Portugal,STK005,Bougie parfumee,1,17.72,17.72
INV500883,2023-05-15,10173,Portugal,STK002,Coussin en lin,4,19.92,79.68
INV500883,2023-05-15,10173,Portugal,STK002,Coussin en lin,3,15.32,45.96
INV500883,2023-05-15,10173,Portugal,STK008,Tapis de bain,3,26.4,79.19999999999999
INV500883,2023-05-15,10173,Portugal,STK009,Vase en verre,2,16.19,32.38
INV500884,2023-02-07,10173,Portugal,STK004,Plaid tricote,5,34.54,172.7
INV500884,2023-02-07,10173,Portugal,STK005,Bougie parfumee,3,11.75,35.25
INV500884,2023-02-07,10173,Portugal,STK001,Lampe de bureau design,3,22.06,66.17999999999999
INV500884,2023-02-07,10173,Portugal,STK010,Guirlande lumineuse,4,14.96,59.84
INV500885,2023-11-04,10173,Portugal,STK008,Tapis de bain,3,36.83,110.49
INV500885,2023-11-04,10173,Portugal,STK012,Miroir mural rond,4,31.14,124.56
INV500886,2023-03-18,10173,Portugal,STK010,Guirlande lumineuse,1,13.08,13.08
INV500886,2023-03-18,10173,Portugal,STK007,Panier de rangement,1,17.05,17.05
INV500886,2023-03-18,10173,Portugal,STK011,Plateau en bambou,2,18.3,36.6
INV500886,2023-03-18,10173,Portugal,STK007,Panier de rangement,4,21.02,84.08
INV500887,2023-08-20,10173,Portugal,STK011,Plateau en bambou,2,20.29,40.58
INV500888,2023-11-28,10173,Portugal,STK001,Lampe de bureau design,3,26.61,79.83
INV500888,2023-11-28,10173,Portugal,STK003,Set de tasses ceramique,1,7.46,7.46
INV500888,2023-11-28,10173,Portugal,STK010,Guirlande lumineuse,1,12.36,12.36
INV500889,2023-10-19,10174,Italy,STK007,Panier de rangement,5,15.35,76.75
INV500890,2023-12-30,10174,Italy,STK006,Cadre photo bois,1,9.75,9.75
INV500890,2023-12-30,10174,Italy,STK007,Panier de rangement,4,24.28,97.12
INV500890,2023-12-30,10174,Italy,STK006,Cadre photo bois,5,8.64,43.2
INV500890,2023-12-30,10174,Italy,STK012,Miroir mural rond,5,46.73,233.64999999999998
INV500891,2023-08-30,10174,Italy,STK010,Guirlande lumineuse,5,16.81,84.05
INV500891,2023-08-30,10174,Italy,STK008,Tapis de bain,2,27.11,54.22
INV500891,2023-08-30,10174,Italy,STK011,Plateau en bambou,4,26.26,105.04
INV500891,2023-08-30,10174,Italy,STK002,Coussin en lin,5,18.74,93.69999999999999
INV500892,2023-12-14,10174,Italy,STK008,Tapis de bain,5,22.18,110.9
INV500892,2023-12-14,10174,Italy,STK009,Vase en verre,3,19.46,58.38
INV500892,2023-12-14,10174,Italy,STK006,Cadre photo bois,2,8.04,16.08
INV500893,2023-08-19,10174,Italy,STK002,Coussin en lin,1,21.69,21.69
INV500893,2023-08-19,10174,Italy,STK005,Bougie parfumee,3,15.81,47.43
INV500894,2023-05-22,10174,Italy,STK003,Set de tasses ceramique,4,17.66,70.64
INV500894,2023-05-22,10174,Italy,STK009,Vase en verre,5,15.38,76.9
INV500894,2023-05-22,10174,Italy,STK010,Guirlande lumineuse,4,15.04,60.16
INV500895,2023-07-14,10174,Italy,STK012,Miroir mural rond,3,41.07,123.21000000000001
INV500896,2023-10-04,10174,Italy,STK004,Plaid tricote,4,35.08,140.32
INV500896,2023-10-04,10174,Italy,STK010,Guirlande lumineuse,3,10.05,30.150000000000002
INV500896,2023-10-04,10174,Italy,STK004,Plaid tricote,5,38.99,194.95000000000002
INV500897,2023-12-04,10174,Italy,STK007,Panier de rangement,2,21.65,43.3
INV500898,2023-11-15,10174,Italy,STK001,Lampe de bureau design,4,28.84,115.36
INV500898,2023-11-15,10174,Italy,STK007,Panier de rangement,2,22.28,44.56
INV500898,2023-11-15,10174,Italy,STK008,Tapis de bain,4,20.11,80.44
INV500898,2023-11-15,10174,Italy,STK007,Panier de rangement,2,20.28,40.56
INV500899,2023-12-14,10174,Italy,STK011,Plateau en bambou,5,26.78,133.9
INV500899,2023-12-14,10174,Italy,STK010,Guirlande lumineuse,3,13.35,40.05
INV500899,2023-12-14,10174,Italy,STK012,Miroir mural rond,4,48.84,195.36
INV500899,2023-12-14,10174,Italy,STK012,Miroir mural rond,5,43.43,217.15
INV500900,2023-08-28,10174,Italy,STK002,Coussin en lin,3,17.47,52.41
INV500900,2023-08-28,10174,Italy,STK010,Guirlande lumineuse,5,12.26,61.3
INV500900,2023-08-28,10174,Italy,STK010,Guirlande lumineuse,2,15.32,30.64
INV500900,2023-08-28,10174,Italy,STK010,Guirlande lumineuse,1,13.37,13.37
INV500901,2023-08-04,10174,Italy,STK002,Coussin en lin,2,17.37,34.74
INV500901,2023-08-04,10174,Italy,STK006,Cadre photo bois,4,10.46,41.84
INV500901,2023-08-04,10174,Italy,STK012,Miroir mural rond,5,47.27,236.35000000000002
INV500902,2023-07-17,10175,France,STK010,Guirlande lumineuse,1,12.19,12.19
INV500902,2023-07-17,10175,France,STK011,Plateau en bambou,3,18.6,55.800000000000004
INV500902,2023-07-17,10175,France,STK010,Guirlande lumineuse,4,12.84,51.36
INV500903,2023-02-11,10175,France,STK006,Cadre photo bois,3,9.9,29.700000000000003
INV500903,2023-02-11,10175,France,STK007,Panier de rangement,1,15.66,15.66
INV500903,2023-02-11,10175,France,STK007,Panier de rangement,1,22.24,22.24
INV500903,2023-02-11,10175,France,STK012,Miroir mural rond,4,40.95,163.8
INV500904,2023-10-16,10175,France,STK011,Plateau en bambou,2,20.18,40.36
INV500905,2023-01-17,10176,France,STK011,Plateau en bambou,3,21.18,63.54
INV500905,2023-01-17,10176,France,STK003,Set de tasses ceramique,5,11.81,59.050000000000004
INV500905,2023-01-17,10176,France,STK012,Miroir mural rond,4,29.81,119.24
INV500906,2023-08-26,10176,France,STK010,Guirlande lumineuse,5,16.28,81.4
INV500906,2023-08-26,10176,France,STK009,Vase en verre,1,18.18,18.18
INV500907,2023-04-16,10176,France,STK007,Panier de rangement,5,21.58,107.89999999999999
INV500907,2023-04-16,10176,France,STK007,Panier de rangement,5,22.24,111.19999999999999
INV500908,2023-03-17,10176,France,STK005,Bougie parfumee,2,14.52,29.04
INV500908,2023-03-17,10176,France,STK002,Coussin en lin,2,18.5,37.0
INV500908,2023-03-17,10176,France,STK002,Coussin en lin,4,13.92,55.68
INV500908,2023-03-17,10176,France,STK012,Miroir mural rond,4,32.44,129.76
INV500909,2023-06-09,10176,France,STK009,Vase en verre,1,21.44,21.44
INV500909,2023-06-09,10176,France,STK006,Cadre photo bois,5,9.69,48.449999999999996
INV500909,2023-06-09,10176,France,STK002,Coussin en lin,5,18.98,94.9
INV500909,2023-06-09,10176,France,STK002,Coussin en lin,2,21.08,42.16
INV500910,2023-07-18,10177,Italy,STK009,Vase en verre,4,22.54,90.16
INV500910,2023-07-18,10177,Italy,STK010,Guirlande lumineuse,4,13.59,54.36
INV500910,2023-07-18,10177,Italy,STK011,Plateau en bambou,3,27.28,81.84
INV500910,2023-07-18,10177,Italy,STK004,Plaid tricote,5,38.89,194.45
INV500911,2023-05-12,10177,Italy,STK007,Panier de rangement,5,20.19,100.95
INV500911,2023-05-12,10177,Italy,STK007,Panier de rangement,2,19.46,38.92
INV500911,2023-05-12,10177,Italy,STK007,Panier de rangement,2,20.5,41.0
INV500911,2023-05-12,10177,Italy,STK012,Miroir mural rond,5,41.58,207.89999999999998
INV500912,2023-05-11,10177,Italy,STK005,Bougie parfumee,2,12.35,24.7
INV500913,2023-07-20,10178,France,STK012,Miroir mural rond,3,44.55,133.64999999999998
INV500913,2023-07-20,10178,France,STK009,Vase en verre,1,23.71,23.71
INV500913,2023-07-20,10178,France,STK003,Set de tasses ceramique,1,17.53,17.53
INV500914,2023-04-26,10178,France,STK008,Tapis de bain,1,26.9,26.9
INV500914,2023-04-26,10178,France,STK011,Plateau en bambou,5,19.34,96.7
INV500914,2023-04-26,10178,France,STK009,Vase en verre,2,22.57,45.14
INV500915,2023-04-28,10178,France,STK012,Miroir mural rond,4,42.13,168.52
INV500916,2023-09-27,10178,France,STK011,Plateau en bambou,3,23.15,69.44999999999999
INV500917,2023-07-17,10178,France,STK007,Panier de rangement,2,15.51,31.02
INV500917,2023-07-17,10178,France,STK009,Vase en verre,2,15.54,31.08
INV500917,2023-07-17,10178,France,STK004,Plaid tricote,1,31.2,31.2
INV500917,2023-07-17,10178,France,STK008,Tapis de bain,5,26.7,133.5
INV500918,2023-03-07,10178,France,STK009,Vase en verre,5,17.05,85.25
INV500919,2023-06-07,10179,France,STK003,Set de tasses ceramique,1,12.84,12.84
INV500919,2023-06-07,10179,France,STK008,Tapis de bain,2,29.67,59.34
INV500919,2023-06-07,10179,France,STK001,Lampe de bureau design,2,25.5,51.0
INV500919,2023-06-07,10179,France,STK008,Tapis de bain,5,26.9,134.5
INV500920,2023-04-19,10179,France,STK010,Guirlande lumineuse,2,10.95,21.9
INV500920,2023-04-19,10179,France,STK007,Panier de rangement,3,18.92,56.760000000000005
INV500920,2023-04-19,10179,France,STK012,Miroir mural rond,4,30.79,123.16
INV500921,2023-10-10,10179,France,STK008,Tapis de bain,5,39.58,197.89999999999998
INV500921,2023-10-10,10179,France,STK005,Bougie parfumee,4,10.99,43.96
INV500921,2023-10-10,10179,France,STK007,Panier de rangement,5,24.48,122.4
INV500922,2023-07-06,10179,France,STK008,Tapis de bain,2,28.43,56.86
INV500922,2023-07-06,10179,France,STK004,Plaid tricote,2,26.02,52.04
INV500923,2023-01-04,10179,France,STK001,Lampe de bureau design,2,21.09,42.18
INV500923,2023-01-04,10179,France,STK008,Tapis de bain,1,25.49,25.49
INV500923,2023-01-04,10179,France,STK007,Panier de rangement,1,27.92,27.92
INV500923,2023-01-04,10179,France,STK006,Cadre photo bois,4,8.76,35.04
INV500924,2023-04-28,10180,France,STK001,Lampe de bureau design,1,23.52,23.52
INV500924,2023-04-28,10180,France,STK003,Set de tasses ceramique,1,15.83,15.83
INV500924,2023-04-28,10180,France,STK001,Lampe de bureau design,2,19.82,39.64
INV500924,2023-04-28,10180,France,STK004,Plaid tricote,1,31.02,31.02
INV500925,2023-09-16,10180,France,STK011,Plateau en bambou,2,15.46,30.92
INV500925,2023-09-16,10180,France,STK004,Plaid tricote,1,32.55,32.55
INV500925,2023-09-16,10180,France,STK008,Tapis de bain,4,26.99,107.96
INV500926,2023-08-16,10180,France,STK002,Coussin en lin,1,17.35,17.35
INV500926,2023-08-16,10180,France,STK009,Vase en verre,2,19.15,38.3
INV500927,2023-12-25,10180,France,STK003,Set de tasses ceramique,5,14.05,70.25
INV500928,2023-06-09,10180,France,STK003,Set de tasses ceramique,5,16.76,83.80000000000001
INV500928,2023-06-09,10180,France,STK007,Panier de rangement,3,24.03,72.09
INV500928,2023-06-09,10180,France,STK012,Miroir mural rond,2,35.63,71.26
INV500928,2023-06-09,10180,France,STK006,Cadre photo bois,5,8.52,42.599999999999994
INV500929,2023-07-12,10181,France,STK006,Cadre photo bois,4,9.8,39.2
INV500929,2023-07-12,10181,France,STK001,Lampe de bureau design,3,24.55,73.65
INV500929,2023-07-12,10181,France,STK005,Bougie parfumee,3,11.47,34.410000000000004
INV500930,2023-05-10,10181,France,STK001,Lampe de bureau design,4,20.55,82.2
INV500931,2023-03-28,10181,France,STK007,Panier de rangement,2,28.64,57.28
INV500931,2023-03-28,10181,France,STK012,Miroir mural rond,4,42.3,169.2
INV500931,2023-03-28,10181,France,STK008,Tapis de bain,2,23.34,46.68
INV500931,2023-03-28,10181,France,STK012,Miroir mural rond,1,36.53,36.53
INV500932,2023-03-27,10182,France,STK006,Cadre photo bois,4,8.6,34.4
INV500933,2023-02-20,10182,France,STK006,Cadre photo bois,4,9.38,37.52
INV500934,2023-03-06,10182,France,STK006,Cadre photo bois,3,9.89,29.67
INV500934,2023-03-06,10182,France,STK007,Panier de rangement,4,23.25,93.0
INV500935,2023-04-26,10182,France,STK005,Bougie parfumee,4,10.6,42.4
INV500935,2023-04-26,10182,France,STK008,Tapis de bain,4,26.0,104.0
INV500936,2023-11-26,10182,France,STK008,Tapis de bain,1,27.28,27.28
INV500937,2023-12-20,10183,Belgium,STK006,Cadre photo bois,3,10.07,30.21
INV500938,2023-06-27,10183,Belgium,STK008,Tapis de bain,1,26.65,26.65
INV500939,2023-05-21,10184,Netherlands,STK010,Guirlande lumineuse,4,18.14,72.56
INV500940,2023-06-09,10184,Netherlands,STK005,Bougie parfumee,1,14.71,14.71
INV500941,2023-11-27,10185,Spain,STK006,Cadre photo bois,4,12.74,50.96
INV500941,2023-11-27,10185,Spain,STK001,Lampe de bureau design,5,27.72,138.6
INV500941,2023-11-27,10185,Spain,STK007,Panier de rangement,5,19.32,96.6
INV500941,2023-11-27,10185,Spain,STK003,Set de tasses ceramique,3,12.73,38.19
INV500942,2023-07-22,10185,Spain,STK010,Guirlande lumineuse,3,14.37,43.11
INV500942,2023-07-22,10185,Spain,STK003,Set de tasses ceramique,2,15.29,30.58
INV500942,2023-07-22,10185,Spain,STK008,Tapis de bain,3,28.38,85.14
INV500943,2023-05-31,10185,Spain,STK003,Set de tasses ceramique,2,17.63,35.26
INV500944,2023-04-28,10185,Spain,STK005,Bougie parfumee,4,16.28,65.12
INV500944,2023-04-28,10185,Spain,STK010,Guirlande lumineuse,1,14.31,14.31
INV500945,2023-01-31,10185,Spain,STK006,Cadre photo bois,1,7.6,7.6
INV500946,2023-10-19,10185,Spain,STK006,Cadre photo bois,1,9.57,9.57
INV500946,2023-10-19,10185,Spain,STK011,Plateau en bambou,1,26.92,26.92
INV500946,2023-10-19,10185,Spain,STK004,Plaid tricote,1,26.13,26.13
INV500946,2023-10-19,10185,Spain,STK004,Plaid tricote,1,36.07,36.07
INV500947,2023-11-12,10185,Spain,STK003,Set de tasses ceramique,3,15.6,46.8
INV500947,2023-11-12,10185,Spain,STK012,Miroir mural rond,3,29.86,89.58
INV500947,2023-11-12,10185,Spain,STK007,Panier de rangement,4,16.16,64.64
INV500948,2023-02-04,10185,Spain,STK003,Set de tasses ceramique,1,18.61,18.61
INV500948,2023-02-04,10185,Spain,STK011,Plateau en bambou,1,24.61,24.61
INV500949,2023-08-14,10185,Spain,STK003,Set de tasses ceramique,2,17.2,34.4
INV500949,2023-08-14,10185,Spain,STK012,Miroir mural rond,5,37.98,189.89999999999998
INV500949,2023-08-14,10185,Spain,STK003,Set de tasses ceramique,4,13.47,53.88
INV500949,2023-08-14,10185,Spain,STK003,Set de tasses ceramique,2,17.72,35.44
INV500950,2023-11-19,10185,Spain,STK002,Coussin en lin,1,16.95,16.95
INV500951,2023-09-28,10185,Spain,STK012,Miroir mural rond,5,41.69,208.45
INV500951,2023-09-28,10185,Spain,STK011,Plateau en bambou,5,24.04,120.19999999999999
INV500952,2023-07-20,10185,Spain,STK012,Miroir mural rond,5,40.59,202.95000000000002
INV500952,2023-07-20,10185,Spain,STK007,Panier de rangement,4,25.3,101.2
INV500952,2023-07-20,10185,Spain,STK012,Miroir mural rond,1,46.11,46.11
INV500952,2023-07-20,10185,Spain,STK004,Plaid tricote,4,37.33,149.32
INV500953,2023-12-18,10185,Spain,STK011,Plateau en bambou,3,22.37,67.11
INV500953,2023-12-18,10185,Spain,STK001,Lampe de bureau design,1,26.0,26.0
INV500953,2023-12-18,10185,Spain,STK004,Plaid tricote,4,31.93,127.72
INV500954,2023-07-22,10185,Spain,STK005,Bougie parfumee,3,14.55,43.650000000000006
INV500955,2023-06-12,10185,Spain,STK008,Tapis de bain,2,27.71,55.42
INV500955,2023-06-12,10185,Spain,STK010,Guirlande lumineuse,2,9.21,18.42
INV500956,2023-08-16,10185,Spain,STK004,Plaid tricote,2,24.08,48.16
INV500956,2023-08-16,10185,Spain,STK005,Bougie parfumee,2,14.2,28.4
INV500957,2023-06-25,10185,Spain,STK001,Lampe de bureau design,5,16.9,84.5
INV500957,2023-06-25,10185,Spain,STK011,Plateau en bambou,3,22.83,68.49
INV500957,2023-06-25,10185,Spain,STK005,Bougie parfumee,4,12.44,49.76
INV500958,2023-07-11,10185,Spain,STK004,Plaid tricote,3,34.26,102.78
INV500958,2023-07-11,10185,Spain,STK003,Set de tasses ceramique,5,13.45,67.25
INV500959,2023-01-10,10186,France,STK010,Guirlande lumineuse,5,15.83,79.15
INV500959,2023-01-10,10186,France,STK005,Bougie parfumee,3,12.23,36.69
INV500959,2023-01-10,10186,France,STK010,Guirlande lumineuse,4,11.15,44.6
INV500960,2023-03-03,10186,France,STK005,Bougie parfumee,5,13.16,65.8
INV500960,2023-03-03,10186,France,STK012,Miroir mural rond,3,40.7,122.10000000000001
INV500960,2023-03-03,10186,France,STK010,Guirlande lumineuse,2,14.56,29.12
INV500961,2023-11-06,10186,France,STK007,Panier de rangement,3,25.46,76.38
INV500961,2023-11-06,10186,France,STK009,Vase en verre,4,13.84,55.36
INV500961,2023-11-06,10186,France,STK004,Plaid tricote,5,28.58,142.89999999999998
INV500961,2023-11-06,10186,France,STK002,Coussin en lin,2,26.06,52.12
INV500962,2023-02-09,10186,France,STK002,Coussin en lin,3,21.15,63.449999999999996
INV500962,2023-02-09,10186,France,STK006,Cadre photo bois,5,12.48,62.400000000000006
INV500963,2023-05-26,10186,France,STK007,Panier de rangement,5,18.03,90.15
INV500964,2023-07-08,10186,France,STK004,Plaid tricote,1,39.44,39.44
INV500964,2023-07-08,10186,France,STK004,Plaid tricote,3,32.99,98.97
INV500965,2023-04-06,10186,France,STK009,Vase en verre,1,16.26,16.26
INV500965,2023-04-06,10186,France,STK011,Plateau en bambou,5,19.76,98.80000000000001
INV500965,2023-04-06,10186,France,STK012,Miroir mural rond,4,34.28,137.12
INV500966,2023-06-22,10186,France,STK003,Set de tasses ceramique,4,12.51,50.04
INV500966,2023-06-22,10186,France,STK004,Plaid tricote,1,44.64,44.64
INV500966,2023-06-22,10186,France,STK002,Coussin en lin,1,16.25,16.25
INV500966,2023-06-22,10186,France,STK009,Vase en verre,2,22.95,45.9
INV500967,2023-05-19,10186,France,STK003,Set de tasses ceramique,3,15.59,46.769999999999996
INV500967,2023-05-19,10186,France,STK008,Tapis de bain,1,35.4,35.4
INV500968,2023-07-17,10186,France,STK006,Cadre photo bois,2,9.3,18.6
INV500968,2023-07-17,10186,France,STK003,Set de tasses ceramique,3,16.19,48.57000000000001
INV500968,2023-07-17,10186,France,STK007,Panier de rangement,1,26.19,26.19
INV500969,2023-04-16,10186,France,STK001,Lampe de bureau design,2,30.24,60.48
INV500970,2023-01-20,10186,France,STK012,Miroir mural rond,4,47.6,190.4
INV500970,2023-01-20,10186,France,STK011,Plateau en bambou,4,19.25,77.0
INV500970,2023-01-20,10186,France,STK010,Guirlande lumineuse,1,17.96,17.96
INV500970,2023-01-20,10186,France,STK005,Bougie parfumee,3,16.06,48.17999999999999
INV500971,2023-12-08,10186,France,STK010,Guirlande lumineuse,3,16.05,48.150000000000006
INV500971,2023-12-08,10186,France,STK002,Coussin en lin,5,14.18,70.9
INV500971,2023-12-08,10186,France,STK009,Vase en verre,4,20.29,81.16
INV500972,2023-10-27,10186,France,STK007,Panier de rangement,1,20.46,20.46
INV500973,2023-11-03,10186,France,STK008,Tapis de bain,4,28.07,112.28
INV500974,2023-05-20,10186,France,STK007,Panier de rangement,2,22.71,45.42
INV500974,2023-05-20,10186,France,STK005,Bougie parfumee,3,13.5,40.5
INV500975,2023-12-16,10186,France,STK001,Lampe de bureau design,2,23.23,46.46
INV500975,2023-12-16,10186,France,STK007,Panier de rangement,1,21.09,21.09
INV500975,2023-12-16,10186,France,STK002,Coussin en lin,3,16.55,49.650000000000006
INV500976,2023-10-04,10187,France,STK006,Cadre photo bois,3,10.82,32.46
INV500977,2023-12-20,10187,France,STK009,Vase en verre,4,19.8,79.2
INV500977,2023-12-20,10187,France,STK003,Set de tasses ceramique,1,16.2,16.2
INV500978,2023-10-30,10187,France,STK012,Miroir mural rond,2,51.17,102.34
INV500979,2023-11-01,10187,France,STK010,Guirlande lumineuse,2,12.69,25.38
INV500979,2023-11-01,10187,France,STK012,Miroir mural rond,4,34.4,137.6
INV500979,2023-11-01,10187,France,STK003,Set de tasses ceramique,4,14.14,56.56
INV500980,2023-07-20,10187,France,STK004,Plaid tricote,3,31.55,94.65
INV500980,2023-07-20,10187,France,STK006,Cadre photo bois,3,10.58,31.740000000000002
INV500981,2023-08-09,10187,France,STK009,Vase en verre,4,12.24,48.96
INV500981,2023-08-09,10187,France,STK012,Miroir mural rond,5,28.37,141.85
INV500981,2023-08-09,10187,France,STK002,Coussin en lin,1,20.38,20.38
INV500982,2023-12-07,10187,France,STK002,Coussin en lin,4,15.39,61.56
INV500982,2023-12-07,10187,France,STK008,Tapis de bain,1,26.55,26.55
INV500982,2023-12-07,10187,France,STK009,Vase en verre,4,21.03,84.12
INV500983,2023-05-12,10187,France,STK003,Set de tasses ceramique,1,14.0,14.0
INV500984,2023-08-18,10187,France,STK001,Lampe de bureau design,4,21.42,85.68
INV500984,2023-08-18,10187,France,STK009,Vase en verre,1,23.15,23.15
INV500984,2023-08-18,10187,France,STK007,Panier de rangement,4,21.07,84.28
INV500985,2023-10-23,10187,France,STK004,Plaid tricote,5,25.61,128.05
INV500985,2023-10-23,10187,France,STK006,Cadre photo bois,1,12.0,12.0
INV500986,2023-06-21,10187,France,STK007,Panier de rangement,2,14.35,28.7
INV500987,2023-08-19,10188,France,STK008,Tapis de bain,5,28.06,140.29999999999998
INV500988,2023-04-21,10188,France,STK003,Set de tasses ceramique,5,16.61,83.05
INV500989,2023-06-25,10188,France,STK011,Plateau en bambou,3,22.24,66.72
INV500989,2023-06-25,10188,France,STK007,Panier de rangement,1,17.45,17.45
INV500990,2023-10-25,10188,France,STK001,Lampe de bureau design,1,26.45,26.45
INV500991,2023-05-14,10188,France,STK006,Cadre photo bois,1,11.61,11.61
INV500991,2023-05-14,10188,France,STK003,Set de tasses ceramique,2,15.69,31.38
INV500991,2023-05-14,10188,France,STK007,Panier de rangement,4,16.05,64.2
INV500992,2023-07-31,10188,France,STK007,Panier de rangement,5,20.24,101.19999999999999
INV500993,2023-03-02,10189,Portugal,STK002,Coussin en lin,1,19.35,19.35
INV500993,2023-03-02,10189,Portugal,STK006,Cadre photo bois,3,10.67,32.01
INV500994,2023-09-10,10189,Portugal,STK001,Lampe de bureau design,2,25.64,51.28
INV500995,2023-07-29,10189,Portugal,STK012,Miroir mural rond,1,37.49,37.49
INV500995,2023-07-29,10189,Portugal,STK008,Tapis de bain,4,21.99,87.96
INV500995,2023-07-29,10189,Portugal,STK006,Cadre photo bois,1,10.7,10.7
INV500995,2023-07-29,10189,Portugal,STK011,Plateau en bambou,3,19.09,57.269999999999996
INV500996,2023-02-08,10189,Portugal,STK004,Plaid tricote,1,27.37,27.37
INV500996,2023-02-08,10189,Portugal,STK003,Set de tasses ceramique,2,11.67,23.34
INV500996,2023-02-08,10189,Portugal,STK003,Set de tasses ceramique,1,13.34,13.34
INV500997,2023-11-25,10190,France,STK010,Guirlande lumineuse,1,14.16,14.16
INV500997,2023-11-25,10190,France,STK011,Plateau en bambou,3,25.13,75.39
INV500998,2023-08-12,10190,France,STK012,Miroir mural rond,4,43.06,172.24
INV500999,2023-01-01,10190,France,STK001,Lampe de bureau design,5,25.69,128.45000000000002
INV500999,2023-01-01,10190,France,STK002,Coussin en lin,2,22.65,45.3
INV501000,2023-09-16,10190,France,STK009,Vase en verre,5,16.84,84.2
INV501000,2023-09-16,10190,France,STK003,Set de tasses ceramique,3,13.31,39.93
INV501000,2023-09-16,10190,France,STK008,Tapis de bain,3,25.03,75.09
INV501000,2023-09-16,10190,France,STK007,Panier de rangement,2,24.72,49.44
INV501001,2023-11-27,10190,France,STK007,Panier de rangement,5,15.49,77.45
INV501001,2023-11-27,10190,France,STK003,Set de tasses ceramique,5,18.19,90.95
INV501001,2023-11-27,10190,France,STK003,Set de tasses ceramique,5,11.54,57.699999999999996
INV501001,2023-11-27,10190,France,STK003,Set de tasses ceramique,2,17.67,35.34
INV501002,2023-12-11,10190,France,STK002,Coussin en lin,3,19.3,57.900000000000006
INV501002,2023-12-11,10190,France,STK002,Coussin en lin,1,19.67,19.67
INV501003,2023-12-16,10190,France,STK007,Panier de rangement,1,21.29,21.29
INV501004,2023-11-28,10190,France,STK004,Plaid tricote,3,30.21,90.63
INV501004,2023-11-28,10190,France,STK012,Miroir mural rond,1,40.56,40.56
INV501004,2023-11-28,10190,France,STK009,Vase en verre,3,16.4,49.199999999999996
INV501004,2023-11-28,10190,France,STK007,Panier de rangement,4,27.89,111.56
INV501005,2023-04-15,10190,France,STK010,Guirlande lumineuse,1,12.41,12.41
INV501005,2023-04-15,10190,France,STK004,Plaid tricote,3,26.3,78.9
INV501006,2023-08-21,10190,France,STK005,Bougie parfumee,5,12.58,62.9
INV501006,2023-08-21,10190,France,STK012,Miroir mural rond,5,42.72,213.6
INV501006,2023-08-21,10190,France,STK005,Bougie parfumee,4,10.76,43.04
INV501006,2023-08-21,10190,France,STK004,Plaid tricote,1,37.55,37.55
INV501007,2023-10-17,10190,France,STK006,Cadre photo bois,1,12.63,12.63
INV501007,2023-10-17,10190,France,STK007,Panier de rangement,4,27.02,108.08
INV501007,2023-10-17,10190,France,STK001,Lampe de bureau design,1,21.9,21.9
INV501007,2023-10-17,10190,France,STK005,Bougie parfumee,5,16.71,83.55000000000001
INV501008,2023-09-29,10190,France,STK011,Plateau en bambou,1,21.8,21.8
INV501008,2023-09-29,10190,France,STK002,Coussin en lin,3,19.32,57.96
INV501008,2023-09-29,10190,France,STK005,Bougie parfumee,2,12.7,25.4
INV501008,2023-09-29,10190,France,STK010,Guirlande lumineuse,3,13.3,39.900000000000006
INV501009,2023-06-29,10190,France,STK006,Cadre photo bois,4,11.12,44.48
INV501009,2023-06-29,10190,France,STK012,Miroir mural rond,2,45.04,90.08
INV501009,2023-06-29,10190,France,STK001,Lampe de bureau design,2,29.92,59.84
INV501009,2023-06-29,10190,France,STK002,Coussin en lin,4,20.73,82.92
INV501010,2023-01-28,10190,France,STK007,Panier de rangement,1,23.1,23.1
INV501010,2023-01-28,10190,France,STK006,Cadre photo bois,1,9.68,9.68
INV501010,2023-01-28,10190,France,STK011,Plateau en bambou,3,22.14,66.42
INV501011,2023-12-05,10190,France,STK001,Lampe de bureau design,3,30.37,91.11
INV501011,2023-12-05,10190,France,STK006,Cadre photo bois,4,10.63,42.52
INV501012,2023-07-21,10191,France,STK001,Lampe de bureau design,5,26.4,132.0
INV501012,2023-07-21,10191,France,STK002,Coussin en lin,4,20.17,80.68
INV501012,2023-07-21,10191,France,STK004,Plaid tricote,2,40.37,80.74
INV501012,2023-07-21,10191,France,STK005,Bougie parfumee,1,10.68,10.68
INV501013,2023-11-25,10191,France,STK011,Plateau en bambou,3,19.63,58.89
INV501013,2023-11-25,10191,France,STK007,Panier de rangement,4,19.64,78.56
INV501013,2023-11-25,10191,France,STK002,Coussin en lin,3,20.7,62.099999999999994
INV501013,2023-11-25,10191,France,STK003,Set de tasses ceramique,1,12.75,12.75
INV501014,2023-07-03,10191,France,STK008,Tapis de bain,3,28.05,84.15
INV501015,2023-12-13,10191,France,STK011,Plateau en bambou,1,27.23,27.23
INV501015,2023-12-13,10191,France,STK012,Miroir mural rond,3,47.45,142.35000000000002
INV501015,2023-12-13,10191,France,STK002,Coussin en lin,2,12.77,25.54
INV501016,2023-07-28,10191,France,STK011,Plateau en bambou,3,19.49,58.47
INV501016,2023-07-28,10191,France,STK009,Vase en verre,5,16.95,84.75
INV501016,2023-07-28,10191,France,STK012,Miroir mural rond,3,30.96,92.88
INV501017,2023-03-02,10192,Netherlands,STK011,Plateau en bambou,1,24.92,24.92
INV501017,2023-03-02,10192,Netherlands,STK001,Lampe de bureau design,2,25.42,50.84
INV501018,2023-05-18,10192,Netherlands,STK005,Bougie parfumee,3,13.58,40.74
INV501018,2023-05-18,10192,Netherlands,STK004,Plaid tricote,1,26.55,26.55
INV501018,2023-05-18,10192,Netherlands,STK004,Plaid tricote,3,33.53,100.59
INV501018,2023-05-18,10192,Netherlands,STK003,Set de tasses ceramique,4,12.12,48.48
INV501019,2023-04-09,10192,Netherlands,STK001,Lampe de bureau design,4,27.56,110.24
INV501019,2023-04-09,10192,Netherlands,STK002,Coussin en lin,3,18.85,56.550000000000004
INV501019,2023-04-09,10192,Netherlands,STK010,Guirlande lumineuse,1,14.65,14.65
INV501019,2023-04-09,10192,Netherlands,STK005,Bougie parfumee,1,14.04,14.04
INV501020,2023-05-21,10192,Netherlands,STK003,Set de tasses ceramique,5,15.72,78.60000000000001
INV501020,2023-05-21,10192,Netherlands,STK001,Lampe de bureau design,3,25.6,76.80000000000001
INV501021,2023-10-14,10192,Netherlands,STK012,Miroir mural rond,2,44.46,88.92
INV501021,2023-10-14,10192,Netherlands,STK009,Vase en verre,2,19.04,38.08
INV501021,2023-10-14,10192,Netherlands,STK001,Lampe de bureau design,2,29.92,59.84
INV501021,2023-10-14,10192,Netherlands,STK008,Tapis de bain,2,32.93,65.86
INV501022,2023-10-07,10192,Netherlands,STK003,Set de tasses ceramique,3,14.84,44.519999999999996
INV501022,2023-10-07,10192,Netherlands,STK001,Lampe de bureau design,2,27.85,55.7
INV501023,2023-01-20,10192,Netherlands,STK009,Vase en verre,5,22.8,114.0
INV501023,2023-01-20,10192,Netherlands,STK004,Plaid tricote,2,35.22,70.44
INV501024,2023-11-26,10192,Netherlands,STK012,Miroir mural rond,4,40.35,161.4
INV501024,2023-11-26,10192,Netherlands,STK009,Vase en verre,5,24.83,124.14999999999999
INV501025,2023-11-16,10192,Netherlands,STK012,Miroir mural rond,1,42.34,42.34
INV501026,2023-12-17,10192,Netherlands,STK011,Plateau en bambou,1,21.94,21.94
INV501027,2023-05-04,10192,Netherlands,STK006,Cadre photo bois,4,10.5,42.0
INV501027,2023-05-04,10192,Netherlands,STK009,Vase en verre,4,17.88,71.52
INV501027,2023-05-04,10192,Netherlands,STK012,Miroir mural rond,4,32.73,130.92
INV501027,2023-05-04,10192,Netherlands,STK006,Cadre photo bois,5,10.14,50.7
INV501028,2023-10-23,10192,Netherlands,STK006,Cadre photo bois,2,7.87,15.74
INV501028,2023-10-23,10192,Netherlands,STK007,Panier de rangement,5,23.77,118.85
INV501029,2023-09-03,10192,Netherlands,STK003,Set de tasses ceramique,4,15.73,62.92
INV501029,2023-09-03,10192,Netherlands,STK003,Set de tasses ceramique,2,15.67,31.34
INV501030,2023-10-17,10192,Netherlands,STK005,Bougie parfumee,5,15.35,76.75
INV501030,2023-10-17,10192,Netherlands,STK002,Coussin en lin,1,25.01,25.01
INV501030,2023-10-17,10192,Netherlands,STK008,Tapis de bain,2,31.24,62.48
INV501031,2023-11-15,10193,France,STK005,Bougie parfumee,3,15.79,47.37
INV501032,2023-08-25,10193,France,STK011,Plateau en bambou,2,23.68,47.36
INV501032,2023-08-25,10193,France,STK005,Bougie parfumee,3,15.03,45.089999999999996
INV501032,2023-08-25,10193,France,STK012,Miroir mural rond,4,25.58,102.32
INV501033,2023-09-22,10193,France,STK012,Miroir mural rond,2,47.46,94.92
INV501033,2023-09-22,10193,France,STK011,Plateau en bambou,5,23.52,117.6
INV501033,2023-09-22,10193,France,STK004,Plaid tricote,1,35.1,35.1
INV501033,2023-09-22,10193,France,STK003,Set de tasses ceramique,1,17.08,17.08
INV501034,2023-08-07,10193,France,STK001,Lampe de bureau design,2,18.01,36.02
INV501034,2023-08-07,10193,France,STK009,Vase en verre,4,20.64,82.56
INV501034,2023-08-07,10193,France,STK007,Panier de rangement,5,28.28,141.4
INV501035,2023-04-10,10194,France,STK004,Plaid tricote,5,38.03,190.15
INV501035,2023-04-10,10194,France,STK010,Guirlande lumineuse,4,12.25,49.0
INV501035,2023-04-10,10194,France,STK006,Cadre photo bois,2,11.23,22.46
INV501035,2023-04-10,10194,France,STK010,Guirlande lumineuse,3,13.4,40.2
INV501036,2023-03-02,10194,France,STK001,Lampe de bureau design,2,19.16,38.32
INV501036,2023-03-02,10194,France,STK005,Bougie parfumee,4,7.89,31.56
INV501036,2023-03-02,10194,France,STK002,Coussin en lin,5,16.15,80.75
INV501037,2023-01-14,10194,France,STK011,Plateau en bambou,1,21.5,21.5
INV501038,2023-01-29,10194,France,STK001,Lampe de bureau design,1,27.94,27.94
INV501038,2023-01-29,10194,France,STK004,Plaid tricote,2,31.19,62.38
INV501038,2023-01-29,10194,France,STK011,Plateau en bambou,3,30.62,91.86
INV501038,2023-01-29,10194,France,STK011,Plateau en bambou,1,15.57,15.57
INV501039,2023-01-09,10194,France,STK006,Cadre photo bois,3,8.54,25.619999999999997
INV501039,2023-01-09,10194,France,STK002,Coussin en lin,1,15.63,15.63
INV501040,2023-05-09,10194,France,STK009,Vase en verre,2,23.16,46.32
INV501040,2023-05-09,10194,France,STK006,Cadre photo bois,3,9.59,28.77
INV501040,2023-05-09,10194,France,STK008,Tapis de bain,2,23.29,46.58
INV501040,2023-05-09,10194,France,STK006,Cadre photo bois,2,11.74,23.48
INV501041,2023-03-23,10194,France,STK006,Cadre photo bois,4,10.5,42.0
INV501041,2023-03-23,10194,France,STK005,Bougie parfumee,5,13.12,65.6
INV501042,2023-02-02,10195,Belgium,STK008,Tapis de bain,5,31.78,158.9
INV501042,2023-02-02,10195,Belgium,STK011,Plateau en bambou,1,25.96,25.96
INV501042,2023-02-02,10195,Belgium,STK001,Lampe de bureau design,3,26.64,79.92
INV501043,2023-06-07,10195,Belgium,STK008,Tapis de bain,3,35.82,107.46000000000001
INV501043,2023-06-07,10195,Belgium,STK007,Panier de rangement,5,21.2,106.0
INV501043,2023-06-07,10195,Belgium,STK012,Miroir mural rond,3,46.18,138.54
INV501044,2023-08-27,10195,Belgium,STK001,Lampe de bureau design,4,23.92,95.68
INV501044,2023-08-27,10195,Belgium,STK009,Vase en verre,4,21.97,87.88
INV501044,2023-08-27,10195,Belgium,STK009,Vase en verre,3,14.88,44.64
INV501045,2023-01-13,10195,Belgium,STK002,Coussin en lin,5,12.02,60.099999999999994
INV501045,2023-01-13,10195,Belgium,STK007,Panier de rangement,2,22.61,45.22
INV501046,2023-07-02,10196,France,STK012,Miroir mural rond,5,48.04,240.2
INV501046,2023-07-02,10196,France,STK005,Bougie parfumee,4,11.06,44.24
INV501046,2023-07-02,10196,France,STK004,Plaid tricote,3,31.99,95.97
INV501046,2023-07-02,10196,France,STK012,Miroir mural rond,2,44.09,88.18
INV501047,2023-10-09,10196,France,STK007,Panier de rangement,2,14.23,28.46
INV501047,2023-10-09,10196,France,STK009,Vase en verre,3,15.17,45.51
INV501048,2023-12-13,10196,France,STK004,Plaid tricote,4,28.88,115.52
INV501048,2023-12-13,10196,France,STK007,Panier de rangement,4,23.59,94.36
INV501049,2023-03-05,10196,France,STK007,Panier de rangement,5,22.68,113.4
INV501049,2023-03-05,10196,France,STK004,Plaid tricote,1,22.66,22.66
INV501049,2023-03-05,10196,France,STK002,Coussin en lin,2,11.97,23.94
INV501050,2023-06-04,10196,France,STK008,Tapis de bain,3,26.69,80.07000000000001
INV501051,2023-10-28,10196,France,STK003,Set de tasses ceramique,2,14.54,29.08
INV501051,2023-10-28,10196,France,STK005,Bougie parfumee,5,9.95,49.75
INV501051,2023-10-28,10196,France,STK006,Cadre photo bois,1,11.84,11.84
INV501052,2023-08-16,10196,France,STK001,Lampe de bureau design,1,19.77,19.77
INV501053,2023-07-10,10196,France,STK005,Bougie parfumee,1,13.08,13.08
INV501053,2023-07-10,10196,France,STK009,Vase en verre,3,24.98,74.94
INV501053,2023-07-10,10196,France,STK001,Lampe de bureau design,1,25.72,25.72
INV501054,2023-11-11,10196,France,STK007,Panier de rangement,1,15.4,15.4
INV501054,2023-11-11,10196,France,STK008,Tapis de bain,3,27.48,82.44
INV501054,2023-11-11,10196,France,STK010,Guirlande lumineuse,1,18.71,18.71
INV501054,2023-11-11,10196,France,STK006,Cadre photo bois,4,10.25,41.0
INV501055,2023-01-14,10196,France,STK009,Vase en verre,1,21.97,21.97
INV501055,2023-01-14,10196,France,STK006,Cadre photo bois,4,9.27,37.08
INV501056,2023-12-18,10196,France,STK010,Guirlande lumineuse,4,13.9,55.6
INV501056,2023-12-18,10196,France,STK007,Panier de rangement,1,24.39,24.39
INV501056,2023-12-18,10196,France,STK001,Lampe de bureau design,1,28.23,28.23
INV501057,2023-05-27,10196,France,STK005,Bougie parfumee,4,15.39,61.56
INV501058,2023-11-23,10196,France,STK003,Set de tasses ceramique,1,13.2,13.2
INV501059,2023-11-20,10196,France,STK003,Set de tasses ceramique,2,16.73,33.46
INV501060,2023-12-30,10197,Netherlands,STK002,Coussin en lin,4,16.64,66.56
INV501060,2023-12-30,10197,Netherlands,STK012,Miroir mural rond,5,32.37,161.85
INV501061,2023-02-25,10198,France,STK010,Guirlande lumineuse,1,15.27,15.27
INV501061,2023-02-25,10198,France,STK011,Plateau en bambou,4,14.65,58.6
INV501062,2023-10-15,10198,France,STK001,Lampe de bureau design,4,26.29,105.16
INV501062,2023-10-15,10198,France,STK003,Set de tasses ceramique,2,13.7,27.4
INV501063,2023-06-07,10198,France,STK006,Cadre photo bois,1,8.99,8.99
INV501063,2023-06-07,10198,France,STK010,Guirlande lumineuse,1,15.08,15.08
INV501063,2023-06-07,10198,France,STK007,Panier de rangement,3,21.1,63.300000000000004
INV501064,2023-05-30,10198,France,STK002,Coussin en lin,1,21.48,21.48
INV501064,2023-05-30,10198,France,STK006,Cadre photo bois,4,9.13,36.52
INV501065,2023-01-14,10199,France,STK012,Miroir mural rond,2,44.85,89.7
INV501065,2023-01-14,10199,France,STK009,Vase en verre,3,18.72,56.16
INV501066,2023-10-05,10199,France,STK008,Tapis de bain,4,30.32,121.28
INV501067,2023-07-19,10200,France,STK009,Vase en verre,1,16.95,16.95
INV501067,2023-07-19,10200,France,STK009,Vase en verre,2,18.01,36.02
INV501067,2023-07-19,10200,France,STK004,Plaid tricote,5,31.77,158.85
INV501067,2023-07-19,10200,France,STK012,Miroir mural rond,5,32.71,163.55
INV501068,2023-07-05,10200,France,STK001,Lampe de bureau design,4,28.17,112.68
INV501068,2023-07-05,10200,France,STK012,Miroir mural rond,3,31.79,95.37
INV501068,2023-07-05,10200,France,STK006,Cadre photo bois,1,9.55,9.55
INV501069,2023-07-24,10201,Germany,STK004,Plaid tricote,4,34.66,138.64
INV501070,2023-09-08,10201,Germany,STK002,Coussin en lin,4,21.97,87.88
INV501070,2023-09-08,10201,Germany,STK011,Plateau en bambou,3,24.15,72.44999999999999
INV501070,2023-09-08,10201,Germany,STK002,Coussin en lin,5,22.26,111.30000000000001
INV501070,2023-09-08,10201,Germany,STK001,Lampe de bureau design,2,21.11,42.22
INV501071,2023-04-25,10202,France,STK001,Lampe de bureau design,3,32.79,98.37
INV501072,2023-09-23,10202,France,STK001,Lampe de bureau design,2,17.67,35.34
INV501072,2023-09-23,10202,France,STK010,Guirlande lumineuse,1,16.75,16.75
INV501072,2023-09-23,10202,France,STK008,Tapis de bain,5,34.18,170.9
INV501072,2023-09-23,10202,France,STK008,Tapis de bain,2,24.69,49.38
INV501073,2023-05-16,10202,France,STK003,Set de tasses ceramique,1,16.28,16.28
INV501073,2023-05-16,10202,France,STK003,Set de tasses ceramique,3,16.42,49.260000000000005
INV501073,2023-05-16,10202,France,STK012,Miroir mural rond,1,35.22,35.22
INV501074,2023-08-29,10202,France,STK006,Cadre photo bois,2,7.44,14.88
INV501074,2023-08-29,10202,France,STK003,Set de tasses ceramique,2,11.34,22.68
INV501075,2023-01-13,10202,France,STK002,Coussin en lin,2,20.3,40.6
INV501076,2023-10-30,10203,Italy,STK005,Bougie parfumee,4,14.64,58.56
INV501077,2023-04-28,10203,Italy,STK001,Lampe de bureau design,3,20.56,61.67999999999999
INV501078,2023-09-15,10203,Italy,STK005,Bougie parfumee,2,13.72,27.44
INV501078,2023-09-15,10203,Italy,STK012,Miroir mural rond,5,31.48,157.4
INV501078,2023-09-15,10203,Italy,STK010,Guirlande lumineuse,1,12.74,12.74
INV501078,2023-09-15,10203,Italy,STK007,Panier de rangement,1,23.85,23.85
INV501079,2023-07-02,10203,Italy,STK009,Vase en verre,4,19.3,77.2
INV501079,2023-07-02,10203,Italy,STK012,Miroir mural rond,2,40.84,81.68
INV501080,2023-08-27,10203,Italy,STK010,Guirlande lumineuse,1,10.83,10.83
INV501080,2023-08-27,10203,Italy,STK001,Lampe de bureau design,4,20.11,80.44
INV501080,2023-08-27,10203,Italy,STK005,Bougie parfumee,4,11.31,45.24
INV501080,2023-08-27,10203,Italy,STK009,Vase en verre,1,26.48,26.48
INV501081,2023-07-05,10203,Italy,STK003,Set de tasses ceramique,3,15.17,45.51
INV501082,2023-09-14,10203,Italy,STK004,Plaid tricote,2,34.2,68.4
INV501083,2023-10-26,10203,Italy,STK003,Set de tasses ceramique,5,17.01,85.05000000000001
INV501084,2023-03-11,10204,Italy,STK009,Vase en verre,1,21.66,21.66
INV501085,2023-09-25,10205,Netherlands,STK009,Vase en verre,3,22.24,66.72
INV501085,2023-09-25,10205,Netherlands,STK003,Set de tasses ceramique,3,15.29,45.87
INV501086,2023-12-28,10205,Netherlands,STK002,Coussin en lin,1,17.9,17.9
INV501086,2023-12-28,10205,Netherlands,STK003,Set de tasses ceramique,5,10.64,53.2
INV501086,2023-12-28,10205,Netherlands,STK011,Plateau en bambou,4,19.25,77.0
INV501087,2023-06-20,10205,Netherlands,STK011,Plateau en bambou,4,20.74,82.96
INV501087,2023-06-20,10205,Netherlands,STK002,Coussin en lin,4,15.21,60.84
INV501087,2023-06-20,10205,Netherlands,STK009,Vase en verre,2,17.84,35.68
INV501088,2023-12-07,10205,Netherlands,STK011,Plateau en bambou,5,17.17,85.85000000000001
INV501088,2023-12-07,10205,Netherlands,STK002,Coussin en lin,1,15.59,15.59
INV501089,2023-12-19,10205,Netherlands,STK008,Tapis de bain,1,29.81,29.81
INV501090,2023-12-20,10205,Netherlands,STK012,Miroir mural rond,3,44.07,132.21
INV501090,2023-12-20,10205,Netherlands,STK001,Lampe de bureau design,4,29.77,119.08
INV501090,2023-12-20,10205,Netherlands,STK012,Miroir mural rond,3,44.08,132.24
INV501091,2023-09-24,10205,Netherlands,STK002,Coussin en lin,2,22.2,44.4
INV501092,2023-09-21,10205,Netherlands,STK012,Miroir mural rond,1,30.82,30.82
INV501093,2023-12-30,10205,Netherlands,STK005,Bougie parfumee,1,16.25,16.25
INV501093,2023-12-30,10205,Netherlands,STK002,Coussin en lin,5,18.64,93.2
INV501093,2023-12-30,10205,Netherlands,STK005,Bougie parfumee,1,9.12,9.12
INV501094,2023-07-19,10205,Netherlands,STK006,Cadre photo bois,5,8.39,41.95
INV501094,2023-07-19,10205,Netherlands,STK012,Miroir mural rond,2,50.12,100.24
INV501094,2023-07-19,10205,Netherlands,STK007,Panier de rangement,4,15.88,63.52
INV501095,2023-11-05,10205,Netherlands,STK001,Lampe de bureau design,1,27.66,27.66
INV501096,2023-02-23,10205,Netherlands,STK011,Plateau en bambou,1,17.97,17.97
INV501096,2023-02-23,10205,Netherlands,STK004,Plaid tricote,4,27.44,109.76
INV501097,2023-05-13,10205,Netherlands,STK008,Tapis de bain,1,24.74,24.74
INV501098,2023-08-18,10205,Netherlands,STK001,Lampe de bureau design,1,20.15,20.15
INV501098,2023-08-18,10205,Netherlands,STK002,Coussin en lin,3,18.11,54.33
INV501098,2023-08-18,10205,Netherlands,STK003,Set de tasses ceramique,4,14.42,57.68
INV501098,2023-08-18,10205,Netherlands,STK012,Miroir mural rond,2,42.56,85.12
INV501099,2023-04-23,10206,France,STK011,Plateau en bambou,1,23.22,23.22
INV501099,2023-04-23,10206,France,STK003,Set de tasses ceramique,5,19.0,95.0
INV501099,2023-04-23,10206,France,STK010,Guirlande lumineuse,5,13.52,67.6
INV501100,2023-08-02,10206,France,STK006,Cadre photo bois,4,9.77,39.08
INV501100,2023-08-02,10206,France,STK007,Panier de rangement,2,20.83,41.66
INV501101,2023-03-31,10206,France,STK001,Lampe de bureau design,5,22.22,111.1
INV501102,2023-07-09,10207,France,STK005,Bougie parfumee,4,12.3,49.2
INV501102,2023-07-09,10207,France,STK006,Cadre photo bois,4,7.97,31.88
INV501102,2023-07-09,10207,France,STK012,Miroir mural rond,3,47.09,141.27
INV501102,2023-07-09,10207,France,STK005,Bougie parfumee,4,13.34,53.36
INV501103,2023-02-03,10207,France,STK010,Guirlande lumineuse,3,15.83,47.49
INV501103,2023-02-03,10207,France,STK002,Coussin en lin,2,14.37,28.74
INV501103,2023-02-03,10207,France,STK012,Miroir mural rond,4,36.7,146.8
INV501104,2023-07-25,10207,France,STK002,Coussin en lin,1,22.35,22.35
INV501104,2023-07-25,10207,France,STK001,Lampe de bureau design,1,24.98,24.98
INV501104,2023-07-25,10207,France,STK003,Set de tasses ceramique,3,17.81,53.42999999999999
INV501104,2023-07-25,10207,France,STK010,Guirlande lumineuse,3,16.15,48.449999999999996
INV501105,2023-09-03,10208,France,STK007,Panier de rangement,3,19.45,58.349999999999994
INV501106,2023-06-18,10208,France,STK011,Plateau en bambou,2,16.88,33.76
INV501106,2023-06-18,10208,France,STK004,Plaid tricote,4,38.19,152.76
INV501106,2023-06-18,10208,France,STK011,Plateau en bambou,5,17.63,88.14999999999999
INV501106,2023-06-18,10208,France,STK003,Set de tasses ceramique,5,13.01,65.05
INV501107,2023-06-12,10209,Portugal,STK005,Bougie parfumee,5,12.65,63.25
INV501107,2023-06-12,10209,Portugal,STK001,Lampe de bureau design,5,28.94,144.70000000000002
INV501107,2023-06-12,10209,Portugal,STK002,Coussin en lin,1,18.81,18.81
INV501108,2023-11-26,10209,Portugal,STK006,Cadre photo bois,5,9.84,49.2
INV501108,2023-11-26,10209,Portugal,STK010,Guirlande lumineuse,1,16.81,16.81
INV501109,2023-03-15,10209,Portugal,STK008,Tapis de bain,4,23.88,95.52
INV501109,2023-03-15,10209,Portugal,STK012,Miroir mural rond,4,50.65,202.6
INV501110,2023-11-30,10209,Portugal,STK011,Plateau en bambou,5,23.12,115.60000000000001
INV501110,2023-11-30,10209,Portugal,STK002,Coussin en lin,5,16.48,82.4
INV501110,2023-11-30,10209,Portugal,STK004,Plaid tricote,4,33.52,134.08
INV501111,2023-12-24,10209,Portugal,STK010,Guirlande lumineuse,1,12.42,12.42
INV501112,2023-08-22,10209,Portugal,STK003,Set de tasses ceramique,1,16.92,16.92
INV501113,2023-09-01,10209,Portugal,STK001,Lampe de bureau design,3,18.51,55.53
INV501114,2023-09-20,10209,Portugal,STK002,Coussin en lin,2,28.55,57.1
INV501114,2023-09-20,10209,Portugal,STK010,Guirlande lumineuse,1,13.26,13.26
INV501114,2023-09-20,10209,Portugal,STK005,Bougie parfumee,4,12.14,48.56
INV501115,2023-12-06,10209,Portugal,STK004,Plaid tricote,1,31.79,31.79
INV501115,2023-12-06,10209,Portugal,STK002,Coussin en lin,4,22.69,90.76
INV501116,2023-02-28,10209,Portugal,STK008,Tapis de bain,3,29.34,88.02
INV501116,2023-02-28,10209,Portugal,STK002,Coussin en lin,4,12.95,51.8
INV501116,2023-02-28,10209,Portugal,STK009,Vase en verre,2,14.98,29.96
INV501116,2023-02-28,10209,Portugal,STK001,Lampe de bureau design,4,30.54,122.16
INV501117,2023-11-24,10209,Portugal,STK005,Bougie parfumee,1,11.53,11.53
INV501117,2023-11-24,10209,Portugal,STK005,Bougie parfumee,1,15.14,15.14
INV501117,2023-11-24,10209,Portugal,STK002,Coussin en lin,1,18.1,18.1
INV501117,2023-11-24,10209,Portugal,STK004,Plaid tricote,5,36.04,180.2
INV501118,2023-06-26,10209,Portugal,STK007,Panier de rangement,2,21.19,42.38
INV501118,2023-06-26,10209,Portugal,STK011,Plateau en bambou,3,23.68,71.03999999999999
INV501119,2023-07-16,10209,Portugal,STK003,Set de tasses ceramique,2,17.97,35.94
INV501119,2023-07-16,10209,Portugal,STK004,Plaid tricote,2,30.0,60.0
INV501120,2023-11-30,10209,Portugal,STK001,Lampe de bureau design,4,25.13,100.52
INV501120,2023-11-30,10209,Portugal,STK003,Set de tasses ceramique,5,14.55,72.75
INV501120,2023-11-30,10209,Portugal,STK007,Panier de rangement,5,20.75,103.75
INV501120,2023-11-30,10209,Portugal,STK010,Guirlande lumineuse,2,15.3,30.6
INV501121,2023-03-19,10209,Portugal,STK005,Bougie parfumee,5,13.36,66.8
INV501121,2023-03-19,10209,Portugal,STK003,Set de tasses ceramique,4,14.6,58.4
INV501121,2023-03-19,10209,Portugal,STK012,Miroir mural rond,5,45.83,229.14999999999998
INV501122,2023-03-30,10209,Portugal,STK009,Vase en verre,5,19.82,99.1
INV501122,2023-03-30,10209,Portugal,STK006,Cadre photo bois,1,7.71,7.71
INV501122,2023-03-30,10209,Portugal,STK001,Lampe de bureau design,4,22.78,91.12
INV501123,2023-10-10,10209,Portugal,STK001,Lampe de bureau design,4,25.25,101.0
INV501123,2023-10-10,10209,Portugal,STK002,Coussin en lin,2,20.33,40.66
INV501123,2023-10-10,10209,Portugal,STK010,Guirlande lumineuse,5,15.74,78.7
INV501123,2023-10-10,10209,Portugal,STK007,Panier de rangement,2,21.34,42.68
INV501124,2023-10-23,10209,Portugal,STK012,Miroir mural rond,1,33.51,33.51
INV501124,2023-10-23,10209,Portugal,STK005,Bougie parfumee,4,14.69,58.76
INV501124,2023-10-23,10209,Portugal,STK012,Miroir mural rond,2,36.01,72.02
INV501124,2023-10-23,10209,Portugal,STK006,Cadre photo bois,2,10.79,21.58
INV501125,2023-05-07,10209,Portugal,STK002,Coussin en lin,4,21.18,84.72
INV501125,2023-05-07,10209,Portugal,STK012,Miroir mural rond,3,45.93,137.79
INV501125,2023-05-07,10209,Portugal,STK006,Cadre photo bois,3,10.97,32.910000000000004
INV501126,2023-10-13,10209,Portugal,STK002,Coussin en lin,5,20.54,102.69999999999999
INV501126,2023-10-13,10209,Portugal,STK012,Miroir mural rond,2,42.52,85.04
INV501126,2023-10-13,10209,Portugal,STK007,Panier de rangement,5,15.99,79.95
INV501127,2023-06-14,10210,Germany,STK008,Tapis de bain,5,30.49,152.45
INV501127,2023-06-14,10210,Germany,STK005,Bougie parfumee,2,12.45,24.9
INV501127,2023-06-14,10210,Germany,STK001,Lampe de bureau design,5,25.57,127.85
INV501128,2023-12-30,10210,Germany,STK011,Plateau en bambou,2,19.99,39.98
INV501129,2023-10-14,10210,Germany,STK012,Miroir mural rond,1,38.13,38.13
INV501130,2023-03-24,10211,France,STK007,Panier de rangement,5,18.15,90.75
INV501130,2023-03-24,10211,France,STK002,Coussin en lin,5,17.73,88.65
INV501130,2023-03-24,10211,France,STK010,Guirlande lumineuse,4,16.45,65.8
INV501131,2023-09-12,10212,Germany,STK001,Lampe de bureau design,2,22.68,45.36
INV501132,2023-08-27,10212,Germany,STK006,Cadre photo bois,4,9.7,38.8
INV501133,2023-08-16,10212,Germany,STK004,Plaid tricote,5,36.85,184.25
INV501134,2023-01-29,10212,Germany,STK005,Bougie parfumee,2,12.39,24.78
INV501134,2023-01-29,10212,Germany,STK010,Guirlande lumineuse,2,14.41,28.82
INV501135,2023-09-13,10212,Germany,STK004,Plaid tricote,1,40.5,40.5
INV501135,2023-09-13,10212,Germany,STK010,Guirlande lumineuse,5,10.15,50.75
INV501135,2023-09-13,10212,Germany,STK005,Bougie parfumee,2,7.4,14.8
INV501136,2023-04-22,10212,Germany,STK008,Tapis de bain,5,33.4,167.0
INV501137,2023-02-10,10213,Netherlands,STK010,Guirlande lumineuse,1,14.74,14.74
INV501137,2023-02-10,10213,Netherlands,STK004,Plaid tricote,5,22.72,113.6
INV501138,2023-11-16,10213,Netherlands,STK005,Bougie parfumee,5,11.5,57.5
INV501138,2023-11-16,10213,Netherlands,STK007,Panier de rangement,4,21.86,87.44
INV501138,2023-11-16,10213,Netherlands,STK002,Coussin en lin,3,21.82,65.46000000000001
INV501138,2023-11-16,10213,Netherlands,STK006,Cadre photo bois,5,10.21,51.050000000000004
INV501139,2023-05-27,10213,Netherlands,STK007,Panier de rangement,4,23.34,93.36
INV501139,2023-05-27,10213,Netherlands,STK002,Coussin en lin,5,22.06,110.3
INV501139,2023-05-27,10213,Netherlands,STK002,Coussin en lin,5,14.51,72.55
INV501140,2023-05-25,10213,Netherlands,STK004,Plaid tricote,2,38.04,76.08
INV501140,2023-05-25,10213,Netherlands,STK001,Lampe de bureau design,3,22.65,67.94999999999999
INV501141,2023-06-16,10213,Netherlands,STK012,Miroir mural rond,2,39.07,78.14
INV501142,2023-02-24,10213,Netherlands,STK012,Miroir mural rond,1,29.57,29.57
INV501142,2023-02-24,10213,Netherlands,STK009,Vase en verre,4,21.82,87.28
INV501143,2023-04-08,10213,Netherlands,STK001,Lampe de bureau design,5,26.79,133.95
INV501143,2023-04-08,10213,Netherlands,STK005,Bougie parfumee,1,10.64,10.64
INV501143,2023-04-08,10213,Netherlands,STK012,Miroir mural rond,1,40.44,40.44
INV501143,2023-04-08,10213,Netherlands,STK002,Coussin en lin,4,20.77,83.08
INV501144,2023-02-14,10213,Netherlands,STK012,Miroir mural rond,2,33.91,67.82
INV501144,2023-02-14,10213,Netherlands,STK008,Tapis de bain,4,19.43,77.72
INV501144,2023-02-14,10213,Netherlands,STK006,Cadre photo bois,2,9.63,19.26
INV501145,2023-02-21,10214,Portugal,STK011,Plateau en bambou,4,22.34,89.36
INV501145,2023-02-21,10214,Portugal,STK005,Bougie parfumee,4,17.14,68.56
INV501146,2023-04-06,10214,Portugal,STK011,Plateau en bambou,1,22.82,22.82
INV501146,2023-04-06,10214,Portugal,STK008,Tapis de bain,2,26.4,52.8
INV501147,2023-04-21,10214,Portugal,STK007,Panier de rangement,2,17.01,34.02
INV501147,2023-04-21,10214,Portugal,STK006,Cadre photo bois,5,11.16,55.8
INV501147,2023-04-21,10214,Portugal,STK010,Guirlande lumineuse,3,19.41,58.230000000000004
INV501147,2023-04-21,10214,Portugal,STK002,Coussin en lin,5,16.1,80.5
INV501148,2023-01-12,10215,Germany,STK009,Vase en verre,5,19.12,95.60000000000001
INV501148,2023-01-12,10215,Germany,STK006,Cadre photo bois,1,9.7,9.7
INV501148,2023-01-12,10215,Germany,STK011,Plateau en bambou,3,20.64,61.92
INV501149,2023-08-19,10215,Germany,STK003,Set de tasses ceramique,4,14.63,58.52
INV501149,2023-08-19,10215,Germany,STK003,Set de tasses ceramique,3,17.3,51.900000000000006
INV501149,2023-08-19,10215,Germany,STK007,Panier de rangement,4,18.14,72.56
INV501150,2023-08-16,10215,Germany,STK008,Tapis de bain,2,27.0,54.0
INV501150,2023-08-16,10215,Germany,STK002,Coussin en lin,3,17.89,53.67
INV501151,2023-01-25,10215,Germany,STK009,Vase en verre,1,18.77,18.77
INV501151,2023-01-25,10215,Germany,STK002,Coussin en lin,2,18.57,37.14
INV501151,2023-01-25,10215,Germany,STK008,Tapis de bain,3,20.31,60.92999999999999
INV501151,2023-01-25,10215,Germany,STK011,Plateau en bambou,5,24.82,124.1
INV501152,2023-06-27,10216,Italy,STK011,Plateau en bambou,1,23.16,23.16
INV501152,2023-06-27,10216,Italy,STK001,Lampe de bureau design,5,15.25,76.25
INV501153,2023-06-30,10216,Italy,STK002,Coussin en lin,2,19.95,39.9
INV501153,2023-06-30,10216,Italy,STK006,Cadre photo bois,5,11.22,56.1
INV501153,2023-06-30,10216,Italy,STK010,Guirlande lumineuse,4,14.24,56.96
INV501154,2023-12-03,10216,Italy,STK010,Guirlande lumineuse,3,13.32,39.96
INV501154,2023-12-03,10216,Italy,STK012,Miroir mural rond,2,47.41,94.82
INV501154,2023-12-03,10216,Italy,STK002,Coussin en lin,2,17.27,34.54
INV501154,2023-12-03,10216,Italy,STK005,Bougie parfumee,4,11.4,45.6
INV501155,2023-04-23,10216,Italy,STK011,Plateau en bambou,4,23.15,92.6
INV501155,2023-04-23,10216,Italy,STK007,Panier de rangement,2,22.35,44.7
INV501156,2023-07-28,10217,Spain,STK008,Tapis de bain,5,31.26,156.3
INV501156,2023-07-28,10217,Spain,STK003,Set de tasses ceramique,5,14.14,70.7
INV501156,2023-07-28,10217,Spain,STK008,Tapis de bain,1,27.2,27.2
INV501157,2023-04-01,10217,Spain,STK012,Miroir mural rond,4,29.98,119.92
INV501157,2023-04-01,10217,Spain,STK009,Vase en verre,1,17.09,17.09
INV501157,2023-04-01,10217,Spain,STK005,Bougie parfumee,3,12.75,38.25
INV501158,2023-07-21,10217,Spain,STK006,Cadre photo bois,2,12.54,25.08
INV501158,2023-07-21,10217,Spain,STK010,Guirlande lumineuse,4,14.25,57.0
INV501159,2023-01-14,10217,Spain,STK004,Plaid tricote,5,38.36,191.8
INV501159,2023-01-14,10217,Spain,STK011,Plateau en bambou,3,25.51,76.53
INV501160,2023-03-16,10217,Spain,STK001,Lampe de bureau design,5,23.75,118.75
INV501160,2023-03-16,10217,Spain,STK009,Vase en verre,3,18.91,56.730000000000004
INV501160,2023-03-16,10217,Spain,STK010,Guirlande lumineuse,2,14.86,29.72
INV501160,2023-03-16,10217,Spain,STK012,Miroir mural rond,1,40.08,40.08
INV501161,2023-06-05,10217,Spain,STK006,Cadre photo bois,5,10.3,51.5
INV501161,2023-06-05,10217,Spain,STK011,Plateau en bambou,5,28.18,140.9
INV501162,2023-08-30,10218,France,STK012,Miroir mural rond,1,43.3,43.3
INV501162,2023-08-30,10218,France,STK012,Miroir mural rond,4,41.62,166.48
INV501162,2023-08-30,10218,France,STK011,Plateau en bambou,4,25.12,100.48
INV501163,2023-06-19,10218,France,STK007,Panier de rangement,4,15.48,61.92
INV501163,2023-06-19,10218,France,STK002,Coussin en lin,4,16.29,65.16
INV501164,2023-06-17,10218,France,STK007,Panier de rangement,3,22.74,68.22
INV501165,2023-04-16,10218,France,STK012,Miroir mural rond,3,39.29,117.87
INV501165,2023-04-16,10218,France,STK002,Coussin en lin,4,17.87,71.48
INV501165,2023-04-16,10218,France,STK008,Tapis de bain,2,29.12,58.24
INV501166,2023-01-30,10219,France,STK006,Cadre photo bois,5,10.69,53.449999999999996
INV501166,2023-01-30,10219,France,STK004,Plaid tricote,2,42.05,84.1
INV501167,2023-03-19,10219,France,STK007,Panier de rangement,1,19.3,19.3
INV501167,2023-03-19,10219,France,STK010,Guirlande lumineuse,2,15.89,31.78
INV501168,2023-08-17,10219,France,STK009,Vase en verre,3,15.08,45.24
INV501169,2023-01-09,10219,France,STK007,Panier de rangement,4,22.35,89.4
INV501169,2023-01-09,10219,France,STK010,Guirlande lumineuse,4,12.49,49.96
INV501169,2023-01-09,10219,France,STK007,Panier de rangement,2,23.89,47.78
INV501170,2023-08-04,10220,Germany,STK009,Vase en verre,2,22.96,45.92
INV501170,2023-08-04,10220,Germany,STK003,Set de tasses ceramique,3,12.33,36.99
INV501170,2023-08-04,10220,Germany,STK008,Tapis de bain,1,22.29,22.29
INV501171,2023-08-08,10221,France,STK006,Cadre photo bois,2,9.98,19.96
INV501171,2023-08-08,10221,France,STK003,Set de tasses ceramique,1,18.33,18.33
INV501172,2023-05-03,10221,France,STK006,Cadre photo bois,5,9.82,49.1
INV501172,2023-05-03,10221,France,STK009,Vase en verre,3,21.23,63.69
INV501173,2023-02-24,10221,France,STK004,Plaid tricote,4,26.73,106.92
INV501173,2023-02-24,10221,France,STK003,Set de tasses ceramique,5,15.4,77.0
INV501174,2023-07-21,10221,France,STK006,Cadre photo bois,5,9.06,45.300000000000004
INV501175,2023-02-01,10221,France,STK009,Vase en verre,2,18.55,37.1
INV501175,2023-02-01,10221,France,STK003,Set de tasses ceramique,5,14.58,72.9
INV501175,2023-02-01,10221,France,STK007,Panier de rangement,2,20.43,40.86
INV501175,2023-02-01,10221,France,STK011,Plateau en bambou,2,22.54,45.08
INV501176,2023-02-18,10222,France,STK011,Plateau en bambou,2,24.28,48.56
INV501176,2023-02-18,10222,France,STK008,Tapis de bain,5,26.38,131.9
INV501176,2023-02-18,10222,France,STK009,Vase en verre,3,24.78,74.34
INV501177,2023-11-06,10223,Portugal,STK002,Coussin en lin,4,17.26,69.04
INV501177,2023-11-06,10223,Portugal,STK005,Bougie parfumee,3,10.13,30.39
INV501178,2023-06-08,10223,Portugal,STK008,Tapis de bain,2,32.89,65.78
INV501178,2023-06-08,10223,Portugal,STK006,Cadre photo bois,3,10.15,30.450000000000003
INV501178,2023-06-08,10223,Portugal,STK008,Tapis de bain,2,29.31,58.62
INV501179,2023-05-16,10223,Portugal,STK002,Coussin en lin,5,20.92,104.60000000000001
INV501180,2023-06-02,10223,Portugal,STK007,Panier de rangement,4,17.67,70.68
INV501180,2023-06-02,10223,Portugal,STK005,Bougie parfumee,4,11.45,45.8
INV501180,2023-06-02,10223,Portugal,STK005,Bougie parfumee,4,13.54,54.16
INV501180,2023-06-02,10223,Portugal,STK011,Plateau en bambou,2,19.82,39.64
INV501181,2023-05-10,10223,Portugal,STK003,Set de tasses ceramique,2,14.64,29.28
INV501182,2023-04-18,10224,Belgium,STK005,Bougie parfumee,3,14.21,42.63
INV501182,2023-04-18,10224,Belgium,STK007,Panier de rangement,2,21.04,42.08
INV501182,2023-04-18,10224,Belgium,STK004,Plaid tricote,2,31.47,62.94
INV501183,2023-01-22,10224,Belgium,STK012,Miroir mural rond,1,40.86,40.86
INV501183,2023-01-22,10224,Belgium,STK004,Plaid tricote,2,28.1,56.2
INV501183,2023-01-22,10224,Belgium,STK009,Vase en verre,4,20.36,81.44
INV501183,2023-01-22,10224,Belgium,STK002,Coussin en lin,4,18.58,74.32
INV501184,2023-01-17,10224,Belgium,STK012,Miroir mural rond,2,39.38,78.76
INV501184,2023-01-17,10224,Belgium,STK009,Vase en verre,1,19.26,19.26
INV501185,2023-05-22,10225,France,STK010,Guirlande lumineuse,3,14.75,44.25
INV501186,2023-05-24,10225,France,STK008,Tapis de bain,2,28.4,56.8
INV501186,2023-05-24,10225,France,STK009,Vase en verre,3,18.77,56.31
INV501187,2023-01-06,10225,France,STK012,Miroir mural rond,2,36.62,73.24
INV501187,2023-01-06,10225,France,STK005,Bougie parfumee,3,14.04,42.12
INV501187,2023-01-06,10225,France,STK008,Tapis de bain,3,24.44,73.32000000000001
INV501187,2023-01-06,10225,France,STK010,Guirlande lumineuse,4,15.21,60.84
INV501188,2023-02-27,10225,France,STK008,Tapis de bain,1,33.57,33.57
INV501189,2023-02-28,10225,France,STK010,Guirlande lumineuse,4,18.24,72.96
INV501189,2023-02-28,10225,France,STK012,Miroir mural rond,2,44.91,89.82
INV501189,2023-02-28,10225,France,STK003,Set de tasses ceramique,3,11.73,35.19
INV501190,2023-12-12,10225,France,STK006,Cadre photo bois,1,9.17,9.17
INV501190,2023-12-12,10225,France,STK010,Guirlande lumineuse,3,11.59,34.769999999999996
INV501190,2023-12-12,10225,France,STK001,Lampe de bureau design,1,30.55,30.55
INV501190,2023-12-12,10225,France,STK010,Guirlande lumineuse,3,13.23,39.69
INV501191,2023-01-28,10225,France,STK009,Vase en verre,3,21.28,63.84
INV501191,2023-01-28,10225,France,STK007,Panier de rangement,4,22.63,90.52
INV501191,2023-01-28,10225,France,STK007,Panier de rangement,4,18.45,73.8
INV501191,2023-01-28,10225,France,STK008,Tapis de bain,1,22.2,22.2
INV501192,2023-04-24,10225,France,STK001,Lampe de bureau design,1,23.77,23.77
INV501192,2023-04-24,10225,France,STK001,Lampe de bureau design,3,23.3,69.9
INV501192,2023-04-24,10225,France,STK004,Plaid tricote,2,33.95,67.9
INV501192,2023-04-24,10225,France,STK006,Cadre photo bois,4,6.89,27.56
INV501193,2023-07-03,10225,France,STK001,Lampe de bureau design,2,19.71,39.42
INV501194,2023-05-27,10225,France,STK006,Cadre photo bois,1,10.86,10.86
INV501194,2023-05-27,10225,France,STK004,Plaid tricote,1,29.04,29.04
INV501195,2023-06-28,10226,Netherlands,STK012,Miroir mural rond,5,34.59,172.95000000000002
INV501195,2023-06-28,10226,Netherlands,STK006,Cadre photo bois,4,9.39,37.56
INV501195,2023-06-28,10226,Netherlands,STK002,Coussin en lin,5,21.19,105.95
INV501195,2023-06-28,10226,Netherlands,STK009,Vase en verre,1,22.55,22.55
INV501196,2023-05-18,10226,Netherlands,STK012,Miroir mural rond,1,40.6,40.6
INV501197,2023-03-24,10226,Netherlands,STK007,Panier de rangement,1,18.6,18.6
INV501197,2023-03-24,10226,Netherlands,STK007,Panier de rangement,5,20.96,104.80000000000001
INV501197,2023-03-24,10226,Netherlands,STK005,Bougie parfumee,2,14.5,29.0
INV501198,2023-08-14,10226,Netherlands,STK010,Guirlande lumineuse,3,11.92,35.76
INV501198,2023-08-14,10226,Netherlands,STK003,Set de tasses ceramique,1,9.51,9.51
INV501198,2023-08-14,10226,Netherlands,STK009,Vase en verre,4,23.74,94.96
INV501198,2023-08-14,10226,Netherlands,STK006,Cadre photo bois,1,11.03,11.03
INV501199,2023-09-15,10226,Netherlands,STK005,Bougie parfumee,5,13.4,67.0
INV501199,2023-09-15,10226,Netherlands,STK003,Set de tasses ceramique,5,11.17,55.85
INV501199,2023-09-15,10226,Netherlands,STK012,Miroir mural rond,4,46.93,187.72
INV501199,2023-09-15,10226,Netherlands,STK004,Plaid tricote,5,33.17,165.85000000000002
INV501200,2023-05-10,10226,Netherlands,STK001,Lampe de bureau design,3,23.51,70.53
INV501200,2023-05-10,10226,Netherlands,STK008,Tapis de bain,5,23.76,118.80000000000001
INV501200,2023-05-10,10226,Netherlands,STK008,Tapis de bain,1,28.13,28.13
INV501200,2023-05-10,10226,Netherlands,STK001,Lampe de bureau design,5,24.13,120.64999999999999
INV501201,2023-02-21,10226,Netherlands,STK002,Coussin en lin,4,16.59,66.36
INV501201,2023-02-21,10226,Netherlands,STK001,Lampe de bureau design,4,19.37,77.48
INV501201,2023-02-21,10226,Netherlands,STK012,Miroir mural rond,2,41.49,82.98
INV501202,2023-05-29,10227,France,STK012,Miroir mural rond,3,43.68,131.04
INV501202,2023-05-29,10227,France,STK005,Bougie parfumee,4,11.63,46.52
INV501203,2023-05-13,10227,France,STK001,Lampe de bureau design,1,17.42,17.42
INV501204,2023-08-11,10227,France,STK010,Guirlande lumineuse,3,12.1,36.3
INV501205,2023-01-10,10227,France,STK009,Vase en verre,5,18.5,92.5
INV501206,2023-08-18,10228,Portugal,STK009,Vase en verre,2,16.96,33.92
INV501206,2023-08-18,10228,Portugal,STK009,Vase en verre,2,21.27,42.54
INV501206,2023-08-18,10228,Portugal,STK002,Coussin en lin,1,19.36,19.36
INV501207,2023-05-25,10228,Portugal,STK007,Panier de rangement,2,17.82,35.64
INV501207,2023-05-25,10228,Portugal,STK012,Miroir mural rond,5,48.05,240.25
INV501208,2023-01-14,10229,Netherlands,STK003,Set de tasses ceramique,4,14.92,59.68
INV501208,2023-01-14,10229,Netherlands,STK007,Panier de rangement,5,21.56,107.8
INV501208,2023-01-14,10229,Netherlands,STK010,Guirlande lumineuse,5,16.76,83.80000000000001
INV501208,2023-01-14,10229,Netherlands,STK007,Panier de rangement,4,15.71,62.84
INV501209,2023-05-06,10229,Netherlands,STK008,Tapis de bain,5,24.14,120.7
INV501209,2023-05-06,10229,Netherlands,STK005,Bougie parfumee,2,11.98,23.96
INV501209,2023-05-06,10229,Netherlands,STK010,Guirlande lumineuse,5,15.59,77.95
INV501209,2023-05-06,10229,Netherlands,STK008,Tapis de bain,3,39.27,117.81
INV501210,2023-11-29,10229,Netherlands,STK006,Cadre photo bois,4,10.41,41.64
INV501211,2023-01-28,10229,Netherlands,STK009,Vase en verre,3,19.1,57.300000000000004
INV501211,2023-01-28,10229,Netherlands,STK007,Panier de rangement,2,16.19,32.38
INV501211,2023-01-28,10229,Netherlands,STK003,Set de tasses ceramique,5,14.8,74.0
INV501211,2023-01-28,10229,Netherlands,STK004,Plaid tricote,5,21.72,108.6
INV501212,2023-07-17,10230,France,STK002,Coussin en lin,1,20.05,20.05
INV501213,2023-12-22,10230,France,STK009,Vase en verre,4,19.05,76.2
INV501213,2023-12-22,10230,France,STK007,Panier de rangement,5,19.26,96.30000000000001
INV501213,2023-12-22,10230,France,STK006,Cadre photo bois,5,9.21,46.050000000000004
INV501214,2023-03-25,10230,France,STK001,Lampe de bureau design,5,26.49,132.45
INV501214,2023-03-25,10230,France,STK011,Plateau en bambou,1,22.42,22.42
INV501214,2023-03-25,10230,France,STK012,Miroir mural rond,2,40.58,81.16
INV501215,2023-10-27,10231,France,STK009,Vase en verre,5,16.56,82.8
INV501215,2023-10-27,10231,France,STK008,Tapis de bain,3,27.29,81.87
INV501215,2023-10-27,10231,France,STK010,Guirlande lumineuse,1,11.33,11.33
INV501215,2023-10-27,10231,France,STK002,Coussin en lin,2,17.55,35.1
INV501216,2023-02-09,10231,France,STK008,Tapis de bain,4,30.85,123.4
INV501216,2023-02-09,10231,France,STK006,Cadre photo bois,2,10.5,21.0
INV501216,2023-02-09,10231,France,STK009,Vase en verre,5,22.57,112.85
INV501216,2023-02-09,10231,France,STK006,Cadre photo bois,3,5.51,16.53
INV501217,2023-11-07,10231,France,STK003,Set de tasses ceramique,2,13.68,27.36
INV501217,2023-11-07,10231,France,STK010,Guirlande lumineuse,5,13.15,65.75
INV501218,2023-07-12,10231,France,STK006,Cadre photo bois,1,8.36,8.36
INV501219,2023-06-16,10232,France,STK004,Plaid tricote,3,35.32,105.96000000000001
INV501219,2023-06-16,10232,France,STK009,Vase en verre,3,17.42,52.260000000000005
INV501219,2023-06-16,10232,France,STK002,Coussin en lin,3,18.65,55.949999999999996
INV501219,2023-06-16,10232,France,STK001,Lampe de bureau design,3,25.36,76.08
INV501220,2023-06-14,10233,Netherlands,STK011,Plateau en bambou,2,26.02,52.04
INV501220,2023-06-14,10233,Netherlands,STK009,Vase en verre,5,23.05,115.25
INV501220,2023-06-14,10233,Netherlands,STK007,Panier de rangement,2,23.41,46.82
INV501220,2023-06-14,10233,Netherlands,STK006,Cadre photo bois,2,9.65,19.3
INV501221,2023-03-19,10233,Netherlands,STK012,Miroir mural rond,5,43.39,216.95
INV501222,2023-04-06,10233,Netherlands,STK010,Guirlande lumineuse,2,14.49,28.98
INV501222,2023-04-06,10233,Netherlands,STK012,Miroir mural rond,5,29.7,148.5
INV501223,2023-01-23,10233,Netherlands,STK008,Tapis de bain,2,28.34,56.68
INV501223,2023-01-23,10233,Netherlands,STK009,Vase en verre,5,23.28,116.4
INV501223,2023-01-23,10233,Netherlands,STK004,Plaid tricote,2,33.8,67.6
INV501224,2023-03-06,10233,Netherlands,STK001,Lampe de bureau design,1,23.48,23.48
INV501224,2023-03-06,10233,Netherlands,STK009,Vase en verre,3,22.86,68.58
INV501225,2023-06-27,10233,Netherlands,STK008,Tapis de bain,1,28.36,28.36
INV501225,2023-06-27,10233,Netherlands,STK004,Plaid tricote,1,28.52,28.52
INV501225,2023-06-27,10233,Netherlands,STK006,Cadre photo bois,3,11.7,35.099999999999994
INV501225,2023-06-27,10233,Netherlands,STK007,Panier de rangement,5,16.51,82.55000000000001
INV501226,2023-05-06,10233,Netherlands,STK011,Plateau en bambou,4,27.93,111.72
INV501227,2023-10-05,10233,Netherlands,STK006,Cadre photo bois,2,9.55,19.1
INV501227,2023-10-05,10233,Netherlands,STK009,Vase en verre,3,19.58,58.739999999999995
INV501228,2023-02-22,10233,Netherlands,STK003,Set de tasses ceramique,4,14.07,56.28
INV501228,2023-02-22,10233,Netherlands,STK005,Bougie parfumee,2,12.65,25.3
INV501229,2023-11-02,10234,France,STK006,Cadre photo bois,2,9.46,18.92
INV501229,2023-11-02,10234,France,STK007,Panier de rangement,4,21.1,84.4
INV501229,2023-11-02,10234,France,STK009,Vase en verre,4,23.27,93.08
INV501230,2023-10-10,10234,France,STK007,Panier de rangement,4,19.82,79.28
INV501230,2023-10-10,10234,France,STK006,Cadre photo bois,2,9.49,18.98
INV501230,2023-10-10,10234,France,STK008,Tapis de bain,5,20.44,102.2
INV501230,2023-10-10,10234,France,STK005,Bougie parfumee,1,11.6,11.6
INV501231,2023-11-12,10234,France,STK001,Lampe de bureau design,3,33.54,100.62
INV501231,2023-11-12,10234,France,STK002,Coussin en lin,3,19.61,58.83
INV501231,2023-11-12,10234,France,STK002,Coussin en lin,2,18.19,36.38
INV501232,2023-05-14,10234,France,STK012,Miroir mural rond,5,53.76,268.8
INV501232,2023-05-14,10234,France,STK007,Panier de rangement,2,19.71,39.42
INV501233,2023-08-30,10234,France,STK001,Lampe de bureau design,3,22.69,68.07000000000001
INV501233,2023-08-30,10234,France,STK009,Vase en verre,1,18.7,18.7
INV501233,2023-08-30,10234,France,STK005,Bougie parfumee,4,13.36,53.44
INV501234,2023-11-26,10234,France,STK006,Cadre photo bois,1,8.19,8.19
INV501234,2023-11-26,10234,France,STK006,Cadre photo bois,3,8.73,26.19
INV501235,2023-10-08,10235,France,STK011,Plateau en bambou,1,22.84,22.84
INV501235,2023-10-08,10235,France,STK010,Guirlande lumineuse,1,11.64,11.64
INV501235,2023-10-08,10235,France,STK002,Coussin en lin,3,14.66,43.980000000000004
INV501235,2023-10-08,10235,France,STK001,Lampe de bureau design,5,23.38,116.89999999999999
INV501236,2023-07-19,10235,France,STK010,Guirlande lumineuse,2,12.16,24.32
INV501236,2023-07-19,10235,France,STK009,Vase en verre,3,17.39,52.17
INV501237,2023-11-07,10235,France,STK001,Lampe de bureau design,1,29.56,29.56
INV501237,2023-11-07,10235,France,STK009,Vase en verre,4,24.06,96.24
INV501237,2023-11-07,10235,France,STK002,Coussin en lin,1,12.09,12.09
INV501237,2023-11-07,10235,France,STK007,Panier de rangement,2,20.5,41.0
INV501238,2023-11-23,10235,France,STK008,Tapis de bain,3,25.4,76.19999999999999
INV501238,2023-11-23,10235,France,STK007,Panier de rangement,4,21.5,86.0
INV501238,2023-11-23,10235,France,STK010,Guirlande lumineuse,2,17.81,35.62
INV501239,2023-06-30,10235,France,STK009,Vase en verre,5,23.15,115.75
INV501239,2023-06-30,10235,France,STK003,Set de tasses ceramique,1,15.03,15.03
INV501239,2023-06-30,10235,France,STK002,Coussin en lin,2,17.75,35.5
INV501239,2023-06-30,10235,France,STK009,Vase en verre,5,20.8,104.0
INV501240,2023-08-03,10235,France,STK011,Plateau en bambou,1,24.4,24.4
INV501240,2023-08-03,10235,France,STK001,Lampe de bureau design,5,24.16,120.8
INV501240,2023-08-03,10235,France,STK010,Guirlande lumineuse,1,14.57,14.57
INV501241,2023-11-02,10235,France,STK001,Lampe de bureau design,3,25.01,75.03
INV501241,2023-11-02,10235,France,STK004,Plaid tricote,1,36.38,36.38
INV501242,2023-03-25,10235,France,STK007,Panier de rangement,2,19.41,38.82
INV501243,2023-11-12,10235,France,STK010,Guirlande lumineuse,2,17.01,34.02
INV501244,2023-07-02,10235,France,STK012,Miroir mural rond,2,47.79,95.58
INV501244,2023-07-02,10235,France,STK003,Set de tasses ceramique,4,17.73,70.92
INV501244,2023-07-02,10235,France,STK011,Plateau en bambou,5,22.67,113.35000000000001
INV501244,2023-07-02,10235,France,STK010,Guirlande lumineuse,1,15.42,15.42
INV501245,2023-05-17,10235,France,STK006,Cadre photo bois,5,8.82,44.1
INV501245,2023-05-17,10235,France,STK010,Guirlande lumineuse,4,10.91,43.64
INV501246,2023-08-06,10235,France,STK001,Lampe de bureau design,5,21.73,108.65
INV501246,2023-08-06,10235,France,STK012,Miroir mural rond,5,48.26,241.29999999999998
INV501247,2023-09-30,10235,France,STK007,Panier de rangement,5,21.72,108.6
INV501248,2023-05-05,10236,Italy,STK012,Miroir mural rond,3,48.83,146.49
INV501248,2023-05-05,10236,Italy,STK001,Lampe de bureau design,5,22.1,110.5
INV501248,2023-05-05,10236,Italy,STK007,Panier de rangement,4,20.19,80.76
INV501248,2023-05-05,10236,Italy,STK004,Plaid tricote,1,27.61,27.61
INV501249,2023-04-25,10236,Italy,STK008,Tapis de bain,1,25.39,25.39
INV501250,2023-07-20,10236,Italy,STK009,Vase en verre,1,18.25,18.25
INV501251,2023-09-27,10236,Italy,STK010,Guirlande lumineuse,3,10.0,30.0
INV501251,2023-09-27,10236,Italy,STK003,Set de tasses ceramique,5,18.23,91.15
INV501251,2023-09-27,10236,Italy,STK001,Lampe de bureau design,1,18.62,18.62
INV501252,2023-02-22,10236,Italy,STK010,Guirlande lumineuse,1,14.91,14.91
INV501253,2023-01-25,10236,Italy,STK007,Panier de rangement,1,18.15,18.15
INV501253,2023-01-25,10236,Italy,STK004,Plaid tricote,2,26.6,53.2
INV501253,2023-01-25,10236,Italy,STK002,Coussin en lin,5,19.57,97.85
INV501253,2023-01-25,10236,Italy,STK009,Vase en verre,4,19.11,76.44
INV501254,2023-08-17,10236,Italy,STK010,Guirlande lumineuse,4,14.06,56.24
INV501254,2023-08-17,10236,Italy,STK008,Tapis de bain,3,28.52,85.56
INV501254,2023-08-17,10236,Italy,STK004,Plaid tricote,3,25.15,75.44999999999999
INV501254,2023-08-17,10236,Italy,STK006,Cadre photo bois,1,11.13,11.13
INV501255,2023-04-07,10236,Italy,STK006,Cadre photo bois,4,8.48,33.92
INV501255,2023-04-07,10236,Italy,STK009,Vase en verre,5,18.58,92.89999999999999
INV501256,2023-03-24,10237,Belgium,STK009,Vase en verre,2,16.1,32.2
INV501257,2023-01-15,10237,Belgium,STK009,Vase en verre,5,18.99,94.94999999999999
INV501257,2023-01-15,10237,Belgium,STK009,Vase en verre,3,19.65,58.949999999999996
INV501257,2023-01-15,10237,Belgium,STK005,Bougie parfumee,3,14.01,42.03
INV501258,2023-05-14,10237,Belgium,STK011,Plateau en bambou,4,22.4,89.6
INV501258,2023-05-14,10237,Belgium,STK004,Plaid tricote,5,29.84,149.2
INV501259,2023-11-03,10237,Belgium,STK002,Coussin en lin,3,18.77,56.31
INV501259,2023-11-03,10237,Belgium,STK001,Lampe de bureau design,3,30.19,90.57000000000001
INV501259,2023-11-03,10237,Belgium,STK012,Miroir mural rond,3,45.64,136.92000000000002
INV501260,2023-08-10,10237,Belgium,STK003,Set de tasses ceramique,4,21.24,84.96
INV501260,2023-08-10,10237,Belgium,STK012,Miroir mural rond,3,55.75,167.25
INV501260,2023-08-10,10237,Belgium,STK008,Tapis de bain,5,29.22,146.1
INV501261,2023-11-09,10237,Belgium,STK012,Miroir mural rond,3,41.78,125.34
INV501261,2023-11-09,10237,Belgium,STK007,Panier de rangement,1,23.97,23.97
INV501261,2023-11-09,10237,Belgium,STK006,Cadre photo bois,1,11.1,11.1
INV501261,2023-11-09,10237,Belgium,STK011,Plateau en bambou,5,16.15,80.75
INV501262,2023-03-03,10237,Belgium,STK003,Set de tasses ceramique,4,17.62,70.48
INV501262,2023-03-03,10237,Belgium,STK005,Bougie parfumee,4,11.03,44.12
INV501262,2023-03-03,10237,Belgium,STK007,Panier de rangement,1,20.23,20.23
INV501263,2023-10-28,10237,Belgium,STK012,Miroir mural rond,3,45.95,137.85000000000002
INV501264,2023-03-26,10237,Belgium,STK002,Coussin en lin,1,13.48,13.48
INV501265,2023-11-14,10238,Germany,STK012,Miroir mural rond,4,43.31,173.24
INV501265,2023-11-14,10238,Germany,STK009,Vase en verre,1,14.38,14.38
INV501266,2023-06-24,10238,Germany,STK008,Tapis de bain,2,28.07,56.14
INV501266,2023-06-24,10238,Germany,STK009,Vase en verre,1,21.74,21.74
INV501266,2023-06-24,10238,Germany,STK009,Vase en verre,3,20.99,62.97
INV501267,2023-09-28,10238,Germany,STK006,Cadre photo bois,1,7.95,7.95
INV501267,2023-09-28,10238,Germany,STK004,Plaid tricote,2,33.56,67.12
INV501268,2023-07-20,10239,Germany,STK009,Vase en verre,2,19.08,38.16
INV501268,2023-07-20,10239,Germany,STK004,Plaid tricote,4,31.31,125.24
INV501269,2023-04-28,10239,Germany,STK004,Plaid tricote,1,32.64,32.64
INV501269,2023-04-28,10239,Germany,STK003,Set de tasses ceramique,2,20.98,41.96
INV501270,2023-09-23,10240,France,STK012,Miroir mural rond,5,31.84,159.2
INV501270,2023-09-23,10240,France,STK001,Lampe de bureau design,5,25.57,127.85
INV501270,2023-09-23,10240,France,STK012,Miroir mural rond,5,29.68,148.4
INV501271,2023-07-31,10240,France,STK009,Vase en verre,5,20.86,104.3
INV501272,2023-06-16,10240,France,STK004,Plaid tricote,1,23.28,23.28
INV501273,2023-03-06,10240,France,STK007,Panier de rangement,4,20.81,83.24
INV501274,2023-11-06,10241,France,STK003,Set de tasses ceramique,2,16.97,33.94
INV501274,2023-11-06,10241,France,STK006,Cadre photo bois,3,8.65,25.950000000000003
INV501275,2023-08-21,10241,France,STK011,Plateau en bambou,2,18.85,37.7
INV501275,2023-08-21,10241,France,STK012,Miroir mural rond,4,32.69,130.76
INV501276,2023-11-09,10241,France,STK008,Tapis de bain,3,30.95,92.85
INV501276,2023-11-09,10241,France,STK002,Coussin en lin,5,20.51,102.55000000000001
INV501276,2023-11-09,10241,France,STK006,Cadre photo bois,3,11.48,34.44
INV501277,2023-11-07,10241,France,STK003,Set de tasses ceramique,2,12.31,24.62
INV501277,2023-11-07,10241,France,STK010,Guirlande lumineuse,1,16.07,16.07
INV501277,2023-11-07,10241,France,STK004,Plaid tricote,3,30.39,91.17
INV501277,2023-11-07,10241,France,STK011,Plateau en bambou,3,22.58,67.74
INV501278,2023-11-05,10241,France,STK005,Bougie parfumee,2,12.98,25.96
INV501278,2023-11-05,10241,France,STK006,Cadre photo bois,3,7.63,22.89
INV501279,2023-07-07,10241,France,STK011,Plateau en bambou,5,27.79,138.95
INV501279,2023-07-07,10241,France,STK012,Miroir mural rond,3,44.02,132.06
INV501279,2023-07-07,10241,France,STK006,Cadre photo bois,3,12.83,38.49
INV501279,2023-07-07,10241,France,STK012,Miroir mural rond,2,30.2,60.4
INV501280,2023-03-22,10242,France,STK008,Tapis de bain,1,26.2,26.2
INV501281,2023-07-13,10242,France,STK010,Guirlande lumineuse,3,13.56,40.68
INV501281,2023-07-13,10242,France,STK010,Guirlande lumineuse,5,13.01,65.05
INV501282,2023-05-20,10243,France,STK003,Set de tasses ceramique,2,14.68,29.36
INV501283,2023-03-26,10243,France,STK007,Panier de rangement,1,19.09,19.09
INV501283,2023-03-26,10243,France,STK002,Coussin en lin,4,17.09,68.36
INV501283,2023-03-26,10243,France,STK004,Plaid tricote,1,21.01,21.01
INV501284,2023-03-04,10243,France,STK006,Cadre photo bois,1,9.82,9.82
INV501285,2023-04-19,10244,France,STK010,Guirlande lumineuse,2,16.1,32.2
INV501285,2023-04-19,10244,France,STK005,Bougie parfumee,2,11.81,23.62
INV501286,2023-05-03,10244,France,STK008,Tapis de bain,3,26.36,79.08
INV501287,2023-03-20,10244,France,STK009,Vase en verre,4,20.95,83.8
INV501288,2023-03-27,10244,France,STK003,Set de tasses ceramique,3,15.71,47.13
INV501289,2023-09-03,10244,France,STK011,Plateau en bambou,1,27.72,27.72
INV501289,2023-09-03,10244,France,STK009,Vase en verre,1,20.56,20.56
INV501290,2023-07-14,10244,France,STK008,Tapis de bain,5,32.63,163.15
INV501290,2023-07-14,10244,France,STK001,Lampe de bureau design,1,26.94,26.94
INV501290,2023-07-14,10244,France,STK002,Coussin en lin,3,20.17,60.510000000000005
INV501291,2023-03-25,10244,France,STK002,Coussin en lin,5,17.39,86.95
INV501291,2023-03-25,10244,France,STK003,Set de tasses ceramique,5,15.95,79.75
INV501291,2023-03-25,10244,France,STK002,Coussin en lin,4,20.98,83.92
INV501291,2023-03-25,10244,France,STK004,Plaid tricote,5,29.82,149.1
INV501292,2023-03-23,10245,Germany,STK010,Guirlande lumineuse,5,10.01,50.05
INV501292,2023-03-23,10245,Germany,STK010,Guirlande lumineuse,2,13.04,26.08
INV501292,2023-03-23,10245,Germany,STK006,Cadre photo bois,4,10.01,40.04
INV501292,2023-03-23,10245,Germany,STK001,Lampe de bureau design,1,16.4,16.4
INV501293,2023-12-22,10245,Germany,STK012,Miroir mural rond,5,50.82,254.1
INV501293,2023-12-22,10245,Germany,STK003,Set de tasses ceramique,3,12.28,36.839999999999996
INV501294,2023-01-12,10245,Germany,STK004,Plaid tricote,1,30.11,30.11
INV501294,2023-01-12,10245,Germany,STK004,Plaid tricote,2,32.51,65.02
INV501295,2023-04-05,10245,Germany,STK003,Set de tasses ceramique,2,9.81,19.62
INV501296,2023-10-17,10245,Germany,STK008,Tapis de bain,2,20.86,41.72
INV501297,2023-11-27,10245,Germany,STK011,Plateau en bambou,4,23.53,94.12
INV501297,2023-11-27,10245,Germany,STK007,Panier de rangement,4,21.97,87.88
INV501297,2023-11-27,10245,Germany,STK001,Lampe de bureau design,4,28.76,115.04
INV501298,2023-12-29,10246,Germany,STK011,Plateau en bambou,1,17.71,17.71
INV501298,2023-12-29,10246,Germany,STK007,Panier de rangement,4,23.33,93.32
INV501298,2023-12-29,10246,Germany,STK005,Bougie parfumee,1,12.46,12.46
INV501299,2023-12-24,10246,Germany,STK011,Plateau en bambou,2,19.83,39.66
INV501299,2023-12-24,10246,Germany,STK010,Guirlande lumineuse,3,17.46,52.38
INV501299,2023-12-24,10246,Germany,STK008,Tapis de bain,4,20.94,83.76
INV501300,2023-09-02,10246,Germany,STK010,Guirlande lumineuse,3,13.17,39.51
INV501300,2023-09-02,10246,Germany,STK007,Panier de rangement,3,21.59,64.77
INV501301,2023-11-07,10246,Germany,STK002,Coussin en lin,5,22.03,110.15
INV501301,2023-11-07,10246,Germany,STK011,Plateau en bambou,3,26.63,79.89
INV501301,2023-11-07,10246,Germany,STK003,Set de tasses ceramique,4,15.94,63.76
INV501302,2023-03-18,10246,Germany,STK001,Lampe de bureau design,5,25.51,127.55000000000001
INV501302,2023-03-18,10246,Germany,STK005,Bougie parfumee,5,12.31,61.550000000000004
INV501302,2023-03-18,10246,Germany,STK005,Bougie parfumee,5,12.98,64.9
INV501302,2023-03-18,10246,Germany,STK001,Lampe de bureau design,3,27.01,81.03
INV501303,2023-06-18,10246,Germany,STK010,Guirlande lumineuse,2,13.47,26.94
INV501303,2023-06-18,10246,Germany,STK001,Lampe de bureau design,2,22.71,45.42
INV501304,2023-12-16,10246,Germany,STK004,Plaid tricote,3,25.84,77.52
INV501304,2023-12-16,10246,Germany,STK001,Lampe de bureau design,5,25.56,127.8
INV501305,2023-06-06,10246,Germany,STK011,Plateau en bambou,3,21.23,63.69
INV501305,2023-06-06,10246,Germany,STK008,Tapis de bain,1,30.58,30.58
INV501305,2023-06-06,10246,Germany,STK001,Lampe de bureau design,4,28.66,114.64
INV501305,2023-06-06,10246,Germany,STK008,Tapis de bain,2,25.13,50.26
INV501306,2023-12-28,10247,Belgium,STK007,Panier de rangement,2,15.08,30.16
INV501306,2023-12-28,10247,Belgium,STK003,Set de tasses ceramique,1,16.21,16.21
INV501306,2023-12-28,10247,Belgium,STK008,Tapis de bain,3,38.19,114.57
INV501307,2023-05-26,10248,France,STK011,Plateau en bambou,4,18.57,74.28
INV501308,2023-08-18,10249,France,STK003,Set de tasses ceramique,3,14.89,44.67
INV501308,2023-08-18,10249,France,STK009,Vase en verre,4,23.15,92.6
INV501308,2023-08-18,10249,France,STK012,Miroir mural rond,1,26.63,26.63
INV501308,2023-08-18,10249,France,STK007,Panier de rangement,3,16.98,50.94
INV501309,2023-09-17,10249,France,STK010,Guirlande lumineuse,4,14.42,57.68
INV501310,2023-12-16,10249,France,STK007,Panier de rangement,5,23.47,117.35
INV501310,2023-12-16,10249,France,STK010,Guirlande lumineuse,1,16.47,16.47
INV501310,2023-12-16,10249,France,STK011,Plateau en bambou,1,17.25,17.25
INV501311,2023-01-26,10249,France,STK007,Panier de rangement,4,15.75,63.0
INV501311,2023-01-26,10249,France,STK009,Vase en verre,4,22.44,89.76
INV501312,2023-09-17,10249,France,STK010,Guirlande lumineuse,4,14.31,57.24
INV501312,2023-09-17,10249,France,STK010,Guirlande lumineuse,1,14.13,14.13
INV501312,2023-09-17,10249,France,STK008,Tapis de bain,4,24.04,96.16
INV501312,2023-09-17,10249,France,STK007,Panier de rangement,5,23.71,118.55000000000001
INV501313,2023-11-05,10250,Italy,STK012,Miroir mural rond,3,26.25,78.75
INV501313,2023-11-05,10250,Italy,STK002,Coussin en lin,5,14.6,73.0
INV501314,2023-01-05,10250,Italy,STK012,Miroir mural rond,2,45.32,90.64
INV501315,2023-08-05,10250,Italy,STK010,Guirlande lumineuse,3,13.72,41.160000000000004
INV501316,2023-01-09,10250,Italy,STK005,Bougie parfumee,1,13.53,13.53
INV501317,2023-06-14,10250,Italy,STK001,Lampe de bureau design,5,18.37,91.85000000000001
INV501317,2023-06-14,10250,Italy,STK001,Lampe de bureau design,4,26.05,104.2
INV501318,2023-09-17,10251,France,STK007,Panier de rangement,3,20.44,61.32000000000001
INV501318,2023-09-17,10251,France,STK009,Vase en verre,4,24.62,98.48
INV501318,2023-09-17,10251,France,STK010,Guirlande lumineuse,2,15.28,30.56
INV501319,2023-03-25,10251,France,STK004,Plaid tricote,2,34.44,68.88
INV501319,2023-03-25,10251,France,STK009,Vase en verre,5,23.78,118.9
INV501319,2023-03-25,10251,France,STK011,Plateau en bambou,1,25.23,25.23
INV501320,2023-09-01,10251,France,STK005,Bougie parfumee,2,8.78,17.56
INV501321,2023-10-20,10252,France,STK002,Coussin en lin,4,19.84,79.36
INV501321,2023-10-20,10252,France,STK008,Tapis de bain,5,21.77,108.85
INV501322,2023-07-13,10252,France,STK006,Cadre photo bois,4,13.23,52.92
INV501322,2023-07-13,10252,France,STK004,Plaid tricote,2,46.18,92.36
INV501322,2023-07-13,10252,France,STK003,Set de tasses ceramique,4,14.49,57.96
INV501322,2023-07-13,10252,France,STK004,Plaid tricote,2,30.76,61.52
INV501323,2023-10-28,10252,France,STK001,Lampe de bureau design,3,20.11,60.33
INV501323,2023-10-28,10252,France,STK006,Cadre photo bois,5,10.23,51.150000000000006
INV501323,2023-10-28,10252,France,STK007,Panier de rangement,2,14.64,29.28
INV501324,2023-06-19,10252,France,STK012,Miroir mural rond,1,38.86,38.86
INV501325,2023-03-22,10252,France,STK001,Lampe de bureau design,4,16.26,65.04
INV501325,2023-03-22,10252,France,STK010,Guirlande lumineuse,5,12.96,64.80000000000001
INV501326,2023-12-21,10252,France,STK004,Plaid tricote,3,38.84,116.52000000000001
INV501326,2023-12-21,10252,France,STK010,Guirlande lumineuse,5,14.43,72.15
INV501326,2023-12-21,10252,France,STK012,Miroir mural rond,2,41.76,83.52
INV501326,2023-12-21,10252,France,STK010,Guirlande lumineuse,1,15.24,15.24
INV501327,2023-12-11,10252,France,STK008,Tapis de bain,5,29.09,145.45
INV501328,2023-07-22,10252,France,STK004,Plaid tricote,2,33.0,66.0
INV501328,2023-07-22,10252,France,STK003,Set de tasses ceramique,1,15.46,15.46
INV501329,2023-09-01,10252,France,STK012,Miroir mural rond,3,36.36,109.08
INV501330,2023-01-12,10252,France,STK012,Miroir mural rond,5,38.91,194.54999999999998
INV501330,2023-01-12,10252,France,STK009,Vase en verre,5,23.78,118.9
INV501330,2023-01-12,10252,France,STK010,Guirlande lumineuse,3,12.88,38.64
INV501331,2023-12-19,10252,France,STK010,Guirlande lumineuse,2,14.23,28.46
INV501331,2023-12-19,10252,France,STK011,Plateau en bambou,4,24.5,98.0
INV501331,2023-12-19,10252,France,STK001,Lampe de bureau design,3,25.34,76.02
INV501332,2023-06-27,10252,France,STK009,Vase en verre,2,19.49,38.98
INV501332,2023-06-27,10252,France,STK007,Panier de rangement,4,24.17,96.68
INV501332,2023-06-27,10252,France,STK012,Miroir mural rond,4,31.77,127.08
INV501333,2023-09-20,10252,France,STK008,Tapis de bain,1,37.05,37.05
INV501333,2023-09-20,10252,France,STK005,Bougie parfumee,3,11.02,33.06
INV501334,2023-03-25,10252,France,STK002,Coussin en lin,1,24.23,24.23
INV501335,2023-04-29,10253,France,STK004,Plaid tricote,1,29.77,29.77
INV501336,2023-10-19,10253,France,STK001,Lampe de bureau design,5,25.09,125.45
INV501336,2023-10-19,10253,France,STK005,Bougie parfumee,4,16.24,64.96
INV501336,2023-10-19,10253,France,STK010,Guirlande lumineuse,4,10.61,42.44
INV501336,2023-10-19,10253,France,STK004,Plaid tricote,2,39.05,78.1
INV501337,2023-12-08,10253,France,STK002,Coussin en lin,2,18.4,36.8
INV501337,2023-12-08,10253,France,STK001,Lampe de bureau design,2,21.32,42.64
INV501337,2023-12-08,10253,France,STK011,Plateau en bambou,2,17.33,34.66
INV501337,2023-12-08,10253,France,STK007,Panier de rangement,2,16.11,32.22
INV501338,2023-03-28,10253,France,STK012,Miroir mural rond,2,43.15,86.3
INV501339,2023-01-03,10254,Netherlands,STK004,Plaid tricote,3,33.71,101.13
INV501339,2023-01-03,10254,Netherlands,STK005,Bougie parfumee,4,16.84,67.36
INV501340,2023-05-04,10255,France,STK004,Plaid tricote,3,26.1,78.30000000000001
INV501340,2023-05-04,10255,France,STK004,Plaid tricote,1,37.24,37.24
INV501341,2023-11-27,10256,France,STK003,Set de tasses ceramique,2,13.86,27.72
INV501342,2023-10-17,10256,France,STK012,Miroir mural rond,1,41.06,41.06
INV501342,2023-10-17,10256,France,STK004,Plaid tricote,2,34.95,69.9
INV501342,2023-10-17,10256,France,STK006,Cadre photo bois,3,8.18,24.54
INV501342,2023-10-17,10256,France,STK012,Miroir mural rond,5,31.66,158.3
INV501343,2023-05-29,10256,France,STK008,Tapis de bain,2,38.21,76.42
INV501343,2023-05-29,10256,France,STK004,Plaid tricote,3,32.08,96.24
INV501343,2023-05-29,10256,France,STK003,Set de tasses ceramique,1,13.31,13.31
INV501343,2023-05-29,10256,France,STK005,Bougie parfumee,4,11.78,47.12
INV501344,2023-05-12,10256,France,STK010,Guirlande lumineuse,3,16.1,48.300000000000004
INV501344,2023-05-12,10256,France,STK007,Panier de rangement,3,22.3,66.9
INV501344,2023-05-12,10256,France,STK011,Plateau en bambou,5,17.8,89.0
INV501345,2023-09-06,10256,France,STK002,Coussin en lin,5,20.46,102.30000000000001
INV501345,2023-09-06,10256,France,STK005,Bougie parfumee,3,14.01,42.03
INV501345,2023-09-06,10256,France,STK001,Lampe de bureau design,2,28.63,57.26
INV501345,2023-09-06,10256,France,STK012,Miroir mural rond,2,30.31,60.62
INV501346,2023-03-18,10256,France,STK009,Vase en verre,1,17.98,17.98
INV501346,2023-03-18,10256,France,STK007,Panier de rangement,2,23.3,46.6
INV501346,2023-03-18,10256,France,STK009,Vase en verre,2,20.16,40.32
INV501347,2023-01-13,10257,France,STK005,Bougie parfumee,1,14.69,14.69
INV501347,2023-01-13,10257,France,STK012,Miroir mural rond,2,36.5,73.0
INV501347,2023-01-13,10257,France,STK001,Lampe de bureau design,1,21.92,21.92
INV501348,2023-05-21,10257,France,STK007,Panier de rangement,3,21.02,63.06
INV501349,2023-05-08,10257,France,STK007,Panier de rangement,5,20.67,103.35000000000001
INV501350,2023-08-24,10257,France,STK005,Bougie parfumee,5,14.94,74.7
INV501350,2023-08-24,10257,France,STK006,Cadre photo bois,5,11.21,56.050000000000004
INV501350,2023-08-24,10257,France,STK009,Vase en verre,3,24.11,72.33
INV501351,2023-01-06,10257,France,STK002,Coussin en lin,2,13.72,27.44
INV501352,2023-11-02,10258,Germany,STK007,Panier de rangement,5,23.39,116.95
INV501352,2023-11-02,10258,Germany,STK006,Cadre photo bois,5,11.61,58.05
INV501352,2023-11-02,10258,Germany,STK012,Miroir mural rond,2,47.52,95.04
INV501352,2023-11-02,10258,Germany,STK008,Tapis de bain,5,23.66,118.3
INV501353,2023-02-04,10258,Germany,STK002,Coussin en lin,1,23.77,23.77
INV501354,2023-11-18,10258,Germany,STK009,Vase en verre,2,22.31,44.62
INV501354,2023-11-18,10258,Germany,STK002,Coussin en lin,5,20.08,100.39999999999999
INV501354,2023-11-18,10258,Germany,STK001,Lampe de bureau design,5,21.73,108.65
INV501354,2023-11-18,10258,Germany,STK012,Miroir mural rond,4,35.17,140.68
INV501355,2023-03-29,10259,Netherlands,STK010,Guirlande lumineuse,5,14.37,71.85
INV501355,2023-03-29,10259,Netherlands,STK007,Panier de rangement,5,16.54,82.69999999999999
INV501355,2023-03-29,10259,Netherlands,STK003,Set de tasses ceramique,3,13.45,40.349999999999994
INV501356,2023-12-10,10259,Netherlands,STK007,Panier de rangement,5,24.34,121.7
INV501356,2023-12-10,10259,Netherlands,STK009,Vase en verre,4,19.29,77.16
INV501356,2023-12-10,10259,Netherlands,STK004,Plaid tricote,3,37.65,112.94999999999999
INV501356,2023-12-10,10259,Netherlands,STK007,Panier de rangement,2,22.03,44.06
INV501357,2023-07-02,10260,Germany,STK005,Bougie parfumee,2,11.81,23.62
INV501357,2023-07-02,10260,Germany,STK010,Guirlande lumineuse,4,14.46,57.84
INV501357,2023-07-02,10260,Germany,STK002,Coussin en lin,2,23.94,47.88
INV501357,2023-07-02,10260,Germany,STK002,Coussin en lin,3,19.51,58.53
INV501358,2023-01-28,10260,Germany,STK008,Tapis de bain,5,24.49,122.44999999999999
INV501358,2023-01-28,10260,Germany,STK006,Cadre photo bois,3,12.05,36.150000000000006
INV501358,2023-01-28,10260,Germany,STK007,Panier de rangement,3,15.05,45.150000000000006
INV501359,2023-09-26,10260,Germany,STK011,Plateau en bambou,5,20.15,100.75
INV501359,2023-09-26,10260,Germany,STK011,Plateau en bambou,5,19.55,97.75
INV501359,2023-09-26,10260,Germany,STK011,Plateau en bambou,5,20.15,100.75
INV501360,2023-12-27,10260,Germany,STK009,Vase en verre,1,16.61,16.61
INV501361,2023-09-01,10260,Germany,STK001,Lampe de bureau design,2,22.18,44.36
INV501361,2023-09-01,10260,Germany,STK010,Guirlande lumineuse,1,13.63,13.63
INV501362,2023-05-31,10260,Germany,STK010,Guirlande lumineuse,2,16.75,33.5
INV501362,2023-05-31,10260,Germany,STK003,Set de tasses ceramique,2,10.72,21.44
INV501363,2023-12-07,10260,Germany,STK010,Guirlande lumineuse,3,16.18,48.54
INV501363,2023-12-07,10260,Germany,STK010,Guirlande lumineuse,1,16.04,16.04
INV501363,2023-12-07,10260,Germany,STK001,Lampe de bureau design,4,27.36,109.44
INV501364,2023-09-25,10260,Germany,STK001,Lampe de bureau design,2,29.83,59.66
INV501364,2023-09-25,10260,Germany,STK006,Cadre photo bois,3,10.67,32.01
INV501364,2023-09-25,10260,Germany,STK004,Plaid tricote,1,32.27,32.27
INV501364,2023-09-25,10260,Germany,STK011,Plateau en bambou,5,23.91,119.55
INV501365,2023-09-22,10260,Germany,STK003,Set de tasses ceramique,1,16.25,16.25
INV501366,2023-08-04,10260,Germany,STK008,Tapis de bain,5,27.33,136.64999999999998
INV501367,2023-11-03,10260,Germany,STK010,Guirlande lumineuse,4,14.08,56.32
INV501367,2023-11-03,10260,Germany,STK001,Lampe de bureau design,5,20.69,103.45
INV501368,2023-10-07,10260,Germany,STK004,Plaid tricote,3,29.22,87.66
INV501368,2023-10-07,10260,Germany,STK005,Bougie parfumee,1,10.55,10.55
INV501368,2023-10-07,10260,Germany,STK010,Guirlande lumineuse,4,13.39,53.56
INV501369,2023-08-31,10260,Germany,STK008,Tapis de bain,4,30.36,121.44
INV501369,2023-08-31,10260,Germany,STK004,Plaid tricote,5,35.76,178.79999999999998
INV501370,2023-06-13,10261,France,STK002,Coussin en lin,2,19.32,38.64
INV501370,2023-06-13,10261,France,STK012,Miroir mural rond,4,44.06,176.24
INV501370,2023-06-13,10261,France,STK008,Tapis de bain,4,26.53,106.12
INV501371,2023-10-29,10261,France,STK004,Plaid tricote,5,39.32,196.6
INV501371,2023-10-29,10261,France,STK008,Tapis de bain,3,20.49,61.47
INV501372,2023-05-03,10261,France,STK003,Set de tasses ceramique,4,11.32,45.28
INV501373,2023-05-03,10261,France,STK011,Plateau en bambou,1,26.75,26.75
INV501373,2023-05-03,10261,France,STK001,Lampe de bureau design,5,27.07,135.35
INV501373,2023-05-03,10261,France,STK011,Plateau en bambou,1,19.57,19.57
INV501373,2023-05-03,10261,France,STK011,Plateau en bambou,4,19.96,79.84
INV501374,2023-01-01,10261,France,STK006,Cadre photo bois,4,8.84,35.36
INV501374,2023-01-01,10261,France,STK006,Cadre photo bois,4,11.06,44.24
INV501374,2023-01-01,10261,France,STK009,Vase en verre,1,14.81,14.81
INV501374,2023-01-01,10261,France,STK009,Vase en verre,5,22.59,112.95
INV501375,2023-01-31,10261,France,STK005,Bougie parfumee,4,13.75,55.0
INV501375,2023-01-31,10261,France,STK010,Guirlande lumineuse,1,9.89,9.89
INV501375,2023-01-31,10261,France,STK005,Bougie parfumee,1,9.32,9.32
INV501376,2023-08-02,10261,France,STK011,Plateau en bambou,3,27.88,83.64
INV501376,2023-08-02,10261,France,STK010,Guirlande lumineuse,4,15.03,60.12
INV501376,2023-08-02,10261,France,STK007,Panier de rangement,2,20.98,41.96
INV501377,2023-07-03,10262,France,STK007,Panier de rangement,4,23.61,94.44
INV501378,2023-10-06,10262,France,STK011,Plateau en bambou,3,19.82,59.46
INV501378,2023-10-06,10262,France,STK006,Cadre photo bois,1,8.69,8.69
INV501378,2023-10-06,10262,France,STK009,Vase en verre,1,18.26,18.26
INV501378,2023-10-06,10262,France,STK007,Panier de rangement,5,26.32,131.6
INV501379,2023-06-13,10262,France,STK007,Panier de rangement,3,17.5,52.5
INV501379,2023-06-13,10262,France,STK008,Tapis de bain,4,28.5,114.0
INV501379,2023-06-13,10262,France,STK012,Miroir mural rond,1,33.9,33.9
INV501380,2023-11-12,10262,France,STK010,Guirlande lumineuse,3,13.41,40.230000000000004
INV501380,2023-11-12,10262,France,STK004,Plaid tricote,5,38.66,193.29999999999998
INV501380,2023-11-12,10262,France,STK012,Miroir mural rond,3,44.27,132.81
INV501381,2023-12-27,10262,France,STK002,Coussin en lin,3,15.22,45.660000000000004
INV501381,2023-12-27,10262,France,STK006,Cadre photo bois,2,9.79,19.58
INV501382,2023-10-20,10262,France,STK002,Coussin en lin,3,18.29,54.87
INV501382,2023-10-20,10262,France,STK001,Lampe de bureau design,1,20.96,20.96
INV501382,2023-10-20,10262,France,STK007,Panier de rangement,4,24.65,98.6
INV501383,2023-01-17,10262,France,STK008,Tapis de bain,5,22.67,113.35000000000001
INV501383,2023-01-17,10262,France,STK003,Set de tasses ceramique,2,15.29,30.58
INV501383,2023-01-17,10262,France,STK006,Cadre photo bois,4,8.91,35.64
INV501383,2023-01-17,10262,France,STK009,Vase en verre,5,22.72,113.6
INV501384,2023-03-05,10262,France,STK009,Vase en verre,5,19.56,97.8
INV501385,2023-11-12,10262,France,STK005,Bougie parfumee,5,12.95,64.75
INV501385,2023-11-12,10262,France,STK011,Plateau en bambou,5,26.72,133.6
INV501385,2023-11-12,10262,France,STK004,Plaid tricote,5,27.88,139.4
INV501386,2023-07-17,10262,France,STK002,Coussin en lin,1,21.02,21.02
INV501386,2023-07-17,10262,France,STK009,Vase en verre,2,16.63,33.26
INV501387,2023-08-12,10263,Germany,STK001,Lampe de bureau design,2,29.84,59.68
INV501387,2023-08-12,10263,Germany,STK006,Cadre photo bois,5,12.05,60.25
INV501387,2023-08-12,10263,Germany,STK005,Bougie parfumee,2,15.75,31.5
INV501388,2023-08-25,10263,Germany,STK001,Lampe de bureau design,5,31.68,158.4
INV501388,2023-08-25,10263,Germany,STK007,Panier de rangement,2,23.58,47.16
INV501388,2023-08-25,10263,Germany,STK009,Vase en verre,2,24.37,48.74
INV501389,2023-05-29,10263,Germany,STK009,Vase en verre,3,18.5,55.5
INV501390,2023-09-04,10263,Germany,STK010,Guirlande lumineuse,1,13.4,13.4
INV501390,2023-09-04,10263,Germany,STK004,Plaid tricote,5,27.31,136.54999999999998
INV501390,2023-09-04,10263,Germany,STK012,Miroir mural rond,1,40.05,40.05
INV501391,2023-04-13,10263,Germany,STK006,Cadre photo bois,4,8.81,35.24
INV501391,2023-04-13,10263,Germany,STK008,Tapis de bain,1,28.42,28.42
INV501391,2023-04-13,10263,Germany,STK001,Lampe de bureau design,4,19.19,76.76
INV501392,2023-07-20,10263,Germany,STK006,Cadre photo bois,4,9.4,37.6
INV501392,2023-07-20,10263,Germany,STK010,Guirlande lumineuse,5,12.89,64.45
INV501393,2023-06-17,10263,Germany,STK002,Coussin en lin,2,19.25,38.5
INV501393,2023-06-17,10263,Germany,STK003,Set de tasses ceramique,2,16.02,32.04
INV501393,2023-06-17,10263,Germany,STK010,Guirlande lumineuse,3,13.74,41.22
INV501393,2023-06-17,10263,Germany,STK012,Miroir mural rond,2,38.93,77.86
INV501394,2023-08-27,10263,Germany,STK006,Cadre photo bois,4,10.01,40.04
INV501394,2023-08-27,10263,Germany,STK005,Bougie parfumee,3,18.72,56.16
INV501394,2023-08-27,10263,Germany,STK007,Panier de rangement,3,23.27,69.81
INV501394,2023-08-27,10263,Germany,STK005,Bougie parfumee,4,15.11,60.44
INV501395,2023-11-04,10263,Germany,STK005,Bougie parfumee,3,13.59,40.769999999999996
INV501395,2023-11-04,10263,Germany,STK004,Plaid tricote,3,38.66,115.97999999999999
INV501396,2023-09-22,10264,Portugal,STK004,Plaid tricote,1,36.36,36.36
INV501396,2023-09-22,10264,Portugal,STK002,Coussin en lin,3,16.99,50.97
INV501396,2023-09-22,10264,Portugal,STK003,Set de tasses ceramique,5,16.15,80.75
INV501396,2023-09-22,10264,Portugal,STK005,Bougie parfumee,1,14.53,14.53
INV501397,2023-06-19,10264,Portugal,STK009,Vase en verre,2,23.61,47.22
INV501398,2023-06-18,10264,Portugal,STK003,Set de tasses ceramique,4,15.83,63.32
INV501398,2023-06-18,10264,Portugal,STK012,Miroir mural rond,3,40.94,122.82
INV501398,2023-06-18,10264,Portugal,STK003,Set de tasses ceramique,1,15.41,15.41
INV501399,2023-03-31,10264,Portugal,STK009,Vase en verre,4,20.57,82.28
INV501399,2023-03-31,10264,Portugal,STK008,Tapis de bain,2,27.23,54.46
INV501400,2023-07-30,10264,Portugal,STK011,Plateau en bambou,3,17.48,52.44
INV501401,2023-05-01,10264,Portugal,STK005,Bougie parfumee,2,9.9,19.8
INV501401,2023-05-01,10264,Portugal,STK010,Guirlande lumineuse,2,9.75,19.5
INV501402,2023-10-07,10264,Portugal,STK004,Plaid tricote,3,24.93,74.78999999999999
INV501402,2023-10-07,10264,Portugal,STK012,Miroir mural rond,1,44.75,44.75
INV501402,2023-10-07,10264,Portugal,STK007,Panier de rangement,4,23.95,95.8
INV501403,2023-12-17,10264,Portugal,STK003,Set de tasses ceramique,4,15.7,62.8
INV501403,2023-12-17,10264,Portugal,STK006,Cadre photo bois,4,9.16,36.64
INV501403,2023-12-17,10264,Portugal,STK005,Bougie parfumee,4,11.86,47.44
INV501404,2023-06-06,10264,Portugal,STK011,Plateau en bambou,2,19.35,38.7
INV501404,2023-06-06,10264,Portugal,STK001,Lampe de bureau design,4,27.17,108.68
INV501405,2023-05-21,10264,Portugal,STK004,Plaid tricote,3,36.33,108.99
INV501405,2023-05-21,10264,Portugal,STK006,Cadre photo bois,1,12.84,12.84
INV501405,2023-05-21,10264,Portugal,STK004,Plaid tricote,1,34.26,34.26
INV501406,2023-08-23,10264,Portugal,STK007,Panier de rangement,5,20.32,101.6
INV501406,2023-08-23,10264,Portugal,STK011,Plateau en bambou,5,19.55,97.75
INV501406,2023-08-23,10264,Portugal,STK007,Panier de rangement,2,23.51,47.02
INV501406,2023-08-23,10264,Portugal,STK006,Cadre photo bois,4,11.01,44.04
INV501407,2023-03-15,10264,Portugal,STK004,Plaid tricote,5,29.25,146.25
INV501408,2023-03-29,10264,Portugal,STK004,Plaid tricote,2,44.03,88.06
INV501408,2023-03-29,10264,Portugal,STK010,Guirlande lumineuse,4,16.19,64.76
INV501408,2023-03-29,10264,Portugal,STK003,Set de tasses ceramique,2,19.78,39.56
INV501409,2023-02-21,10265,France,STK002,Coussin en lin,3,15.69,47.07
INV501409,2023-02-21,10265,France,STK005,Bougie parfumee,1,13.25,13.25
INV501410,2023-03-11,10265,France,STK008,Tapis de bain,5,30.0,150.0
INV501410,2023-03-11,10265,France,STK009,Vase en verre,4,21.42,85.68
INV501410,2023-03-11,10265,France,STK008,Tapis de bain,5,29.15,145.75
INV501410,2023-03-11,10265,France,STK008,Tapis de bain,3,29.29,87.87
INV501411,2023-01-26,10265,France,STK004,Plaid tricote,4,31.4,125.6
INV501411,2023-01-26,10265,France,STK010,Guirlande lumineuse,2,15.33,30.66
INV501411,2023-01-26,10265,France,STK010,Guirlande lumineuse,5,17.63,88.14999999999999
INV501412,2023-04-23,10265,France,STK002,Coussin en lin,2,22.66,45.32
INV501412,2023-04-23,10265,France,STK002,Coussin en lin,5,17.35,86.75
INV501413,2023-02-11,10265,France,STK010,Guirlande lumineuse,2,15.35,30.7
INV501413,2023-02-11,10265,France,STK004,Plaid tricote,5,29.08,145.39999999999998
INV501413,2023-02-11,10265,France,STK011,Plateau en bambou,2,25.82,51.64
INV501413,2023-02-11,10265,France,STK003,Set de tasses ceramique,3,13.64,40.92
INV501414,2023-01-12,10265,France,STK011,Plateau en bambou,4,24.29,97.16
INV501414,2023-01-12,10265,France,STK008,Tapis de bain,4,21.94,87.76
INV501414,2023-01-12,10265,France,STK005,Bougie parfumee,3,12.53,37.589999999999996
INV501415,2023-10-26,10265,France,STK008,Tapis de bain,1,31.7,31.7
INV501416,2023-01-13,10266,Spain,STK011,Plateau en bambou,1,20.95,20.95
INV501416,2023-01-13,10266,Spain,STK008,Tapis de bain,4,30.41,121.64
INV501416,2023-01-13,10266,Spain,STK008,Tapis de bain,5,30.57,152.85
INV501416,2023-01-13,10266,Spain,STK010,Guirlande lumineuse,3,11.83,35.49
INV501417,2023-02-25,10266,Spain,STK005,Bougie parfumee,5,10.64,53.2
INV501417,2023-02-25,10266,Spain,STK003,Set de tasses ceramique,5,17.07,85.35
INV501417,2023-02-25,10266,Spain,STK008,Tapis de bain,1,31.95,31.95
INV501417,2023-02-25,10266,Spain,STK012,Miroir mural rond,1,36.94,36.94
INV501418,2023-06-16,10266,Spain,STK009,Vase en verre,2,19.8,39.6
INV501419,2023-09-06,10267,France,STK010,Guirlande lumineuse,4,7.73,30.92
INV501419,2023-09-06,10267,France,STK010,Guirlande lumineuse,5,13.89,69.45
INV501420,2023-06-30,10267,France,STK012,Miroir mural rond,4,35.11,140.44
INV501420,2023-06-30,10267,France,STK010,Guirlande lumineuse,1,13.95,13.95
INV501420,2023-06-30,10267,France,STK008,Tapis de bain,3,26.0,78.0
INV501421,2023-07-03,10267,France,STK012,Miroir mural rond,3,31.98,95.94
INV501421,2023-07-03,10267,France,STK011,Plateau en bambou,1,19.66,19.66
INV501421,2023-07-03,10267,France,STK009,Vase en verre,3,23.36,70.08
INV501421,2023-07-03,10267,France,STK002,Coussin en lin,4,20.2,80.8
INV501422,2023-09-18,10267,France,STK004,Plaid tricote,3,35.06,105.18
INV501422,2023-09-18,10267,France,STK012,Miroir mural rond,3,34.47,103.41
INV501422,2023-09-18,10267,France,STK003,Set de tasses ceramique,3,16.8,50.400000000000006
INV501422,2023-09-18,10267,France,STK005,Bougie parfumee,4,12.62,50.48
INV501423,2023-01-11,10268,France,STK004,Plaid tricote,5,31.93,159.65
INV501424,2023-03-03,10268,France,STK003,Set de tasses ceramique,5,16.0,80.0
INV501425,2023-10-02,10268,France,STK005,Bougie parfumee,4,16.31,65.24
INV501425,2023-10-02,10268,France,STK011,Plateau en bambou,4,30.57,122.28
INV501426,2023-09-14,10269,France,STK002,Coussin en lin,4,17.85,71.4
INV501427,2023-09-23,10269,France,STK007,Panier de rangement,2,20.65,41.3
INV501427,2023-09-23,10269,France,STK010,Guirlande lumineuse,1,15.19,15.19
INV501428,2023-02-08,10269,France,STK001,Lampe de bureau design,2,25.5,51.0
INV501428,2023-02-08,10269,France,STK002,Coussin en lin,2,20.91,41.82
INV501428,2023-02-08,10269,France,STK004,Plaid tricote,2,31.77,63.54
INV501429,2023-05-04,10270,Belgium,STK012,Miroir mural rond,2,41.11,82.22
INV501429,2023-05-04,10270,Belgium,STK003,Set de tasses ceramique,3,16.11,48.33
INV501429,2023-05-04,10270,Belgium,STK004,Plaid tricote,3,32.94,98.82
INV501430,2023-11-08,10270,Belgium,STK011,Plateau en bambou,3,21.44,64.32000000000001
INV501430,2023-11-08,10270,Belgium,STK012,Miroir mural rond,5,44.91,224.54999999999998
INV501430,2023-11-08,10270,Belgium,STK009,Vase en verre,4,20.28,81.12
INV501430,2023-11-08,10270,Belgium,STK006,Cadre photo bois,3,8.0,24.0
INV501431,2023-04-14,10270,Belgium,STK002,Coussin en lin,5,19.93,99.65
INV501432,2023-07-21,10270,Belgium,STK002,Coussin en lin,5,17.67,88.35000000000001
INV501433,2023-02-28,10271,Portugal,STK007,Panier de rangement,4,24.11,96.44
INV501434,2023-10-01,10271,Portugal,STK009,Vase en verre,2,16.73,33.46
INV501434,2023-10-01,10271,Portugal,STK011,Plateau en bambou,2,22.38,44.76
INV501434,2023-10-01,10271,Portugal,STK008,Tapis de bain,1,22.62,22.62
INV501435,2023-06-26,10271,Portugal,STK011,Plateau en bambou,4,24.58,98.32
INV501435,2023-06-26,10271,Portugal,STK003,Set de tasses ceramique,5,19.49,97.44999999999999
INV501436,2023-09-03,10271,Portugal,STK012,Miroir mural rond,3,40.07,120.21000000000001
INV501436,2023-09-03,10271,Portugal,STK006,Cadre photo bois,3,11.2,33.599999999999994
INV501437,2023-06-01,10271,Portugal,STK011,Plateau en bambou,1,19.62,19.62
INV501438,2023-01-21,10271,Portugal,STK009,Vase en verre,5,22.34,111.7
INV501438,2023-01-21,10271,Portugal,STK009,Vase en verre,1,22.76,22.76
INV501438,2023-01-21,10271,Portugal,STK003,Set de tasses ceramique,3,13.38,40.14
INV501439,2023-03-27,10271,Portugal,STK010,Guirlande lumineuse,2,13.41,26.82
INV501440,2023-11-21,10271,Portugal,STK012,Miroir mural rond,1,46.47,46.47
INV501441,2023-01-25,10271,Portugal,STK011,Plateau en bambou,2,20.7,41.4
INV501441,2023-01-25,10271,Portugal,STK005,Bougie parfumee,1,14.06,14.06
INV501441,2023-01-25,10271,Portugal,STK008,Tapis de bain,1,26.72,26.72
INV501442,2023-03-14,10272,Germany,STK003,Set de tasses ceramique,5,12.89,64.45
INV501443,2023-02-20,10272,Germany,STK007,Panier de rangement,4,20.37,81.48
INV501444,2023-04-22,10273,France,STK005,Bougie parfumee,5,11.76,58.8
INV501444,2023-04-22,10273,France,STK003,Set de tasses ceramique,1,11.61,11.61
INV501444,2023-04-22,10273,France,STK009,Vase en verre,5,15.01,75.05
INV501444,2023-04-22,10273,France,STK012,Miroir mural rond,4,28.53,114.12
INV501445,2023-12-22,10273,France,STK005,Bougie parfumee,2,14.04,28.08
INV501445,2023-12-22,10273,France,STK004,Plaid tricote,4,35.83,143.32
INV501445,2023-12-22,10273,France,STK001,Lampe de bureau design,4,22.15,88.6
INV501446,2023-05-05,10273,France,STK003,Set de tasses ceramique,3,14.1,42.3
INV501446,2023-05-05,10273,France,STK002,Coussin en lin,2,20.4,40.8
INV501447,2023-04-26,10274,Germany,STK003,Set de tasses ceramique,5,10.72,53.6
INV501448,2023-03-06,10274,Germany,STK002,Coussin en lin,3,21.3,63.900000000000006
INV501448,2023-03-06,10274,Germany,STK004,Plaid tricote,4,38.27,153.08
INV501448,2023-03-06,10274,Germany,STK004,Plaid tricote,1,31.06,31.06
INV501449,2023-02-04,10274,Germany,STK001,Lampe de bureau design,5,23.41,117.05
INV501450,2023-03-03,10274,Germany,STK004,Plaid tricote,4,34.81,139.24
INV501450,2023-03-03,10274,Germany,STK004,Plaid tricote,2,31.37,62.74
INV501451,2023-11-06,10275,France,STK005,Bougie parfumee,4,14.02,56.08
INV501451,2023-11-06,10275,France,STK002,Coussin en lin,3,20.64,61.92
INV501452,2023-02-05,10275,France,STK009,Vase en verre,5,21.86,109.3
INV501452,2023-02-05,10275,France,STK009,Vase en verre,2,21.72,43.44
INV501452,2023-02-05,10275,France,STK001,Lampe de bureau design,1,21.9,21.9
INV501452,2023-02-05,10275,France,STK010,Guirlande lumineuse,3,15.69,47.07
INV501453,2023-03-30,10275,France,STK012,Miroir mural rond,3,37.19,111.57
INV501453,2023-03-30,10275,France,STK005,Bougie parfumee,2,11.98,23.96
INV501454,2023-10-08,10276,France,STK009,Vase en verre,2,19.34,38.68
INV501455,2023-01-09,10276,France,STK005,Bougie parfumee,4,12.09,48.36
INV501455,2023-01-09,10276,France,STK012,Miroir mural rond,4,41.57,166.28
INV501456,2023-06-02,10276,France,STK003,Set de tasses ceramique,4,16.68,66.72
INV501457,2023-08-27,10276,France,STK004,Plaid tricote,4,37.59,150.36
INV501458,2023-01-10,10276,France,STK010,Guirlande lumineuse,2,14.21,28.42
INV501458,2023-01-10,10276,France,STK007,Panier de rangement,5,21.11,105.55
INV501459,2023-07-06,10276,France,STK011,Plateau en bambou,1,16.43,16.43
INV501459,2023-07-06,10276,France,STK001,Lampe de bureau design,3,24.26,72.78
INV501460,2023-05-16,10276,France,STK010,Guirlande lumineuse,2,14.03,28.06
INV501460,2023-05-16,10276,France,STK011,Plateau en bambou,5,18.0,90.0
INV501460,2023-05-16,10276,France,STK002,Coussin en lin,2,20.22,40.44
INV501461,2023-04-27,10276,France,STK010,Guirlande lumineuse,3,13.91,41.730000000000004
INV501461,2023-04-27,10276,France,STK005,Bougie parfumee,2,14.12,28.24
INV501462,2023-02-26,10276,France,STK006,Cadre photo bois,4,10.16,40.64
INV501462,2023-02-26,10276,France,STK002,Coussin en lin,1,20.58,20.58
INV501462,2023-02-26,10276,France,STK005,Bougie parfumee,3,12.62,37.86
INV501463,2023-07-04,10276,France,STK001,Lampe de bureau design,1,18.58,18.58
INV501463,2023-07-04,10276,France,STK006,Cadre photo bois,3,9.79,29.369999999999997
INV501463,2023-07-04,10276,France,STK002,Coussin en lin,4,16.29,65.16
INV501463,2023-07-04,10276,France,STK003,Set de tasses ceramique,4,14.73,58.92
INV501464,2023-05-06,10277,France,STK010,Guirlande lumineuse,4,15.25,61.0
INV501465,2023-05-11,10277,France,STK011,Plateau en bambou,2,22.97,45.94
INV501465,2023-05-11,10277,France,STK007,Panier de rangement,5,19.85,99.25
INV501466,2023-03-22,10277,France,STK008,Tapis de bain,1,27.14,27.14
INV501467,2023-08-10,10277,France,STK007,Panier de rangement,5,22.59,112.95
INV501467,2023-08-10,10277,France,STK003,Set de tasses ceramique,5,16.62,83.10000000000001
INV501467,2023-08-10,10277,France,STK007,Panier de rangement,4,23.99,95.96
INV501467,2023-08-10,10277,France,STK006,Cadre photo bois,1,14.03,14.03
INV501468,2023-03-17,10278,France,STK012,Miroir mural rond,4,42.25,169.0
INV501468,2023-03-17,10278,France,STK009,Vase en verre,2,19.65,39.3
INV501468,2023-03-17,10278,France,STK001,Lampe de bureau design,5,23.2,116.0
INV501469,2023-04-10,10278,France,STK001,Lampe de bureau design,1,22.93,22.93
INV501470,2023-01-23,10278,France,STK004,Plaid tricote,4,30.87,123.48
INV501470,2023-01-23,10278,France,STK002,Coussin en lin,3,22.21,66.63
INV501470,2023-01-23,10278,France,STK012,Miroir mural rond,4,37.75,151.0
INV501470,2023-01-23,10278,France,STK005,Bougie parfumee,4,11.81,47.24
INV501471,2023-03-13,10278,France,STK004,Plaid tricote,5,31.4,157.0
INV501471,2023-03-13,10278,France,STK006,Cadre photo bois,2,9.3,18.6
INV501471,2023-03-13,10278,France,STK006,Cadre photo bois,2,7.8,15.6
INV501471,2023-03-13,10278,France,STK007,Panier de rangement,2,21.65,43.3
INV501472,2023-02-07,10278,France,STK005,Bougie parfumee,1,13.39,13.39
INV501472,2023-02-07,10278,France,STK009,Vase en verre,4,21.7,86.8
INV501472,2023-02-07,10278,France,STK008,Tapis de bain,4,26.88,107.52
INV501473,2023-06-14,10278,France,STK010,Guirlande lumineuse,3,13.33,39.99
INV501473,2023-06-14,10278,France,STK009,Vase en verre,1,16.64,16.64
INV501474,2023-07-20,10278,France,STK010,Guirlande lumineuse,3,14.94,44.82
INV501475,2023-07-06,10279,France,STK002,Coussin en lin,3,16.43,49.29
INV501475,2023-07-06,10279,France,STK003,Set de tasses ceramique,3,15.05,45.150000000000006
INV501475,2023-07-06,10279,France,STK005,Bougie parfumee,5,10.91,54.55
INV501476,2023-05-10,10279,France,STK011,Plateau en bambou,1,20.61,20.61
INV501476,2023-05-10,10279,France,STK009,Vase en verre,3,17.89,53.67
INV501476,2023-05-10,10279,France,STK002,Coussin en lin,4,20.9,83.6
INV501476,2023-05-10,10279,France,STK005,Bougie parfumee,1,8.79,8.79
INV501477,2023-08-18,10280,France,STK005,Bougie parfumee,1,11.87,11.87
INV501478,2023-06-23,10280,France,STK002,Coussin en lin,2,17.59,35.18
INV501478,2023-06-23,10280,France,STK002,Coussin en lin,2,22.01,44.02
INV501479,2023-09-08,10281,France,STK004,Plaid tricote,4,36.35,145.4
INV501479,2023-09-08,10281,France,STK011,Plateau en bambou,4,23.64,94.56
INV501479,2023-09-08,10281,France,STK009,Vase en verre,1,18.31,18.31
INV501480,2023-04-20,10281,France,STK008,Tapis de bain,2,31.44,62.88
INV501480,2023-04-20,10281,France,STK011,Plateau en bambou,5,24.74,123.69999999999999
INV501480,2023-04-20,10281,France,STK012,Miroir mural rond,1,34.73,34.73
INV501481,2023-07-03,10281,France,STK004,Plaid tricote,5,31.8,159.0
INV501481,2023-07-03,10281,France,STK011,Plateau en bambou,2,22.61,45.22
INV501481,2023-07-03,10281,France,STK011,Plateau en bambou,5,23.52,117.6
INV501481,2023-07-03,10281,France,STK006,Cadre photo bois,1,9.27,9.27
INV501482,2023-02-13,10281,France,STK007,Panier de rangement,5,25.59,127.95
INV501483,2023-01-01,10282,France,STK010,Guirlande lumineuse,5,14.99,74.95
INV501483,2023-01-01,10282,France,STK011,Plateau en bambou,2,23.3,46.6
INV501483,2023-01-01,10282,France,STK011,Plateau en bambou,2,20.09,40.18
INV501484,2023-06-28,10282,France,STK006,Cadre photo bois,4,10.18,40.72
INV501484,2023-06-28,10282,France,STK010,Guirlande lumineuse,1,11.0,11.0
INV501484,2023-06-28,10282,France,STK002,Coussin en lin,3,18.43,55.29
INV501485,2023-11-24,10282,France,STK011,Plateau en bambou,2,21.72,43.44
INV501485,2023-11-24,10282,France,STK012,Miroir mural rond,1,39.72,39.72
INV501486,2023-05-09,10282,France,STK007,Panier de rangement,1,18.31,18.31
INV501486,2023-05-09,10282,France,STK011,Plateau en bambou,1,24.6,24.6
INV501486,2023-05-09,10282,France,STK005,Bougie parfumee,4,12.96,51.84
INV501486,2023-05-09,10282,France,STK008,Tapis de bain,5,25.78,128.9
INV501487,2023-03-22,10282,France,STK006,Cadre photo bois,5,7.77,38.849999999999994
INV501487,2023-03-22,10282,France,STK005,Bougie parfumee,4,13.03,52.12
INV501487,2023-03-22,10282,France,STK007,Panier de rangement,4,20.91,83.64
INV501488,2023-08-14,10282,France,STK004,Plaid tricote,4,25.23,100.92
INV501488,2023-08-14,10282,France,STK005,Bougie parfumee,2,10.73,21.46
INV501488,2023-08-14,10282,France,STK002,Coussin en lin,5,19.78,98.9
INV501489,2023-10-08,10282,France,STK012,Miroir mural rond,4,44.66,178.64
INV501489,2023-10-08,10282,France,STK007,Panier de rangement,4,20.44,81.76
INV501489,2023-10-08,10282,France,STK009,Vase en verre,5,24.18,120.9
INV501490,2023-06-11,10282,France,STK005,Bougie parfumee,2,10.27,20.54
INV501490,2023-06-11,10282,France,STK005,Bougie parfumee,4,15.44,61.76
INV501491,2023-11-16,10282,France,STK002,Coussin en lin,3,19.07,57.21
INV501491,2023-11-16,10282,France,STK001,Lampe de bureau design,3,28.53,85.59
INV501491,2023-11-16,10282,France,STK007,Panier de rangement,4,19.24,76.96
INV501491,2023-11-16,10282,France,STK002,Coussin en lin,5,19.27,96.35
INV501492,2023-12-08,10282,France,STK001,Lampe de bureau design,4,23.68,94.72
INV501493,2023-05-03,10282,France,STK006,Cadre photo bois,4,14.22,56.88
INV501493,2023-05-03,10282,France,STK009,Vase en verre,3,22.35,67.05000000000001
INV501493,2023-05-03,10282,France,STK001,Lampe de bureau design,4,26.3,105.2
INV501494,2023-07-09,10282,France,STK007,Panier de rangement,1,26.4,26.4
INV501494,2023-07-09,10282,France,STK008,Tapis de bain,5,22.53,112.65
INV501495,2023-11-20,10282,France,STK002,Coussin en lin,2,20.7,41.4
INV501495,2023-11-20,10282,France,STK004,Plaid tricote,4,31.05,124.2
INV501495,2023-11-20,10282,France,STK012,Miroir mural rond,1,37.12,37.12
INV501495,2023-11-20,10282,France,STK002,Coussin en lin,4,15.44,61.76
INV501496,2023-08-17,10282,France,STK005,Bougie parfumee,2,12.22,24.44
INV501497,2023-10-28,10282,France,STK006,Cadre photo bois,3,9.03,27.089999999999996
INV501497,2023-10-28,10282,France,STK006,Cadre photo bois,5,10.19,50.949999999999996
INV501497,2023-10-28,10282,France,STK007,Panier de rangement,1,21.32,21.32
INV501498,2023-06-12,10282,France,STK006,Cadre photo bois,4,10.74,42.96
INV501498,2023-06-12,10282,France,STK010,Guirlande lumineuse,2,12.36,24.72
INV501499,2023-11-13,10283,France,STK008,Tapis de bain,1,28.65,28.65
INV501500,2023-03-23,10284,Spain,STK001,Lampe de bureau design,5,23.76,118.80000000000001
INV501500,2023-03-23,10284,Spain,STK011,Plateau en bambou,4,24.96,99.84
INV501500,2023-03-23,10284,Spain,STK008,Tapis de bain,4,27.32,109.28
INV501500,2023-03-23,10284,Spain,STK004,Plaid tricote,3,36.89,110.67
INV501501,2023-06-04,10284,Spain,STK005,Bougie parfumee,3,14.11,42.33
INV501502,2023-09-30,10284,Spain,STK011,Plateau en bambou,1,21.66,21.66
INV501502,2023-09-30,10284,Spain,STK002,Coussin en lin,4,15.54,62.16
INV501502,2023-09-30,10284,Spain,STK012,Miroir mural rond,4,40.92,163.68
INV501502,2023-09-30,10284,Spain,STK007,Panier de rangement,3,21.1,63.300000000000004
INV501503,2023-03-25,10284,Spain,STK007,Panier de rangement,2,21.03,42.06
INV501504,2023-04-05,10284,Spain,STK004,Plaid tricote,1,27.58,27.58
INV501504,2023-04-05,10284,Spain,STK004,Plaid tricote,1,21.61,21.61
INV501505,2023-04-15,10285,Spain,STK003,Set de tasses ceramique,4,19.99,79.96
INV501505,2023-04-15,10285,Spain,STK011,Plateau en bambou,5,26.9,134.5
INV501506,2023-02-15,10285,Spain,STK002,Coussin en lin,5,15.12,75.6
INV501507,2023-09-02,10285,Spain,STK009,Vase en verre,1,22.64,22.64
INV501507,2023-09-02,10285,Spain,STK009,Vase en verre,4,19.81,79.24
INV501507,2023-09-02,10285,Spain,STK007,Panier de rangement,3,19.03,57.09
INV501507,2023-09-02,10285,Spain,STK001,Lampe de bureau design,3,23.49,70.47
INV501508,2023-10-06,10285,Spain,STK008,Tapis de bain,5,22.86,114.3
INV501509,2023-12-21,10285,Spain,STK008,Tapis de bain,2,33.14,66.28
INV501509,2023-12-21,10285,Spain,STK002,Coussin en lin,4,18.3,73.2
INV501510,2023-05-03,10286,France,STK003,Set de tasses ceramique,3,16.09,48.269999999999996
INV501510,2023-05-03,10286,France,STK008,Tapis de bain,3,28.74,86.22
INV501511,2023-08-20,10286,France,STK009,Vase en verre,3,18.35,55.050000000000004
INV501511,2023-08-20,10286,France,STK009,Vase en verre,2,16.8,33.6
INV501511,2023-08-20,10286,France,STK012,Miroir mural rond,2,41.15,82.3
INV501511,2023-08-20,10286,France,STK006,Cadre photo bois,1,8.65,8.65
INV501512,2023-12-05,10286,France,STK012,Miroir mural rond,5,36.44,182.2
INV501512,2023-12-05,10286,France,STK007,Panier de rangement,3,19.69,59.07000000000001
INV501512,2023-12-05,10286,France,STK001,Lampe de bureau design,3,19.9,59.699999999999996
INV501512,2023-12-05,10286,France,STK012,Miroir mural rond,3,37.31,111.93
INV501513,2023-08-09,10286,France,STK007,Panier de rangement,2,19.47,38.94
INV501514,2023-06-19,10286,France,STK004,Plaid tricote,1,32.41,32.41
INV501514,2023-06-19,10286,France,STK006,Cadre photo bois,3,9.68,29.04
INV501515,2023-12-23,10287,Belgium,STK006,Cadre photo bois,2,10.57,21.14
INV501515,2023-12-23,10287,Belgium,STK008,Tapis de bain,3,27.06,81.17999999999999
INV501515,2023-12-23,10287,Belgium,STK002,Coussin en lin,4,9.45,37.8
INV501515,2023-12-23,10287,Belgium,STK003,Set de tasses ceramique,5,15.94,79.7
INV501516,2023-10-10,10287,Belgium,STK008,Tapis de bain,1,23.64,23.64
INV501516,2023-10-10,10287,Belgium,STK007,Panier de rangement,3,22.4,67.19999999999999
INV501517,2023-03-20,10288,Italy,STK012,Miroir mural rond,2,47.35,94.7
INV501517,2023-03-20,10288,Italy,STK012,Miroir mural rond,1,51.35,51.35
INV501518,2023-02-10,10288,Italy,STK001,Lampe de bureau design,1,24.72,24.72
INV501518,2023-02-10,10288,Italy,STK005,Bougie parfumee,5,14.18,70.9
INV501518,2023-02-10,10288,Italy,STK003,Set de tasses ceramique,2,14.55,29.1
INV501519,2023-03-02,10288,Italy,STK012,Miroir mural rond,2,40.84,81.68
INV501519,2023-03-02,10288,Italy,STK005,Bougie parfumee,1,12.49,12.49
INV501519,2023-03-02,10288,Italy,STK001,Lampe de bureau design,5,20.72,103.6
INV501519,2023-03-02,10288,Italy,STK004,Plaid tricote,2,36.51,73.02
INV501520,2023-08-12,10288,Italy,STK009,Vase en verre,2,20.15,40.3
INV501521,2023-03-31,10288,Italy,STK009,Vase en verre,5,17.59,87.95
INV501521,2023-03-31,10288,Italy,STK005,Bougie parfumee,2,9.71,19.42
INV501521,2023-03-31,10288,Italy,STK002,Coussin en lin,1,19.52,19.52
INV501522,2023-09-05,10288,Italy,STK011,Plateau en bambou,2,26.94,53.88
INV501522,2023-09-05,10288,Italy,STK009,Vase en verre,2,21.31,42.62
INV501522,2023-09-05,10288,Italy,STK010,Guirlande lumineuse,3,17.03,51.09
INV501522,2023-09-05,10288,Italy,STK008,Tapis de bain,1,31.62,31.62
INV501523,2023-02-05,10289,France,STK003,Set de tasses ceramique,4,17.14,68.56
INV501523,2023-02-05,10289,France,STK010,Guirlande lumineuse,3,11.42,34.26
INV501523,2023-02-05,10289,France,STK012,Miroir mural rond,4,55.61,222.44
INV501524,2023-08-27,10290,Belgium,STK012,Miroir mural rond,3,44.18,132.54
INV501524,2023-08-27,10290,Belgium,STK006,Cadre photo bois,1,9.91,9.91
INV501524,2023-08-27,10290,Belgium,STK012,Miroir mural rond,1,38.64,38.64
INV501525,2023-01-07,10290,Belgium,STK008,Tapis de bain,1,24.14,24.14
INV501525,2023-01-07,10290,Belgium,STK007,Panier de rangement,2,23.9,47.8
INV501526,2023-01-20,10290,Belgium,STK009,Vase en verre,1,19.99,19.99
INV501527,2023-06-04,10290,Belgium,STK002,Coussin en lin,5,17.28,86.4
INV501528,2023-08-15,10290,Belgium,STK006,Cadre photo bois,5,9.64,48.2
INV501528,2023-08-15,10290,Belgium,STK008,Tapis de bain,4,25.97,103.88
INV501529,2023-11-20,10290,Belgium,STK010,Guirlande lumineuse,5,14.34,71.7
INV501529,2023-11-20,10290,Belgium,STK001,Lampe de bureau design,5,26.6,133.0
INV501529,2023-11-20,10290,Belgium,STK011,Plateau en bambou,3,21.87,65.61
INV501530,2023-01-26,10290,Belgium,STK006,Cadre photo bois,5,12.38,61.900000000000006
INV501530,2023-01-26,10290,Belgium,STK001,Lampe de bureau design,2,22.14,44.28
INV501531,2023-04-16,10290,Belgium,STK010,Guirlande lumineuse,4,11.16,44.64
INV501531,2023-04-16,10290,Belgium,STK011,Plateau en bambou,4,21.58,86.32
INV501531,2023-04-16,10290,Belgium,STK012,Miroir mural rond,4,43.74,174.96
INV501532,2023-04-26,10290,Belgium,STK011,Plateau en bambou,2,25.97,51.94
INV501533,2023-08-23,10290,Belgium,STK007,Panier de rangement,3,21.71,65.13
INV501533,2023-08-23,10290,Belgium,STK011,Plateau en bambou,3,24.91,74.73
INV501533,2023-08-23,10290,Belgium,STK005,Bougie parfumee,2,12.58,25.16
INV501534,2023-10-13,10291,France,STK001,Lampe de bureau design,3,24.78,74.34
INV501534,2023-10-13,10291,France,STK010,Guirlande lumineuse,1,14.94,14.94
INV501534,2023-10-13,10291,France,STK011,Plateau en bambou,2,23.25,46.5
INV501534,2023-10-13,10291,France,STK007,Panier de rangement,1,18.73,18.73
INV501535,2023-12-08,10291,France,STK006,Cadre photo bois,3,9.74,29.22
INV501535,2023-12-08,10291,France,STK002,Coussin en lin,5,13.27,66.35
INV501536,2023-12-27,10291,France,STK001,Lampe de bureau design,5,21.54,107.69999999999999
INV501536,2023-12-27,10291,France,STK002,Coussin en lin,1,16.17,16.17
INV501536,2023-12-27,10291,France,STK011,Plateau en bambou,3,21.92,65.76
INV501537,2023-11-21,10291,France,STK006,Cadre photo bois,3,10.58,31.740000000000002
INV501537,2023-11-21,10291,France,STK008,Tapis de bain,4,29.56,118.24
INV501537,2023-11-21,10291,France,STK001,Lampe de bureau design,1,29.33,29.33
INV501538,2023-07-27,10291,France,STK011,Plateau en bambou,3,23.3,69.9
INV501539,2023-05-13,10292,Germany,STK009,Vase en verre,4,20.82,83.28
INV501539,2023-05-13,10292,Germany,STK006,Cadre photo bois,1,13.05,13.05
INV501540,2023-01-03,10292,Germany,STK012,Miroir mural rond,5,39.63,198.15
INV501541,2023-02-07,10292,Germany,STK004,Plaid tricote,3,35.29,105.87
INV501542,2023-02-16,10292,Germany,STK004,Plaid tricote,5,31.55,157.75
INV501542,2023-02-16,10292,Germany,STK001,Lampe de bureau design,2,30.63,61.26
INV501542,2023-02-16,10292,Germany,STK003,Set de tasses ceramique,2,15.61,31.22
INV501542,2023-02-16,10292,Germany,STK008,Tapis de bain,2,31.57,63.14
INV501543,2023-03-22,10292,Germany,STK006,Cadre photo bois,5,9.28,46.4
INV501543,2023-03-22,10292,Germany,STK001,Lampe de bureau design,3,25.09,75.27
INV501543,2023-03-22,10292,Germany,STK010,Guirlande lumineuse,1,12.87,12.87
INV501543,2023-03-22,10292,Germany,STK002,Coussin en lin,4,18.72,74.88
INV501544,2023-09-09,10292,Germany,STK002,Coussin en lin,1,16.81,16.81
INV501544,2023-09-09,10292,Germany,STK003,Set de tasses ceramique,3,16.53,49.59
INV501544,2023-09-09,10292,Germany,STK005,Bougie parfumee,3,13.27,39.81
INV501545,2023-09-22,10293,Netherlands,STK006,Cadre photo bois,5,8.7,43.5
INV501545,2023-09-22,10293,Netherlands,STK006,Cadre photo bois,4,8.64,34.56
INV501545,2023-09-22,10293,Netherlands,STK004,Plaid tricote,2,27.6,55.2
INV501545,2023-09-22,10293,Netherlands,STK002,Coussin en lin,3,15.78,47.339999999999996
INV501546,2023-01-21,10293,Netherlands,STK006,Cadre photo bois,2,9.85,19.7
INV501546,2023-01-21,10293,Netherlands,STK008,Tapis de bain,2,34.44,68.88
INV501546,2023-01-21,10293,Netherlands,STK006,Cadre photo bois,1,10.03,10.03
INV501547,2023-07-11,10293,Netherlands,STK003,Set de tasses ceramique,3,13.53,40.589999999999996
INV501547,2023-07-11,10293,Netherlands,STK011,Plateau en bambou,3,20.68,62.04
INV501548,2023-01-16,10293,Netherlands,STK004,Plaid tricote,3,40.76,122.28
INV501549,2023-09-27,10293,Netherlands,STK009,Vase en verre,5,21.35,106.75
INV501550,2023-07-18,10294,France,STK012,Miroir mural rond,4,44.73,178.92
INV501550,2023-07-18,10294,France,STK005,Bougie parfumee,1,14.4,14.4
INV501550,2023-07-18,10294,France,STK007,Panier de rangement,4,26.73,106.92
INV501551,2023-01-15,10294,France,STK004,Plaid tricote,3,29.35,88.05000000000001
INV501551,2023-01-15,10294,France,STK007,Panier de rangement,1,20.27,20.27
INV501551,2023-01-15,10294,France,STK005,Bougie parfumee,2,12.15,24.3
INV501551,2023-01-15,10294,France,STK009,Vase en verre,3,15.48,46.44
INV501552,2023-07-14,10294,France,STK001,Lampe de bureau design,1,25.77,25.77
INV501552,2023-07-14,10294,France,STK010,Guirlande lumineuse,5,10.27,51.349999999999994
INV501552,2023-07-14,10294,France,STK009,Vase en verre,4,17.19,68.76
INV501552,2023-07-14,10294,France,STK009,Vase en verre,5,19.41,97.05
INV501553,2023-04-09,10294,France,STK002,Coussin en lin,4,19.78,79.12
INV501553,2023-04-09,10294,France,STK007,Panier de rangement,1,20.71,20.71
INV501553,2023-04-09,10294,France,STK007,Panier de rangement,4,15.16,60.64
INV501553,2023-04-09,10294,France,STK011,Plateau en bambou,5,18.35,91.75
INV501554,2023-01-20,10295,Portugal,STK011,Plateau en bambou,5,25.91,129.55
INV501554,2023-01-20,10295,Portugal,STK009,Vase en verre,5,21.4,107.0
INV501554,2023-01-20,10295,Portugal,STK002,Coussin en lin,5,17.92,89.60000000000001
INV501554,2023-01-20,10295,Portugal,STK012,Miroir mural rond,2,41.27,82.54
INV501555,2023-06-08,10295,Portugal,STK001,Lampe de bureau design,3,23.41,70.23
INV501555,2023-06-08,10295,Portugal,STK008,Tapis de bain,3,31.84,95.52
INV501556,2023-03-29,10295,Portugal,STK003,Set de tasses ceramique,3,15.59,46.769999999999996
INV501556,2023-03-29,10295,Portugal,STK005,Bougie parfumee,1,14.46,14.46
INV501557,2023-04-30,10296,Germany,STK008,Tapis de bain,1,21.25,21.25
INV501558,2023-01-19,10296,Germany,STK010,Guirlande lumineuse,1,16.46,16.46
INV501558,2023-01-19,10296,Germany,STK006,Cadre photo bois,3,9.56,28.68
INV501558,2023-01-19,10296,Germany,STK004,Plaid tricote,3,38.82,116.46000000000001
INV501558,2023-01-19,10296,Germany,STK009,Vase en verre,5,20.74,103.69999999999999
INV501559,2023-05-23,10296,Germany,STK008,Tapis de bain,4,28.12,112.48
INV501559,2023-05-23,10296,Germany,STK004,Plaid tricote,5,27.96,139.8
INV501559,2023-05-23,10296,Germany,STK012,Miroir mural rond,1,40.06,40.06
INV501559,2023-05-23,10296,Germany,STK003,Set de tasses ceramique,3,16.94,50.82000000000001
INV501560,2023-03-13,10296,Germany,STK009,Vase en verre,5,21.59,107.95
INV501560,2023-03-13,10296,Germany,STK008,Tapis de bain,4,32.43,129.72
INV501560,2023-03-13,10296,Germany,STK008,Tapis de bain,2,21.54,43.08
INV501561,2023-06-09,10296,Germany,STK009,Vase en verre,4,19.05,76.2
INV501562,2023-06-07,10297,Spain,STK009,Vase en verre,1,18.43,18.43
INV501562,2023-06-07,10297,Spain,STK009,Vase en verre,3,19.42,58.260000000000005
INV501562,2023-06-07,10297,Spain,STK007,Panier de rangement,5,20.65,103.25
INV501563,2023-03-20,10297,Spain,STK002,Coussin en lin,3,17.21,51.63
INV501563,2023-03-20,10297,Spain,STK003,Set de tasses ceramique,4,14.3,57.2
INV501563,2023-03-20,10297,Spain,STK004,Plaid tricote,2,33.25,66.5
INV501563,2023-03-20,10297,Spain,STK010,Guirlande lumineuse,1,12.01,12.01
INV501564,2023-02-09,10297,Spain,STK012,Miroir mural rond,3,38.07,114.21000000000001
INV501565,2023-09-24,10298,Belgium,STK004,Plaid tricote,1,36.11,36.11
INV501565,2023-09-24,10298,Belgium,STK010,Guirlande lumineuse,5,12.91,64.55
INV501565,2023-09-24,10298,Belgium,STK010,Guirlande lumineuse,4,14.73,58.92
INV501565,2023-09-24,10298,Belgium,STK011,Plateau en bambou,4,20.31,81.24
INV501566,2023-09-12,10298,Belgium,STK010,Guirlande lumineuse,1,12.28,12.28
INV501566,2023-09-12,10298,Belgium,STK006,Cadre photo bois,2,9.13,18.26
INV501566,2023-09-12,10298,Belgium,STK003,Set de tasses ceramique,5,12.05,60.25
INV501567,2023-09-05,10298,Belgium,STK002,Coussin en lin,1,15.87,15.87
INV501568,2023-02-11,10298,Belgium,STK008,Tapis de bain,2,28.23,56.46
INV501568,2023-02-11,10298,Belgium,STK001,Lampe de bureau design,5,22.1,110.5
INV501569,2023-09-08,10298,Belgium,STK003,Set de tasses ceramique,1,12.82,12.82
INV501569,2023-09-08,10298,Belgium,STK010,Guirlande lumineuse,5,15.93,79.65
INV501569,2023-09-08,10298,Belgium,STK001,Lampe de bureau design,2,21.29,42.58
INV501570,2023-01-15,10298,Belgium,STK002,Coussin en lin,1,20.76,20.76
INV501570,2023-01-15,10298,Belgium,STK008,Tapis de bain,3,28.54,85.62
INV501570,2023-01-15,10298,Belgium,STK011,Plateau en bambou,2,19.93,39.86
INV501570,2023-01-15,10298,Belgium,STK003,Set de tasses ceramique,5,16.47,82.35
INV501571,2023-04-02,10299,Italy,STK005,Bougie parfumee,2,14.34,28.68
INV501571,2023-04-02,10299,Italy,STK009,Vase en verre,4,21.22,84.88
INV501571,2023-04-02,10299,Italy,STK010,Guirlande lumineuse,4,13.47,53.88
INV501571,2023-04-02,10299,Italy,STK001,Lampe de bureau design,1,23.76,23.76
INV501572,2023-01-18,10299,Italy,STK003,Set de tasses ceramique,2,15.63,31.26
INV501572,2023-01-18,10299,Italy,STK004,Plaid tricote,3,35.71,107.13
INV501573,2023-10-02,10299,Italy,STK008,Tapis de bain,5,30.09,150.45
INV501573,2023-10-02,10299,Italy,STK003,Set de tasses ceramique,1,15.33,15.33
INV501573,2023-10-02,10299,Italy,STK011,Plateau en bambou,5,17.35,86.75
INV501573,2023-10-02,10299,Italy,STK002,Coussin en lin,3,17.66,52.980000000000004
INV501574,2023-12-24,10299,Italy,STK010,Guirlande lumineuse,2,16.26,32.52
INV501574,2023-12-24,10299,Italy,STK006,Cadre photo bois,5,8.12,40.599999999999994
INV501575,2023-09-25,10299,Italy,STK008,Tapis de bain,2,24.41,48.82
INV501575,2023-09-25,10299,Italy,STK006,Cadre photo bois,4,9.59,38.36
INV501576,2023-12-24,10299,Italy,STK008,Tapis de bain,3,26.45,79.35
INV501576,2023-12-24,10299,Italy,STK006,Cadre photo bois,4,11.02,44.08
INV501576,2023-12-24,10299,Italy,STK012,Miroir mural rond,3,42.92,128.76
INV501577,2023-11-16,10299,Italy,STK011,Plateau en bambou,2,23.07,46.14
INV501577,2023-11-16,10299,Italy,STK007,Panier de rangement,1,21.48,21.48
INV501578,2023-09-22,10299,Italy,STK006,Cadre photo bois,5,8.71,43.550000000000004
INV501579,2023-07-14,10299,Italy,STK007,Panier de rangement,5,22.76,113.80000000000001
INV501579,2023-07-14,10299,Italy,STK006,Cadre photo bois,3,9.07,27.21
INV501580,2023-04-25,10299,Italy,STK002,Coussin en lin,5,20.99,104.94999999999999
INV501580,2023-04-25,10299,Italy,STK011,Plateau en bambou,4,23.74,94.96
INV501580,2023-04-25,10299,Italy,STK006,Cadre photo bois,1,8.86,8.86
INV501581,2023-12-20,10299,Italy,STK007,Panier de rangement,2,18.85,37.7
INV501581,2023-12-20,10299,Italy,STK006,Cadre photo bois,2,10.5,21.0
INV501581,2023-12-20,10299,Italy,STK006,Cadre photo bois,3,7.45,22.35
INV501582,2023-12-16,10299,Italy,STK011,Plateau en bambou,4,14.43,57.72
INV501583,2023-12-06,10299,Italy,STK010,Guirlande lumineuse,5,8.23,41.150000000000006
INV501583,2023-12-06,10299,Italy,STK012,Miroir mural rond,4,34.64,138.56
INV501584,2023-04-11,10300,France,STK007,Panier de rangement,3,22.33,66.99
INV501585,2023-02-02,10300,France,STK009,Vase en verre,4,14.15,56.6
INV501585,2023-02-02,10300,France,STK008,Tapis de bain,4,27.41,109.64
INV501585,2023-02-02,10300,France,STK011,Plateau en bambou,4,24.78,99.12
INV501586,2023-04-13,10300,France,STK006,Cadre photo bois,5,12.44,62.199999999999996
INV501586,2023-04-13,10300,France,STK003,Set de tasses ceramique,1,14.7,14.7
INV501586,2023-04-13,10300,France,STK008,Tapis de bain,3,22.05,66.15
INV501586,2023-04-13,10300,France,STK012,Miroir mural rond,1,38.54,38.54
INV501587,2023-10-31,10301,Germany,STK005,Bougie parfumee,5,14.62,73.1
INV501587,2023-10-31,10301,Germany,STK005,Bougie parfumee,5,13.25,66.25
INV501587,2023-10-31,10301,Germany,STK008,Tapis de bain,5,26.54,132.7
INV501587,2023-10-31,10301,Germany,STK001,Lampe de bureau design,2,21.22,42.44
INV501588,2023-04-26,10301,Germany,STK011,Plateau en bambou,4,23.03,92.12
INV501588,2023-04-26,10301,Germany,STK010,Guirlande lumineuse,5,12.0,60.0
INV501588,2023-04-26,10301,Germany,STK007,Panier de rangement,2,19.08,38.16
INV501589,2023-11-23,10301,Germany,STK001,Lampe de bureau design,3,28.85,86.55000000000001
INV501590,2023-02-12,10301,Germany,STK005,Bougie parfumee,3,15.86,47.58
INV501590,2023-02-12,10301,Germany,STK003,Set de tasses ceramique,1,15.3,15.3
INV501590,2023-02-12,10301,Germany,STK004,Plaid tricote,5,35.35,176.75
INV501591,2023-04-17,10301,Germany,STK001,Lampe de bureau design,2,27.14,54.28
INV501591,2023-04-17,10301,Germany,STK009,Vase en verre,2,22.48,44.96
INV501592,2023-10-04,10301,Germany,STK001,Lampe de bureau design,3,29.28,87.84
INV501593,2023-01-18,10301,Germany,STK003,Set de tasses ceramique,3,13.39,40.17
INV501593,2023-01-18,10301,Germany,STK001,Lampe de bureau design,3,19.99,59.97
INV501594,2023-04-25,10301,Germany,STK009,Vase en verre,2,15.82,31.64
INV501595,2023-08-28,10302,France,STK002,Coussin en lin,2,23.66,47.32
INV501595,2023-08-28,10302,France,STK007,Panier de rangement,3,16.23,48.69
INV501595,2023-08-28,10302,France,STK010,Guirlande lumineuse,5,10.96,54.800000000000004
INV501595,2023-08-28,10302,France,STK012,Miroir mural rond,3,45.52,136.56
INV501596,2023-07-26,10302,France,STK005,Bougie parfumee,1,14.78,14.78
INV501596,2023-07-26,10302,France,STK006,Cadre photo bois,5,8.15,40.75
INV501596,2023-07-26,10302,France,STK001,Lampe de bureau design,4,24.98,99.92
INV501597,2023-01-26,10302,France,STK010,Guirlande lumineuse,2,12.53,25.06
INV501597,2023-01-26,10302,France,STK006,Cadre photo bois,5,10.53,52.65
INV501597,2023-01-26,10302,France,STK003,Set de tasses ceramique,1,16.85,16.85
INV501597,2023-01-26,10302,France,STK001,Lampe de bureau design,4,25.28,101.12
INV501598,2023-12-03,10303,France,STK006,Cadre photo bois,5,9.8,49.0
INV501598,2023-12-03,10303,France,STK003,Set de tasses ceramique,4,14.15,56.6
INV501598,2023-12-03,10303,France,STK008,Tapis de bain,3,34.81,104.43
INV501599,2023-03-11,10303,France,STK009,Vase en verre,3,17.87,53.61
INV501599,2023-03-11,10303,France,STK008,Tapis de bain,2,25.98,51.96
INV501599,2023-03-11,10303,France,STK002,Coussin en lin,2,16.36,32.72
INV501600,2023-02-04,10303,France,STK001,Lampe de bureau design,1,25.12,25.12
INV501600,2023-02-04,10303,France,STK007,Panier de rangement,1,21.15,21.15
INV501601,2023-01-25,10303,France,STK006,Cadre photo bois,5,10.29,51.449999999999996
INV501601,2023-01-25,10303,France,STK002,Coussin en lin,4,17.82,71.28
INV501602,2023-05-02,10304,Germany,STK010,Guirlande lumineuse,3,13.39,40.17
INV501603,2023-08-19,10305,France,STK012,Miroir mural rond,4,37.94,151.76
INV501603,2023-08-19,10305,France,STK003,Set de tasses ceramique,3,14.71,44.13
INV501603,2023-08-19,10305,France,STK012,Miroir mural rond,1,40.67,40.67
INV501604,2023-06-15,10305,France,STK010,Guirlande lumineuse,2,12.26,24.52
INV501604,2023-06-15,10305,France,STK003,Set de tasses ceramique,2,15.9,31.8
INV501604,2023-06-15,10305,France,STK008,Tapis de bain,5,25.89,129.45
INV501604,2023-06-15,10305,France,STK008,Tapis de bain,1,30.76,30.76
INV501605,2023-04-13,10305,France,STK002,Coussin en lin,1,16.04,16.04
INV501605,2023-04-13,10305,France,STK005,Bougie parfumee,3,13.38,40.14
INV501605,2023-04-13,10305,France,STK011,Plateau en bambou,3,25.15,75.44999999999999
INV501605,2023-04-13,10305,France,STK007,Panier de rangement,1,23.67,23.67
INV501606,2023-12-07,10305,France,STK012,Miroir mural rond,4,54.65,218.6
INV501606,2023-12-07,10305,France,STK008,Tapis de bain,3,24.95,74.85
INV501607,2023-07-01,10305,France,STK005,Bougie parfumee,4,14.77,59.08
INV501607,2023-07-01,10305,France,STK007,Panier de rangement,4,21.91,87.64
INV501608,2023-01-19,10305,France,STK008,Tapis de bain,4,22.96,91.84
INV501608,2023-01-19,10305,France,STK012,Miroir mural rond,4,38.55,154.2
INV501609,2023-06-29,10305,France,STK009,Vase en verre,5,16.26,81.30000000000001
INV501609,2023-06-29,10305,France,STK003,Set de tasses ceramique,5,15.56,77.8
INV501609,2023-06-29,10305,France,STK011,Plateau en bambou,3,21.82,65.46000000000001
INV501610,2023-12-30,10305,France,STK004,Plaid tricote,4,25.25,101.0
INV501610,2023-12-30,10305,France,STK003,Set de tasses ceramique,4,14.34,57.36
INV501610,2023-12-30,10305,France,STK003,Set de tasses ceramique,3,20.07,60.21
INV501610,2023-12-30,10305,France,STK008,Tapis de bain,5,23.9,119.5
INV501611,2023-01-15,10305,France,STK012,Miroir mural rond,3,34.73,104.19
INV501611,2023-01-15,10305,France,STK011,Plateau en bambou,3,22.41,67.23
INV501611,2023-01-15,10305,France,STK011,Plateau en bambou,5,21.99,109.94999999999999
INV501612,2023-06-11,10306,France,STK011,Plateau en bambou,4,19.58,78.32
INV501613,2023-02-28,10306,France,STK011,Plateau en bambou,3,21.15,63.449999999999996
INV501613,2023-02-28,10306,France,STK009,Vase en verre,4,19.23,76.92
INV501613,2023-02-28,10306,France,STK001,Lampe de bureau design,2,24.84,49.68
INV501613,2023-02-28,10306,France,STK010,Guirlande lumineuse,5,13.13,65.65
INV501614,2023-10-29,10306,France,STK007,Panier de rangement,4,21.13,84.52
INV501614,2023-10-29,10306,France,STK003,Set de tasses ceramique,5,12.68,63.4
INV501614,2023-10-29,10306,France,STK003,Set de tasses ceramique,1,13.66,13.66
INV501614,2023-10-29,10306,France,STK005,Bougie parfumee,2,16.63,33.26
INV501615,2023-04-21,10306,France,STK009,Vase en verre,1,18.65,18.65
INV501615,2023-04-21,10306,France,STK009,Vase en verre,5,19.36,96.8
INV501616,2023-06-02,10306,France,STK007,Panier de rangement,3,18.25,54.75
INV501617,2023-12-12,10306,France,STK007,Panier de rangement,2,16.66,33.32
INV501617,2023-12-12,10306,France,STK004,Plaid tricote,1,35.86,35.86
INV501617,2023-12-12,10306,France,STK011,Plateau en bambou,4,17.27,69.08
INV501617,2023-12-12,10306,France,STK011,Plateau en bambou,1,19.31,19.31
INV501618,2023-05-03,10306,France,STK004,Plaid tricote,1,24.91,24.91
INV501618,2023-05-03,10306,France,STK009,Vase en verre,5,20.1,100.5
INV501618,2023-05-03,10306,France,STK004,Plaid tricote,5,22.71,113.55000000000001
INV501619,2023-04-09,10307,Spain,STK005,Bougie parfumee,3,12.61,37.83
INV501620,2023-11-05,10307,Spain,STK002,Coussin en lin,3,22.46,67.38
INV501620,2023-11-05,10307,Spain,STK002,Coussin en lin,5,23.43,117.15
INV501620,2023-11-05,10307,Spain,STK006,Cadre photo bois,4,11.5,46.0
INV501620,2023-11-05,10307,Spain,STK009,Vase en verre,3,20.11,60.33
INV501621,2023-07-02,10307,Spain,STK006,Cadre photo bois,4,11.39,45.56
INV501621,2023-07-02,10307,Spain,STK002,Coussin en lin,5,17.69,88.45
INV501621,2023-07-02,10307,Spain,STK007,Panier de rangement,3,19.56,58.67999999999999
INV501621,2023-07-02,10307,Spain,STK008,Tapis de bain,3,21.56,64.67999999999999
INV501622,2023-09-14,10307,Spain,STK003,Set de tasses ceramique,4,13.55,54.2
INV501622,2023-09-14,10307,Spain,STK007,Panier de rangement,1,26.03,26.03
INV501623,2023-10-31,10308,Spain,STK005,Bougie parfumee,3,12.71,38.13
INV501623,2023-10-31,10308,Spain,STK011,Plateau en bambou,4,22.24,88.96
INV501623,2023-10-31,10308,Spain,STK001,Lampe de bureau design,3,23.65,70.94999999999999
INV501624,2023-11-07,10308,Spain,STK012,Miroir mural rond,4,47.52,190.08
INV501624,2023-11-07,10308,Spain,STK005,Bougie parfumee,1,10.64,10.64
INV501624,2023-11-07,10308,Spain,STK009,Vase en verre,5,21.34,106.7
INV501625,2023-10-20,10308,Spain,STK005,Bougie parfumee,2,12.15,24.3
INV501625,2023-10-20,10308,Spain,STK010,Guirlande lumineuse,4,9.39,37.56
INV501626,2023-08-03,10308,Spain,STK004,Plaid tricote,5,26.15,130.75
INV501626,2023-08-03,10308,Spain,STK001,Lampe de bureau design,1,29.43,29.43
INV501627,2023-08-05,10308,Spain,STK002,Coussin en lin,5,21.61,108.05
INV501628,2023-11-17,10308,Spain,STK010,Guirlande lumineuse,4,15.37,61.48
INV501628,2023-11-17,10308,Spain,STK010,Guirlande lumineuse,4,11.24,44.96
INV501628,2023-11-17,10308,Spain,STK001,Lampe de bureau design,5,25.67,128.35000000000002
INV501629,2023-12-14,10308,Spain,STK006,Cadre photo bois,4,8.02,32.08
INV501630,2023-09-14,10308,Spain,STK010,Guirlande lumineuse,3,18.41,55.230000000000004
INV501630,2023-09-14,10308,Spain,STK011,Plateau en bambou,1,27.15,27.15
INV501630,2023-09-14,10308,Spain,STK004,Plaid tricote,1,38.72,38.72
INV501630,2023-09-14,10308,Spain,STK006,Cadre photo bois,1,12.29,12.29
INV501631,2023-09-28,10308,Spain,STK007,Panier de rangement,3,20.65,61.949999999999996
INV501631,2023-09-28,10308,Spain,STK007,Panier de rangement,5,18.99,94.94999999999999
INV501631,2023-09-28,10308,Spain,STK003,Set de tasses ceramique,2,13.73,27.46
INV501632,2023-11-21,10308,Spain,STK005,Bougie parfumee,1,12.71,12.71
INV501633,2023-06-22,10308,Spain,STK006,Cadre photo bois,3,10.52,31.56
INV501633,2023-06-22,10308,Spain,STK001,Lampe de bureau design,3,23.79,71.37
INV501633,2023-06-22,10308,Spain,STK007,Panier de rangement,4,23.36,93.44
INV501633,2023-06-22,10308,Spain,STK010,Guirlande lumineuse,3,14.61,43.83
INV501634,2023-04-15,10308,Spain,STK012,Miroir mural rond,5,39.47,197.35
INV501634,2023-04-15,10308,Spain,STK010,Guirlande lumineuse,5,10.08,50.4
INV501635,2023-10-29,10308,Spain,STK005,Bougie parfumee,4,11.04,44.16
INV501635,2023-10-29,10308,Spain,STK008,Tapis de bain,2,22.72,45.44
INV501635,2023-10-29,10308,Spain,STK006,Cadre photo bois,1,10.28,10.28
INV501636,2023-09-21,10308,Spain,STK011,Plateau en bambou,5,25.75,128.75
INV501636,2023-09-21,10308,Spain,STK007,Panier de rangement,2,21.09,42.18
INV501636,2023-09-21,10308,Spain,STK011,Plateau en bambou,3,18.0,54.0
INV501636,2023-09-21,10308,Spain,STK011,Plateau en bambou,2,27.21,54.42
INV501637,2023-03-08,10309,Germany,STK009,Vase en verre,4,19.29,77.16
INV501637,2023-03-08,10309,Germany,STK005,Bougie parfumee,1,14.8,14.8
INV501637,2023-03-08,10309,Germany,STK008,Tapis de bain,2,34.12,68.24
INV501637,2023-03-08,10309,Germany,STK005,Bougie parfumee,5,11.4,57.0
INV501638,2023-05-07,10309,Germany,STK007,Panier de rangement,2,18.07,36.14
INV501638,2023-05-07,10309,Germany,STK002,Coussin en lin,3,21.9,65.69999999999999
INV501638,2023-05-07,10309,Germany,STK003,Set de tasses ceramique,1,16.43,16.43
INV501638,2023-05-07,10309,Germany,STK003,Set de tasses ceramique,2,12.97,25.94
INV501639,2023-04-08,10309,Germany,STK005,Bougie parfumee,4,13.23,52.92
INV501639,2023-04-08,10309,Germany,STK012,Miroir mural rond,5,37.27,186.35000000000002
INV501639,2023-04-08,10309,Germany,STK004,Plaid tricote,4,36.77,147.08
INV501640,2023-07-10,10309,Germany,STK008,Tapis de bain,1,28.46,28.46
INV501641,2023-03-20,10310,France,STK012,Miroir mural rond,5,41.9,209.5
INV501641,2023-03-20,10310,France,STK010,Guirlande lumineuse,3,14.94,44.82
INV501641,2023-03-20,10310,France,STK005,Bougie parfumee,1,12.76,12.76
INV501642,2023-02-20,10310,France,STK009,Vase en verre,5,24.22,121.1
INV501642,2023-02-20,10310,France,STK007,Panier de rangement,5,19.2,96.0
INV501642,2023-02-20,10310,France,STK011,Plateau en bambou,2,22.17,44.34
INV501643,2023-01-16,10311,Germany,STK004,Plaid tricote,2,40.15,80.3
INV501644,2023-01-03,10311,Germany,STK002,Coussin en lin,3,16.75,50.25
INV501644,2023-01-03,10311,Germany,STK006,Cadre photo bois,1,9.94,9.94
INV501644,2023-01-03,10311,Germany,STK003,Set de tasses ceramique,1,10.38,10.38
INV501645,2023-01-13,10311,Germany,STK003,Set de tasses ceramique,1,12.21,12.21
INV501645,2023-01-13,10311,Germany,STK009,Vase en verre,5,17.8,89.0
INV501645,2023-01-13,10311,Germany,STK010,Guirlande lumineuse,2,13.87,27.74
INV501646,2023-01-27,10311,Germany,STK004,Plaid tricote,4,24.73,98.92
INV501647,2023-02-17,10311,Germany,STK006,Cadre photo bois,2,8.92,17.84
INV501647,2023-02-17,10311,Germany,STK007,Panier de rangement,5,23.49,117.44999999999999
INV501647,2023-02-17,10311,Germany,STK002,Coussin en lin,4,14.2,56.8
INV501647,2023-02-17,10311,Germany,STK011,Plateau en bambou,5,19.12,95.60000000000001
INV501648,2023-01-28,10311,Germany,STK012,Miroir mural rond,2,43.45,86.9
INV501648,2023-01-28,10311,Germany,STK012,Miroir mural rond,3,46.57,139.71
INV501648,2023-01-28,10311,Germany,STK010,Guirlande lumineuse,5,16.14,80.7
INV501649,2023-01-04,10311,Germany,STK005,Bougie parfumee,2,15.59,31.18
INV501649,2023-01-04,10311,Germany,STK011,Plateau en bambou,3,20.35,61.050000000000004
INV501649,2023-01-04,10311,Germany,STK008,Tapis de bain,2,29.09,58.18
INV501649,2023-01-04,10311,Germany,STK009,Vase en verre,3,18.81,56.42999999999999
INV501650,2023-12-14,10312,France,STK007,Panier de rangement,4,22.33,89.32
INV501650,2023-12-14,10312,France,STK012,Miroir mural rond,1,27.91,27.91
INV501651,2023-08-27,10312,France,STK010,Guirlande lumineuse,4,11.48,45.92
INV501652,2023-04-18,10312,France,STK004,Plaid tricote,2,28.53,57.06
INV501652,2023-04-18,10312,France,STK011,Plateau en bambou,4,24.59,98.36
INV501653,2023-09-25,10312,France,STK003,Set de tasses ceramique,2,17.28,34.56
INV501653,2023-09-25,10312,France,STK010,Guirlande lumineuse,1,12.3,12.3
INV501653,2023-09-25,10312,France,STK003,Set de tasses ceramique,5,16.22,81.1
INV501653,2023-09-25,10312,France,STK003,Set de tasses ceramique,3,16.7,50.099999999999994
INV501654,2023-09-22,10313,Germany,STK011,Plateau en bambou,4,22.04,88.16
INV501654,2023-09-22,10313,Germany,STK008,Tapis de bain,4,23.39,93.56
INV501654,2023-09-22,10313,Germany,STK001,Lampe de bureau design,3,22.05,66.15
INV501654,2023-09-22,10313,Germany,STK007,Panier de rangement,2,19.98,39.96
INV501655,2023-04-27,10313,Germany,STK009,Vase en verre,2,17.76,35.52
INV501656,2023-03-06,10313,Germany,STK001,Lampe de bureau design,3,25.91,77.73
INV501656,2023-03-06,10313,Germany,STK001,Lampe de bureau design,3,24.2,72.6
INV501656,2023-03-06,10313,Germany,STK008,Tapis de bain,5,30.96,154.8
INV501656,2023-03-06,10313,Germany,STK006,Cadre photo bois,4,6.1,24.4
INV501657,2023-02-28,10314,Belgium,STK002,Coussin en lin,4,19.05,76.2
INV501657,2023-02-28,10314,Belgium,STK003,Set de tasses ceramique,4,15.53,62.12
INV501658,2023-01-24,10314,Belgium,STK001,Lampe de bureau design,1,19.7,19.7
INV501658,2023-01-24,10314,Belgium,STK003,Set de tasses ceramique,3,15.65,46.95
INV501659,2023-01-09,10314,Belgium,STK003,Set de tasses ceramique,4,8.69,34.76
INV501659,2023-01-09,10314,Belgium,STK010,Guirlande lumineuse,3,13.13,39.39
INV501659,2023-01-09,10314,Belgium,STK005,Bougie parfumee,4,13.88,55.52
INV501659,2023-01-09,10314,Belgium,STK009,Vase en verre,4,20.72,82.88
INV501660,2023-03-02,10314,Belgium,STK004,Plaid tricote,4,34.31,137.24
INV501660,2023-03-02,10314,Belgium,STK012,Miroir mural rond,1,38.15,38.15
INV501660,2023-03-02,10314,Belgium,STK009,Vase en verre,4,22.38,89.52
INV501660,2023-03-02,10314,Belgium,STK010,Guirlande lumineuse,5,14.05,70.25
INV501661,2023-06-17,10315,Belgium,STK002,Coussin en lin,2,22.44,44.88
INV501661,2023-06-17,10315,Belgium,STK009,Vase en verre,1,23.47,23.47
INV501662,2023-08-05,10315,Belgium,STK010,Guirlande lumineuse,3,12.26,36.78
INV501662,2023-08-05,10315,Belgium,STK009,Vase en verre,3,26.52,79.56
INV501662,2023-08-05,10315,Belgium,STK001,Lampe de bureau design,4,24.41,97.64
INV501662,2023-08-05,10315,Belgium,STK003,Set de tasses ceramique,5,12.7,63.5
INV501663,2023-06-03,10315,Belgium,STK009,Vase en verre,2,19.63,39.26
INV501663,2023-06-03,10315,Belgium,STK009,Vase en verre,4,15.68,62.72
INV501664,2023-07-30,10315,Belgium,STK002,Coussin en lin,4,19.53,78.12
INV501664,2023-07-30,10315,Belgium,STK011,Plateau en bambou,3,24.02,72.06
INV501665,2023-07-20,10315,Belgium,STK001,Lampe de bureau design,4,28.21,112.84
INV501665,2023-07-20,10315,Belgium,STK001,Lampe de bureau design,1,26.3,26.3
INV501665,2023-07-20,10315,Belgium,STK006,Cadre photo bois,4,8.42,33.68
INV501665,2023-07-20,10315,Belgium,STK010,Guirlande lumineuse,1,13.16,13.16
INV501666,2023-06-06,10315,Belgium,STK002,Coussin en lin,5,20.6,103.0
INV501666,2023-06-06,10315,Belgium,STK007,Panier de rangement,4,19.22,76.88
INV501666,2023-06-06,10315,Belgium,STK010,Guirlande lumineuse,1,15.97,15.97
INV501666,2023-06-06,10315,Belgium,STK006,Cadre photo bois,1,9.98,9.98
INV501667,2023-02-01,10316,France,STK009,Vase en verre,1,18.51,18.51
INV501667,2023-02-01,10316,France,STK001,Lampe de bureau design,5,32.12,160.6
INV501668,2023-03-23,10316,France,STK005,Bougie parfumee,5,12.37,61.849999999999994
INV501668,2023-03-23,10316,France,STK006,Cadre photo bois,4,10.41,41.64
INV501668,2023-03-23,10316,France,STK012,Miroir mural rond,2,42.53,85.06
INV501668,2023-03-23,10316,France,STK007,Panier de rangement,5,18.54,92.69999999999999
INV501669,2023-02-02,10317,France,STK007,Panier de rangement,5,26.0,130.0
INV501669,2023-02-02,10317,France,STK007,Panier de rangement,2,18.42,36.84
INV501669,2023-02-02,10317,France,STK005,Bougie parfumee,5,10.85,54.25
INV501669,2023-02-02,10317,France,STK006,Cadre photo bois,5,10.2,51.0
INV501670,2023-06-03,10317,France,STK009,Vase en verre,1,23.38,23.38
INV501670,2023-06-03,10317,France,STK004,Plaid tricote,3,32.59,97.77000000000001
INV501671,2023-01-30,10318,Germany,STK010,Guirlande lumineuse,2,14.59,29.18
INV501672,2023-02-16,10318,Germany,STK001,Lampe de bureau design,5,28.29,141.45
INV501672,2023-02-16,10318,Germany,STK004,Plaid tricote,1,34.74,34.74
INV501673,2023-10-22,10318,Germany,STK012,Miroir mural rond,2,38.57,77.14
INV501673,2023-10-22,10318,Germany,STK005,Bougie parfumee,3,12.93,38.79
INV501673,2023-10-22,10318,Germany,STK008,Tapis de bain,4,29.22,116.88
INV501674,2023-05-06,10318,Germany,STK006,Cadre photo bois,5,10.31,51.550000000000004
INV501674,2023-05-06,10318,Germany,STK005,Bougie parfumee,4,15.38,61.52
INV501674,2023-05-06,10318,Germany,STK002,Coussin en lin,3,15.42,46.26
INV501675,2023-01-07,10319,France,STK004,Plaid tricote,4,31.99,127.96
INV501675,2023-01-07,10319,France,STK009,Vase en verre,5,21.59,107.95
INV501676,2023-11-16,10319,France,STK009,Vase en verre,3,22.24,66.72
INV501676,2023-11-16,10319,France,STK006,Cadre photo bois,4,9.51,38.04
INV501676,2023-11-16,10319,France,STK009,Vase en verre,5,21.27,106.35
INV501677,2023-03-30,10319,France,STK003,Set de tasses ceramique,5,13.6,68.0
INV501677,2023-03-30,10319,France,STK011,Plateau en bambou,4,12.23,48.92
INV501677,2023-03-30,10319,France,STK012,Miroir mural rond,1,34.99,34.99
INV501678,2023-06-17,10320,Germany,STK010,Guirlande lumineuse,3,12.53,37.589999999999996
INV501678,2023-06-17,10320,Germany,STK002,Coussin en lin,3,17.6,52.800000000000004
INV501679,2023-03-06,10320,Germany,STK005,Bougie parfumee,4,11.03,44.12
INV501679,2023-03-06,10320,Germany,STK007,Panier de rangement,5,17.81,89.05
INV501679,2023-03-06,10320,Germany,STK011,Plateau en bambou,1,14.92,14.92
INV501680,2023-07-16,10321,France,STK003,Set de tasses ceramique,3,16.36,49.08
INV501680,2023-07-16,10321,France,STK003,Set de tasses ceramique,5,13.77,68.85
INV501681,2023-04-06,10321,France,STK006,Cadre photo bois,3,8.5,25.5
INV501682,2023-09-15,10321,France,STK006,Cadre photo bois,5,9.7,48.5
INV501682,2023-09-15,10321,France,STK004,Plaid tricote,3,34.27,102.81
INV501682,2023-09-15,10321,France,STK011,Plateau en bambou,4,26.57,106.28
INV501683,2023-10-30,10321,France,STK010,Guirlande lumineuse,3,15.47,46.410000000000004
INV501684,2023-02-10,10321,France,STK012,Miroir mural rond,3,40.63,121.89000000000001
INV501684,2023-02-10,10321,France,STK006,Cadre photo bois,5,9.56,47.800000000000004
INV501684,2023-02-10,10321,France,STK012,Miroir mural rond,2,29.75,59.5
INV501684,2023-02-10,10321,France,STK012,Miroir mural rond,1,35.08,35.08
INV501685,2023-09-26,10322,France,STK012,Miroir mural rond,1,35.57,35.57
INV501685,2023-09-26,10322,France,STK012,Miroir mural rond,2,50.21,100.42
INV501685,2023-09-26,10322,France,STK002,Coussin en lin,4,14.84,59.36
INV501685,2023-09-26,10322,France,STK009,Vase en verre,4,23.01,92.04
INV501686,2023-02-23,10322,France,STK006,Cadre photo bois,2,9.71,19.42
INV501686,2023-02-23,10322,France,STK011,Plateau en bambou,1,19.71,19.71
INV501686,2023-02-23,10322,France,STK011,Plateau en bambou,2,22.54,45.08
INV501687,2023-07-11,10322,France,STK006,Cadre photo bois,2,10.31,20.62
INV501687,2023-07-11,10322,France,STK002,Coussin en lin,1,15.22,15.22
INV501687,2023-07-11,10322,France,STK008,Tapis de bain,3,35.73,107.19
INV501687,2023-07-11,10322,France,STK002,Coussin en lin,5,21.8,109.0
INV501688,2023-03-03,10322,France,STK010,Guirlande lumineuse,5,16.71,83.55000000000001
INV501688,2023-03-03,10322,France,STK011,Plateau en bambou,3,21.3,63.900000000000006
INV501688,2023-03-03,10322,France,STK008,Tapis de bain,5,23.66,118.3
INV501689,2023-07-08,10323,France,STK011,Plateau en bambou,4,22.66,90.64
INV501690,2023-04-19,10323,France,STK004,Plaid tricote,4,26.62,106.48
INV501691,2023-05-04,10323,France,STK003,Set de tasses ceramique,4,15.46,61.84
INV501691,2023-05-04,10323,France,STK008,Tapis de bain,3,24.05,72.15
INV501692,2023-03-29,10323,France,STK001,Lampe de bureau design,4,23.87,95.48
INV501693,2023-05-24,10323,France,STK010,Guirlande lumineuse,3,11.74,35.22
INV501693,2023-05-24,10323,France,STK007,Panier de rangement,2,22.41,44.82
INV501693,2023-05-24,10323,France,STK010,Guirlande lumineuse,3,12.92,38.76
INV501693,2023-05-24,10323,France,STK010,Guirlande lumineuse,1,13.48,13.48
INV501694,2023-05-09,10324,Belgium,STK010,Guirlande lumineuse,1,15.19,15.19
INV501695,2023-08-26,10324,Belgium,STK011,Plateau en bambou,3,23.49,70.47
INV501696,2023-02-19,10324,Belgium,STK012,Miroir mural rond,1,47.6,47.6
INV501696,2023-02-19,10324,Belgium,STK007,Panier de rangement,3,19.1,57.300000000000004
INV501697,2023-05-08,10325,Netherlands,STK005,Bougie parfumee,4,13.14,52.56
INV501698,2023-04-11,10325,Netherlands,STK009,Vase en verre,5,22.33,111.64999999999999
INV501698,2023-04-11,10325,Netherlands,STK003,Set de tasses ceramique,3,15.79,47.37
INV501698,2023-04-11,10325,Netherlands,STK008,Tapis de bain,2,27.2,54.4
INV501698,2023-04-11,10325,Netherlands,STK005,Bougie parfumee,1,16.17,16.17
INV501699,2023-03-16,10325,Netherlands,STK004,Plaid tricote,5,28.21,141.05
INV501699,2023-03-16,10325,Netherlands,STK004,Plaid tricote,5,31.66,158.3
INV501700,2023-11-23,10325,Netherlands,STK005,Bougie parfumee,2,12.54,25.08
INV501700,2023-11-23,10325,Netherlands,STK006,Cadre photo bois,3,9.97,29.910000000000004
INV501700,2023-11-23,10325,Netherlands,STK011,Plateau en bambou,3,21.61,64.83
INV501700,2023-11-23,10325,Netherlands,STK005,Bougie parfumee,1,14.84,14.84
INV501701,2023-09-23,10325,Netherlands,STK005,Bougie parfumee,2,13.16,26.32
INV501702,2023-11-06,10326,Italy,STK011,Plateau en bambou,4,18.88,75.52
INV501702,2023-11-06,10326,Italy,STK009,Vase en verre,3,19.63,58.89
INV501702,2023-11-06,10326,Italy,STK004,Plaid tricote,2,23.27,46.54
INV501702,2023-11-06,10326,Italy,STK011,Plateau en bambou,5,22.22,111.1
INV501703,2023-09-30,10326,Italy,STK011,Plateau en bambou,4,18.12,72.48
INV501704,2023-12-13,10326,Italy,STK002,Coussin en lin,4,23.7,94.8
INV501704,2023-12-13,10326,Italy,STK006,Cadre photo bois,4,11.21,44.84
INV501704,2023-12-13,10326,Italy,STK001,Lampe de bureau design,3,25.97,77.91
INV501705,2023-02-23,10326,Italy,STK011,Plateau en bambou,1,27.16,27.16
INV501705,2023-02-23,10326,Italy,STK004,Plaid tricote,4,38.0,152.0
INV501705,2023-02-23,10326,Italy,STK011,Plateau en bambou,4,20.62,82.48
INV501705,2023-02-23,10326,Italy,STK002,Coussin en lin,4,19.6,78.4
INV501706,2023-10-24,10326,Italy,STK001,Lampe de bureau design,1,32.1,32.1
INV501706,2023-10-24,10326,Italy,STK009,Vase en verre,4,20.09,80.36
INV501706,2023-10-24,10326,Italy,STK003,Set de tasses ceramique,1,15.74,15.74
INV501707,2023-07-17,10327,France,STK004,Plaid tricote,2,23.57,47.14
INV501707,2023-07-17,10327,France,STK002,Coussin en lin,2,23.33,46.66
INV501708,2023-02-07,10327,France,STK010,Guirlande lumineuse,3,16.25,48.75
INV501709,2023-09-09,10327,France,STK007,Panier de rangement,1,18.91,18.91
INV501709,2023-09-09,10327,France,STK010,Guirlande lumineuse,5,15.08,75.4
INV501709,2023-09-09,10327,France,STK010,Guirlande lumineuse,2,14.12,28.24
INV501709,2023-09-09,10327,France,STK011,Plateau en bambou,5,27.52,137.6
INV501710,2023-11-23,10328,Spain,STK002,Coussin en lin,2,21.19,42.38
INV501710,2023-11-23,10328,Spain,STK006,Cadre photo bois,5,10.04,50.199999999999996
INV501710,2023-11-23,10328,Spain,STK007,Panier de rangement,2,21.32,42.64
INV501711,2023-10-10,10328,Spain,STK011,Plateau en bambou,4,27.63,110.52
INV501711,2023-10-10,10328,Spain,STK004,Plaid tricote,1,32.26,32.26
INV501711,2023-10-10,10328,Spain,STK006,Cadre photo bois,5,13.07,65.35
INV501712,2023-09-10,10328,Spain,STK011,Plateau en bambou,4,28.4,113.6
INV501712,2023-09-10,10328,Spain,STK003,Set de tasses ceramique,1,14.04,14.04
INV501712,2023-09-10,10328,Spain,STK009,Vase en verre,1,16.83,16.83
INV501712,2023-09-10,10328,Spain,STK006,Cadre photo bois,3,8.88,26.64
INV501713,2023-04-05,10328,Spain,STK010,Guirlande lumineuse,3,13.77,41.31
INV501713,2023-04-05,10328,Spain,STK001,Lampe de bureau design,4,14.24,56.96
INV501713,2023-04-05,10328,Spain,STK008,Tapis de bain,4,28.76,115.04
INV501713,2023-04-05,10328,Spain,STK011,Plateau en bambou,1,11.95,11.95
INV501714,2023-05-19,10328,Spain,STK010,Guirlande lumineuse,3,14.34,43.019999999999996
INV501714,2023-05-19,10328,Spain,STK012,Miroir mural rond,4,38.64,154.56
INV501714,2023-05-19,10328,Spain,STK002,Coussin en lin,5,20.12,100.60000000000001
INV501714,2023-05-19,10328,Spain,STK010,Guirlande lumineuse,4,12.83,51.32
INV501715,2023-12-29,10328,Spain,STK009,Vase en verre,3,17.47,52.41
INV501715,2023-12-29,10328,Spain,STK007,Panier de rangement,4,21.9,87.6
INV501715,2023-12-29,10328,Spain,STK007,Panier de rangement,1,23.17,23.17
INV501716,2023-09-06,10328,Spain,STK012,Miroir mural rond,5,39.15,195.75
INV501716,2023-09-06,10328,Spain,STK003,Set de tasses ceramique,2,12.41,24.82
INV501716,2023-09-06,10328,Spain,STK005,Bougie parfumee,1,12.54,12.54
INV501716,2023-09-06,10328,Spain,STK009,Vase en verre,3,18.16,54.480000000000004
INV501717,2023-01-23,10329,France,STK007,Panier de rangement,1,19.31,19.31
INV501717,2023-01-23,10329,France,STK010,Guirlande lumineuse,4,14.36,57.44
INV501717,2023-01-23,10329,France,STK005,Bougie parfumee,2,10.54,21.08
INV501717,2023-01-23,10329,France,STK003,Set de tasses ceramique,4,13.47,53.88
INV501718,2023-12-08,10329,France,STK004,Plaid tricote,5,39.72,198.6
INV501718,2023-12-08,10329,France,STK010,Guirlande lumineuse,3,13.21,39.63
INV501718,2023-12-08,10329,France,STK010,Guirlande lumineuse,4,13.97,55.88
INV501719,2023-10-05,10329,France,STK005,Bougie parfumee,3,13.85,41.55
INV501719,2023-10-05,10329,France,STK009,Vase en verre,4,19.96,79.84
INV501719,2023-10-05,10329,France,STK001,Lampe de bureau design,1,22.64,22.64
INV501719,2023-10-05,10329,France,STK010,Guirlande lumineuse,5,16.05,80.25
INV501720,2023-12-23,10329,France,STK005,Bougie parfumee,4,12.18,48.72
INV501720,2023-12-23,10329,France,STK004,Plaid tricote,2,28.47,56.94
INV501720,2023-12-23,10329,France,STK001,Lampe de bureau design,3,27.54,82.62
INV501720,2023-12-23,10329,France,STK007,Panier de rangement,3,18.99,56.97
INV501721,2023-08-16,10329,France,STK003,Set de tasses ceramique,3,17.1,51.300000000000004
INV501722,2023-05-26,10329,France,STK005,Bougie parfumee,4,11.61,46.44
INV501722,2023-05-26,10329,France,STK007,Panier de rangement,3,19.88,59.64
INV501722,2023-05-26,10329,France,STK009,Vase en verre,1,22.81,22.81
INV501722,2023-05-26,10329,France,STK009,Vase en verre,1,23.14,23.14
INV501723,2023-02-05,10329,France,STK011,Plateau en bambou,4,20.62,82.48
INV501723,2023-02-05,10329,France,STK008,Tapis de bain,1,30.88,30.88
INV501723,2023-02-05,10329,France,STK011,Plateau en bambou,5,25.34,126.7
INV501723,2023-02-05,10329,France,STK010,Guirlande lumineuse,2,13.21,26.42
INV501724,2023-11-03,10330,Germany,STK005,Bougie parfumee,3,13.77,41.31
INV501725,2023-09-30,10331,France,STK008,Tapis de bain,1,31.16,31.16
INV501725,2023-09-30,10331,France,STK004,Plaid tricote,1,32.85,32.85
INV501725,2023-09-30,10331,France,STK004,Plaid tricote,4,40.21,160.84
INV501725,2023-09-30,10331,France,STK011,Plateau en bambou,3,23.31,69.92999999999999
INV501726,2023-09-04,10331,France,STK006,Cadre photo bois,3,7.87,23.61
INV501726,2023-09-04,10331,France,STK003,Set de tasses ceramique,1,15.31,15.31
INV501727,2023-06-03,10331,France,STK010,Guirlande lumineuse,4,12.93,51.72
INV501728,2023-02-09,10331,France,STK004,Plaid tricote,1,35.91,35.91
INV501729,2023-03-06,10332,France,STK012,Miroir mural rond,1,42.79,42.79
INV501730,2023-03-24,10332,France,STK006,Cadre photo bois,5,9.81,49.050000000000004
INV501730,2023-03-24,10332,France,STK008,Tapis de bain,2,24.12,48.24
INV501731,2023-06-28,10332,France,STK012,Miroir mural rond,3,46.22,138.66
INV501731,2023-06-28,10332,France,STK011,Plateau en bambou,3,24.65,73.94999999999999
INV501731,2023-06-28,10332,France,STK008,Tapis de bain,3,22.09,66.27
INV501731,2023-06-28,10332,France,STK003,Set de tasses ceramique,5,15.08,75.4
INV501732,2023-01-20,10332,France,STK005,Bougie parfumee,5,16.71,83.55000000000001
INV501732,2023-01-20,10332,France,STK008,Tapis de bain,2,27.41,54.82
INV501732,2023-01-20,10332,France,STK004,Plaid tricote,1,31.8,31.8
INV501733,2023-02-23,10332,France,STK011,Plateau en bambou,1,19.14,19.14
INV501734,2023-05-15,10333,France,STK008,Tapis de bain,5,30.38,151.9
INV501735,2023-03-11,10333,France,STK010,Guirlande lumineuse,2,13.07,26.14
INV501735,2023-03-11,10333,France,STK012,Miroir mural rond,3,40.2,120.60000000000001
INV501736,2023-11-09,10333,France,STK009,Vase en verre,5,22.86,114.3
INV501736,2023-11-09,10333,France,STK006,Cadre photo bois,2,11.55,23.1
INV501736,2023-11-09,10333,France,STK003,Set de tasses ceramique,2,19.52,39.04
INV501736,2023-11-09,10333,France,STK006,Cadre photo bois,1,7.97,7.97
INV501737,2023-12-05,10333,France,STK003,Set de tasses ceramique,1,15.22,15.22
INV501737,2023-12-05,10333,France,STK009,Vase en verre,2,13.01,26.02
INV501737,2023-12-05,10333,France,STK005,Bougie parfumee,3,16.23,48.69
INV501737,2023-12-05,10333,France,STK004,Plaid tricote,4,39.05,156.2
INV501738,2023-02-16,10333,France,STK002,Coussin en lin,4,21.3,85.2
INV501738,2023-02-16,10333,France,STK005,Bougie parfumee,5,10.24,51.2
INV501738,2023-02-16,10333,France,STK009,Vase en verre,5,16.91,84.55
INV501739,2023-04-29,10333,France,STK009,Vase en verre,2,16.28,32.56
INV501739,2023-04-29,10333,France,STK002,Coussin en lin,3,20.22,60.66
INV501740,2023-08-08,10333,France,STK004,Plaid tricote,1,32.67,32.67
INV501740,2023-08-08,10333,France,STK005,Bougie parfumee,4,16.23,64.92
INV501740,2023-08-08,10333,France,STK003,Set de tasses ceramique,3,13.75,41.25
INV501741,2023-11-28,10333,France,STK010,Guirlande lumineuse,5,14.03,70.14999999999999
INV501741,2023-11-28,10333,France,STK010,Guirlande lumineuse,4,14.64,58.56
INV501742,2023-08-04,10333,France,STK006,Cadre photo bois,1,9.44,9.44
INV501742,2023-08-04,10333,France,STK001,Lampe de bureau design,4,24.0,96.0
INV501743,2023-02-03,10333,France,STK003,Set de tasses ceramique,4,17.42,69.68
INV501743,2023-02-03,10333,France,STK005,Bougie parfumee,5,12.35,61.75
INV501744,2023-10-24,10333,France,STK011,Plateau en bambou,3,21.83,65.49
INV501744,2023-10-24,10333,France,STK004,Plaid tricote,3,33.32,99.96000000000001
INV501745,2023-04-08,10334,France,STK010,Guirlande lumineuse,1,14.38,14.38
INV501745,2023-04-08,10334,France,STK005,Bougie parfumee,5,9.46,47.300000000000004
INV501745,2023-04-08,10334,France,STK006,Cadre photo bois,4,11.11,44.44
INV501745,2023-04-08,10334,France,STK003,Set de tasses ceramique,5,14.16,70.8
INV501746,2023-03-09,10334,France,STK008,Tapis de bain,4,31.22,124.88
INV501746,2023-03-09,10334,France,STK003,Set de tasses ceramique,2,16.62,33.24
INV501747,2023-03-22,10334,France,STK003,Set de tasses ceramique,5,14.58,72.9
INV501747,2023-03-22,10334,France,STK010,Guirlande lumineuse,4,19.77,79.08
INV501748,2023-02-11,10334,France,STK003,Set de tasses ceramique,5,15.25,76.25
INV501748,2023-02-11,10334,France,STK009,Vase en verre,2,19.19,38.38
INV501748,2023-02-11,10334,France,STK002,Coussin en lin,4,13.33,53.32
INV501749,2023-07-22,10335,Germany,STK002,Coussin en lin,2,15.42,30.84
INV501750,2023-01-06,10335,Germany,STK006,Cadre photo bois,3,13.38,40.14
INV501751,2023-11-22,10335,Germany,STK006,Cadre photo bois,1,10.33,10.33
INV501752,2023-05-25,10335,Germany,STK001,Lampe de bureau design,1,24.91,24.91
INV501752,2023-05-25,10335,Germany,STK003,Set de tasses ceramique,5,19.48,97.4
INV501752,2023-05-25,10335,Germany,STK002,Coussin en lin,3,15.65,46.95
INV501753,2023-09-27,10335,Germany,STK011,Plateau en bambou,5,19.48,97.4
INV501753,2023-09-27,10335,Germany,STK007,Panier de rangement,1,20.22,20.22
INV501754,2023-03-30,10335,Germany,STK009,Vase en verre,1,21.37,21.37
INV501755,2023-02-03,10336,Belgium,STK006,Cadre photo bois,2,8.77,17.54
INV501755,2023-02-03,10336,Belgium,STK010,Guirlande lumineuse,4,12.89,51.56
INV501755,2023-02-03,10336,Belgium,STK005,Bougie parfumee,4,12.72,50.88
INV501756,2023-02-14,10336,Belgium,STK003,Set de tasses ceramique,2,18.12,36.24
INV501756,2023-02-14,10336,Belgium,STK012,Miroir mural rond,2,46.41,92.82
INV501756,2023-02-14,10336,Belgium,STK011,Plateau en bambou,3,17.29,51.87
INV501757,2023-05-11,10336,Belgium,STK009,Vase en verre,1,19.35,19.35
INV501758,2023-06-16,10336,Belgium,STK011,Plateau en bambou,2,23.69,47.38
INV501759,2023-02-02,10336,Belgium,STK003,Set de tasses ceramique,1,12.26,12.26
INV501759,2023-02-02,10336,Belgium,STK009,Vase en verre,1,27.56,27.56
INV501759,2023-02-02,10336,Belgium,STK006,Cadre photo bois,4,9.36,37.44
INV501760,2023-07-28,10336,Belgium,STK009,Vase en verre,5,24.14,120.7
INV501760,2023-07-28,10336,Belgium,STK003,Set de tasses ceramique,3,18.3,54.900000000000006
INV501761,2023-04-10,10337,Germany,STK001,Lampe de bureau design,3,22.23,66.69
INV501761,2023-04-10,10337,Germany,STK012,Miroir mural rond,5,37.27,186.35000000000002
INV501761,2023-04-10,10337,Germany,STK003,Set de tasses ceramique,3,15.42,46.26
INV501761,2023-04-10,10337,Germany,STK011,Plateau en bambou,4,21.16,84.64
INV501762,2023-06-29,10337,Germany,STK003,Set de tasses ceramique,1,14.06,14.06
INV501762,2023-06-29,10337,Germany,STK005,Bougie parfumee,4,11.59,46.36
INV501763,2023-02-12,10337,Germany,STK005,Bougie parfumee,3,15.81,47.43
INV501763,2023-02-12,10337,Germany,STK012,Miroir mural rond,2,44.87,89.74
INV501763,2023-02-12,10337,Germany,STK001,Lampe de bureau design,5,22.99,114.94999999999999
INV501764,2023-05-31,10337,Germany,STK008,Tapis de bain,5,28.76,143.8
INV501764,2023-05-31,10337,Germany,STK005,Bougie parfumee,2,9.33,18.66
INV501764,2023-05-31,10337,Germany,STK003,Set de tasses ceramique,3,15.38,46.14
INV501765,2023-10-03,10337,Germany,STK006,Cadre photo bois,5,9.3,46.5
INV501765,2023-10-03,10337,Germany,STK001,Lampe de bureau design,4,22.76,91.04
INV501766,2023-12-08,10337,Germany,STK009,Vase en verre,3,15.37,46.11
INV501766,2023-12-08,10337,Germany,STK006,Cadre photo bois,1,6.39,6.39
INV501766,2023-12-08,10337,Germany,STK002,Coussin en lin,1,19.59,19.59
INV501767,2023-05-04,10337,Germany,STK008,Tapis de bain,4,22.89,91.56
INV501767,2023-05-04,10337,Germany,STK001,Lampe de bureau design,2,21.53,43.06
INV501767,2023-05-04,10337,Germany,STK011,Plateau en bambou,1,22.7,22.7
INV501767,2023-05-04,10337,Germany,STK008,Tapis de bain,5,33.63,168.15
INV501768,2023-10-15,10337,Germany,STK011,Plateau en bambou,2,25.38,50.76
INV501769,2023-05-09,10337,Germany,STK011,Plateau en bambou,4,25.3,101.2
INV501770,2023-12-18,10337,Germany,STK009,Vase en verre,5,19.88,99.39999999999999
INV501770,2023-12-18,10337,Germany,STK005,Bougie parfumee,5,13.31,66.55
INV501771,2023-05-17,10337,Germany,STK001,Lampe de bureau design,1,21.03,21.03
INV501771,2023-05-17,10337,Germany,STK007,Panier de rangement,3,20.65,61.949999999999996
INV501771,2023-05-17,10337,Germany,STK011,Plateau en bambou,1,26.01,26.01
INV501772,2023-05-25,10338,France,STK001,Lampe de bureau design,3,27.96,83.88
INV501772,2023-05-25,10338,France,STK004,Plaid tricote,3,30.78,92.34
INV501772,2023-05-25,10338,France,STK004,Plaid tricote,5,34.66,173.29999999999998
INV501773,2023-10-20,10339,Germany,STK009,Vase en verre,5,16.56,82.8
INV501773,2023-10-20,10339,Germany,STK008,Tapis de bain,3,29.75,89.25
INV501773,2023-10-20,10339,Germany,STK010,Guirlande lumineuse,5,13.43,67.15
INV501773,2023-10-20,10339,Germany,STK008,Tapis de bain,3,31.73,95.19
INV501774,2023-10-18,10339,Germany,STK010,Guirlande lumineuse,5,13.83,69.15
INV501775,2023-04-05,10339,Germany,STK002,Coussin en lin,3,19.99,59.97
INV501775,2023-04-05,10339,Germany,STK001,Lampe de bureau design,3,30.28,90.84
INV501776,2023-04-01,10339,Germany,STK003,Set de tasses ceramique,2,20.62,41.24
INV501776,2023-04-01,10339,Germany,STK008,Tapis de bain,1,22.81,22.81
INV501776,2023-04-01,10339,Germany,STK002,Coussin en lin,2,20.92,41.84
INV501777,2023-11-27,10339,Germany,STK004,Plaid tricote,2,31.78,63.56
INV501777,2023-11-27,10339,Germany,STK007,Panier de rangement,5,19.68,98.4
INV501777,2023-11-27,10339,Germany,STK004,Plaid tricote,3,35.02,105.06
INV501778,2023-06-12,10339,Germany,STK009,Vase en verre,4,15.02,60.08
INV501778,2023-06-12,10339,Germany,STK006,Cadre photo bois,4,9.2,36.8
INV501778,2023-06-12,10339,Germany,STK007,Panier de rangement,4,25.08,100.32
INV501779,2023-10-14,10339,Germany,STK008,Tapis de bain,5,20.66,103.3
INV501780,2023-01-13,10339,Germany,STK005,Bougie parfumee,1,10.48,10.48
INV501780,2023-01-13,10339,Germany,STK012,Miroir mural rond,1,55.59,55.59
INV501780,2023-01-13,10339,Germany,STK002,Coussin en lin,5,18.4,92.0
INV501780,2023-01-13,10339,Germany,STK012,Miroir mural rond,4,41.03,164.12
INV501781,2023-09-15,10339,Germany,STK004,Plaid tricote,1,24.94,24.94
INV501781,2023-09-15,10339,Germany,STK002,Coussin en lin,2,18.03,36.06
INV501782,2023-05-10,10339,Germany,STK002,Coussin en lin,1,20.49,20.49
INV501783,2023-10-06,10339,Germany,STK002,Coussin en lin,5,18.73,93.65
INV501783,2023-10-06,10339,Germany,STK001,Lampe de bureau design,4,23.31,93.24
INV501784,2023-02-25,10339,Germany,STK008,Tapis de bain,5,31.72,158.6
INV501784,2023-02-25,10339,Germany,STK001,Lampe de bureau design,4,27.12,108.48
INV501784,2023-02-25,10339,Germany,STK012,Miroir mural rond,3,32.58,97.74
INV501784,2023-02-25,10339,Germany,STK010,Guirlande lumineuse,1,15.3,15.3
INV501785,2023-12-02,10339,Germany,STK004,Plaid tricote,5,28.81,144.04999999999998
INV501785,2023-12-02,10339,Germany,STK009,Vase en verre,1,20.15,20.15
INV501785,2023-12-02,10339,Germany,STK010,Guirlande lumineuse,5,13.78,68.89999999999999
INV501785,2023-12-02,10339,Germany,STK007,Panier de rangement,1,16.14,16.14
INV501786,2023-04-19,10340,France,STK006,Cadre photo bois,5,10.5,52.5
INV501787,2023-06-04,10340,France,STK006,Cadre photo bois,1,12.5,12.5
INV501787,2023-06-04,10340,France,STK007,Panier de rangement,5,25.31,126.55
INV501787,2023-06-04,10340,France,STK002,Coussin en lin,5,18.04,90.19999999999999
INV501787,2023-06-04,10340,France,STK008,Tapis de bain,2,32.16,64.32
INV501788,2023-05-04,10340,France,STK011,Plateau en bambou,2,21.66,43.32
INV501788,2023-05-04,10340,France,STK007,Panier de rangement,1,20.57,20.57
INV501789,2023-08-01,10340,France,STK005,Bougie parfumee,2,12.11,24.22
INV501789,2023-08-01,10340,France,STK004,Plaid tricote,1,31.68,31.68
INV501790,2023-03-29,10340,France,STK009,Vase en verre,2,18.43,36.86
INV501790,2023-03-29,10340,France,STK008,Tapis de bain,4,22.29,89.16
INV501791,2023-03-27,10340,France,STK002,Coussin en lin,2,15.43,30.86
INV501791,2023-03-27,10340,France,STK010,Guirlande lumineuse,5,13.7,68.5
INV501791,2023-03-27,10340,France,STK003,Set de tasses ceramique,5,15.15,75.75
INV501792,2023-05-06,10340,France,STK009,Vase en verre,1,20.77,20.77
INV501792,2023-05-06,10340,France,STK004,Plaid tricote,4,36.23,144.92
INV501793,2023-07-01,10341,Belgium,STK012,Miroir mural rond,1,40.97,40.97
INV501793,2023-07-01,10341,Belgium,STK002,Coussin en lin,2,17.66,35.32
INV501794,2023-01-08,10341,Belgium,STK003,Set de tasses ceramique,1,16.92,16.92
INV501794,2023-01-08,10341,Belgium,STK001,Lampe de bureau design,4,26.44,105.76
INV501794,2023-01-08,10341,Belgium,STK006,Cadre photo bois,2,12.81,25.62
INV501794,2023-01-08,10341,Belgium,STK011,Plateau en bambou,1,20.8,20.8
INV501795,2023-01-03,10341,Belgium,STK002,Coussin en lin,1,22.51,22.51
INV501795,2023-01-03,10341,Belgium,STK003,Set de tasses ceramique,1,16.94,16.94
INV501796,2023-02-27,10341,Belgium,STK004,Plaid tricote,5,32.48,162.39999999999998
INV501796,2023-02-27,10341,Belgium,STK003,Set de tasses ceramique,1,16.46,16.46
INV501796,2023-02-27,10341,Belgium,STK006,Cadre photo bois,3,12.51,37.53
INV501796,2023-02-27,10341,Belgium,STK011,Plateau en bambou,1,26.7,26.7
INV501797,2023-11-12,10341,Belgium,STK011,Plateau en bambou,4,29.04,116.16
INV501798,2023-01-13,10341,Belgium,STK011,Plateau en bambou,1,22.99,22.99
INV501798,2023-01-13,10341,Belgium,STK004,Plaid tricote,1,24.43,24.43
INV501798,2023-01-13,10341,Belgium,STK012,Miroir mural rond,1,54.72,54.72
INV501799,2023-01-05,10341,Belgium,STK012,Miroir mural rond,2,45.09,90.18
INV501799,2023-01-05,10341,Belgium,STK002,Coussin en lin,2,13.49,26.98
INV501799,2023-01-05,10341,Belgium,STK007,Panier de rangement,3,22.16,66.48
INV501800,2023-04-18,10342,France,STK009,Vase en verre,3,19.34,58.019999999999996
INV501801,2023-03-30,10342,France,STK010,Guirlande lumineuse,2,13.61,27.22
INV501801,2023-03-30,10342,France,STK003,Set de tasses ceramique,2,15.01,30.02
INV501801,2023-03-30,10342,France,STK003,Set de tasses ceramique,5,18.56,92.8
INV501802,2023-07-14,10342,France,STK009,Vase en verre,4,20.62,82.48
INV501802,2023-07-14,10342,France,STK004,Plaid tricote,3,30.44,91.32000000000001
INV501802,2023-07-14,10342,France,STK003,Set de tasses ceramique,5,12.52,62.599999999999994
INV501803,2023-06-03,10342,France,STK001,Lampe de bureau design,3,30.04,90.12
INV501804,2023-12-06,10343,Belgium,STK007,Panier de rangement,5,16.7,83.5
INV501804,2023-12-06,10343,Belgium,STK002,Coussin en lin,1,21.19,21.19
INV501805,2023-02-20,10344,France,STK008,Tapis de bain,4,26.18,104.72
INV501805,2023-02-20,10344,France,STK001,Lampe de bureau design,3,26.38,79.14
INV501806,2023-05-28,10344,France,STK010,Guirlande lumineuse,3,16.11,48.33
INV501806,2023-05-28,10344,France,STK006,Cadre photo bois,1,10.32,10.32
INV501807,2023-05-04,10344,France,STK012,Miroir mural rond,2,30.56,61.12
INV501808,2023-02-18,10344,France,STK005,Bougie parfumee,2,17.85,35.7
INV501809,2023-05-27,10344,France,STK004,Plaid tricote,4,39.82,159.28
INV501810,2023-08-10,10344,France,STK001,Lampe de bureau design,3,24.33,72.99
INV501810,2023-08-10,10344,France,STK011,Plateau en bambou,4,24.47,97.88
INV501811,2023-06-11,10344,France,STK007,Panier de rangement,1,24.55,24.55
INV501812,2023-04-02,10344,France,STK006,Cadre photo bois,1,10.92,10.92
INV501812,2023-04-02,10344,France,STK010,Guirlande lumineuse,5,15.49,77.45
INV501812,2023-04-02,10344,France,STK002,Coussin en lin,5,17.31,86.55
INV501812,2023-04-02,10344,France,STK009,Vase en verre,2,16.57,33.14
INV501813,2023-11-11,10344,France,STK010,Guirlande lumineuse,4,13.45,53.8
INV501813,2023-11-11,10344,France,STK012,Miroir mural rond,5,39.1,195.5
INV501814,2023-02-14,10344,France,STK001,Lampe de bureau design,2,21.06,42.12
INV501814,2023-02-14,10344,France,STK002,Coussin en lin,3,18.98,56.94
INV501814,2023-02-14,10344,France,STK006,Cadre photo bois,3,9.86,29.58
INV501814,2023-02-14,10344,France,STK002,Coussin en lin,3,15.99,47.97
INV501815,2023-05-15,10344,France,STK003,Set de tasses ceramique,3,14.69,44.07
INV501816,2023-10-10,10344,France,STK012,Miroir mural rond,1,59.0,59.0
INV501816,2023-10-10,10344,France,STK010,Guirlande lumineuse,2,14.6,29.2
INV501816,2023-10-10,10344,France,STK001,Lampe de bureau design,5,22.69,113.45
INV501817,2023-07-16,10344,France,STK003,Set de tasses ceramique,5,11.79,58.949999999999996
INV501817,2023-07-16,10344,France,STK002,Coussin en lin,1,16.04,16.04
INV501817,2023-07-16,10344,France,STK007,Panier de rangement,3,16.28,48.84
INV501817,2023-07-16,10344,France,STK002,Coussin en lin,2,11.8,23.6
INV501818,2023-01-24,10345,France,STK009,Vase en verre,2,18.49,36.98
INV501818,2023-01-24,10345,France,STK004,Plaid tricote,1,29.08,29.08
INV501819,2023-09-20,10345,France,STK001,Lampe de bureau design,3,23.59,70.77
INV501819,2023-09-20,10345,France,STK007,Panier de rangement,4,19.47,77.88
INV501819,2023-09-20,10345,France,STK012,Miroir mural rond,4,35.41,141.64
INV501819,2023-09-20,10345,France,STK004,Plaid tricote,4,32.44,129.76
INV501820,2023-09-17,10345,France,STK003,Set de tasses ceramique,3,15.65,46.95
INV501820,2023-09-17,10345,France,STK012,Miroir mural rond,2,30.52,61.04
INV501820,2023-09-17,10345,France,STK007,Panier de rangement,1,26.2,26.2
INV501820,2023-09-17,10345,France,STK004,Plaid tricote,2,37.65,75.3
INV501821,2023-01-25,10345,France,STK007,Panier de rangement,4,18.8,75.2
INV501822,2023-05-17,10346,France,STK012,Miroir mural rond,4,41.41,165.64
INV501823,2023-03-03,10346,France,STK002,Coussin en lin,2,20.32,40.64
INV501823,2023-03-03,10346,France,STK010,Guirlande lumineuse,2,13.55,27.1
INV501824,2023-06-09,10346,France,STK009,Vase en verre,2,22.13,44.26
INV501825,2023-05-13,10347,France,STK007,Panier de rangement,5,23.95,119.75
INV501826,2023-07-01,10348,France,STK005,Bougie parfumee,2,12.39,24.78
INV501826,2023-07-01,10348,France,STK009,Vase en verre,3,12.59,37.769999999999996
INV501826,2023-07-01,10348,France,STK011,Plateau en bambou,3,26.01,78.03
INV501826,2023-07-01,10348,France,STK011,Plateau en bambou,4,25.93,103.72
INV501827,2023-11-07,10348,France,STK005,Bougie parfumee,5,14.03,70.14999999999999
INV501828,2023-04-11,10348,France,STK003,Set de tasses ceramique,5,13.28,66.39999999999999
INV501829,2023-08-13,10348,France,STK008,Tapis de bain,4,26.79,107.16
INV501830,2023-11-30,10348,France,STK010,Guirlande lumineuse,3,13.98,41.94
INV501830,2023-11-30,10348,France,STK009,Vase en verre,5,29.81,149.04999999999998
INV501830,2023-11-30,10348,France,STK010,Guirlande lumineuse,5,13.52,67.6
INV501831,2023-10-23,10348,France,STK008,Tapis de bain,1,27.44,27.44
INV501832,2023-11-30,10349,Germany,STK005,Bougie parfumee,1,15.28,15.28
INV501832,2023-11-30,10349,Germany,STK010,Guirlande lumineuse,2,15.26,30.52
INV501833,2023-07-05,10349,Germany,STK009,Vase en verre,4,21.29,85.16
INV501833,2023-07-05,10349,Germany,STK009,Vase en verre,1,15.69,15.69
INV501834,2023-07-29,10350,Italy,STK001,Lampe de bureau design,5,21.43,107.15
INV501834,2023-07-29,10350,Italy,STK008,Tapis de bain,3,26.03,78.09
INV501835,2023-01-25,10350,Italy,STK003,Set de tasses ceramique,5,13.45,67.25
INV501836,2023-04-08,10350,Italy,STK006,Cadre photo bois,1,9.13,9.13
INV501836,2023-04-08,10350,Italy,STK006,Cadre photo bois,1,8.75,8.75
INV501837,2023-03-02,10350,Italy,STK010,Guirlande lumineuse,3,11.03,33.089999999999996
INV501837,2023-03-02,10350,Italy,STK007,Panier de rangement,2,15.53,31.06
INV501838,2023-03-15,10350,Italy,STK010,Guirlande lumineuse,1,10.54,10.54
INV501838,2023-03-15,10350,Italy,STK001,Lampe de bureau design,1,28.4,28.4
INV501839,2023-04-06,10350,Italy,STK004,Plaid tricote,2,29.64,59.28
INV501839,2023-04-06,10350,Italy,STK004,Plaid tricote,2,29.03,58.06
INV501840,2023-10-16,10350,Italy,STK003,Set de tasses ceramique,2,14.14,28.28
INV501841,2023-03-07,10350,Italy,STK011,Plateau en bambou,1,24.22,24.22
INV501842,2023-05-14,10350,Italy,STK009,Vase en verre,2,18.15,36.3
INV501842,2023-05-14,10350,Italy,STK001,Lampe de bureau design,5,28.03,140.15
INV501842,2023-05-14,10350,Italy,STK005,Bougie parfumee,1,15.99,15.99
INV501843,2023-07-08,10350,Italy,STK005,Bougie parfumee,2,11.63,23.26
INV501843,2023-07-08,10350,Italy,STK008,Tapis de bain,4,25.27,101.08
INV501843,2023-07-08,10350,Italy,STK011,Plateau en bambou,1,29.19,29.19
INV501844,2023-06-25,10350,Italy,STK012,Miroir mural rond,5,28.61,143.05
INV501844,2023-06-25,10350,Italy,STK009,Vase en verre,3,17.67,53.010000000000005
INV501844,2023-06-25,10350,Italy,STK009,Vase en verre,4,22.1,88.4
INV501845,2023-01-08,10350,Italy,STK001,Lampe de bureau design,5,25.58,127.89999999999999
INV501845,2023-01-08,10350,Italy,STK010,Guirlande lumineuse,5,15.1,75.5
INV501846,2023-03-15,10350,Italy,STK006,Cadre photo bois,1,5.29,5.29
INV501846,2023-03-15,10350,Italy,STK005,Bougie parfumee,3,11.56,34.68
INV501846,2023-03-15,10350,Italy,STK001,Lampe de bureau design,5,25.33,126.64999999999999
INV501846,2023-03-15,10350,Italy,STK006,Cadre photo bois,2,7.62,15.24
INV501847,2023-06-13,10351,France,STK002,Coussin en lin,5,17.97,89.85
INV501847,2023-06-13,10351,France,STK002,Coussin en lin,2,16.55,33.1
INV501848,2023-12-07,10351,France,STK009,Vase en verre,5,18.08,90.39999999999999
INV501849,2023-09-25,10351,France,STK009,Vase en verre,3,19.43,58.29
INV501849,2023-09-25,10351,France,STK009,Vase en verre,4,21.96,87.84
INV501849,2023-09-25,10351,France,STK011,Plateau en bambou,2,23.64,47.28
INV501849,2023-09-25,10351,France,STK002,Coussin en lin,5,14.55,72.75
INV501850,2023-12-25,10351,France,STK011,Plateau en bambou,3,18.37,55.11
INV501850,2023-12-25,10351,France,STK006,Cadre photo bois,3,10.57,31.71
INV501851,2023-11-22,10351,France,STK005,Bougie parfumee,4,14.21,56.84
INV501851,2023-11-22,10351,France,STK010,Guirlande lumineuse,3,14.93,44.79
INV501851,2023-11-22,10351,France,STK007,Panier de rangement,1,22.37,22.37
INV501852,2023-05-01,10351,France,STK001,Lampe de bureau design,2,29.53,59.06
INV501852,2023-05-01,10351,France,STK002,Coussin en lin,1,17.41,17.41
INV501852,2023-05-01,10351,France,STK010,Guirlande lumineuse,2,14.37,28.74
INV501853,2023-10-15,10351,France,STK007,Panier de rangement,2,18.43,36.86
INV501853,2023-10-15,10351,France,STK004,Plaid tricote,3,34.48,103.44
INV501854,2023-12-09,10352,France,STK005,Bougie parfumee,1,12.76,12.76
INV501855,2023-05-26,10352,France,STK010,Guirlande lumineuse,4,11.89,47.56
INV501855,2023-05-26,10352,France,STK011,Plateau en bambou,5,21.6,108.0
INV501855,2023-05-26,10352,France,STK008,Tapis de bain,3,23.48,70.44
INV501855,2023-05-26,10352,France,STK012,Miroir mural rond,5,55.35,276.75
INV501856,2023-09-09,10352,France,STK004,Plaid tricote,3,20.84,62.519999999999996
INV501857,2023-12-28,10352,France,STK009,Vase en verre,3,15.65,46.95
INV501857,2023-12-28,10352,France,STK008,Tapis de bain,4,26.12,104.48
INV501857,2023-12-28,10352,France,STK001,Lampe de bureau design,2,19.62,39.24
INV501857,2023-12-28,10352,France,STK007,Panier de rangement,1,20.95,20.95
INV501858,2023-03-01,10352,France,STK002,Coussin en lin,2,20.95,41.9
INV501858,2023-03-01,10352,France,STK002,Coussin en lin,1,22.11,22.11
INV501858,2023-03-01,10352,France,STK001,Lampe de bureau design,5,33.82,169.1
INV501858,2023-03-01,10352,France,STK003,Set de tasses ceramique,2,15.53,31.06
INV501859,2023-07-17,10352,France,STK009,Vase en verre,4,24.51,98.04
INV501859,2023-07-17,10352,France,STK006,Cadre photo bois,2,10.96,21.92
INV501860,2023-11-11,10352,France,STK009,Vase en verre,4,19.54,78.16
INV501860,2023-11-11,10352,France,STK010,Guirlande lumineuse,1,11.26,11.26
INV501860,2023-11-11,10352,France,STK012,Miroir mural rond,1,26.43,26.43
INV501860,2023-11-11,10352,France,STK003,Set de tasses ceramique,2,13.83,27.66
INV501861,2023-11-02,10352,France,STK002,Coussin en lin,1,15.68,15.68
INV501862,2023-09-23,10352,France,STK004,Plaid tricote,2,32.41,64.82
INV501862,2023-09-23,10352,France,STK006,Cadre photo bois,5,10.38,51.900000000000006
INV501863,2023-10-18,10352,France,STK006,Cadre photo bois,5,8.87,44.349999999999994
INV501863,2023-10-18,10352,France,STK006,Cadre photo bois,2,8.36,16.72
INV501863,2023-10-18,10352,France,STK003,Set de tasses ceramique,3,14.21,42.63
INV501863,2023-10-18,10352,France,STK010,Guirlande lumineuse,2,13.96,27.92
INV501864,2023-03-30,10352,France,STK006,Cadre photo bois,1,10.97,10.97
INV501864,2023-03-30,10352,France,STK002,Coussin en lin,5,16.53,82.65
INV501865,2023-02-12,10352,France,STK001,Lampe de bureau design,2,18.38,36.76
INV501866,2023-03-20,10352,France,STK002,Coussin en lin,2,20.09,40.18
INV501866,2023-03-20,10352,France,STK009,Vase en verre,5,20.18,100.9
INV501866,2023-03-20,10352,France,STK007,Panier de rangement,4,20.22,80.88
INV501866,2023-03-20,10352,France,STK007,Panier de rangement,3,23.2,69.6
INV501867,2023-12-06,10352,France,STK011,Plateau en bambou,5,23.83,119.14999999999999
INV501867,2023-12-06,10352,France,STK010,Guirlande lumineuse,1,16.67,16.67
INV501867,2023-12-06,10352,France,STK011,Plateau en bambou,3,24.55,73.65
INV501868,2023-04-16,10352,France,STK011,Plateau en bambou,5,20.87,104.35000000000001
INV501869,2023-10-12,10352,France,STK001,Lampe de bureau design,5,27.79,138.95
INV501869,2023-10-12,10352,France,STK010,Guirlande lumineuse,4,11.45,45.8
INV501869,2023-10-12,10352,France,STK002,Coussin en lin,3,15.53,46.589999999999996
INV501869,2023-10-12,10352,France,STK008,Tapis de bain,2,23.16,46.32
INV501870,2023-06-26,10353,Belgium,STK002,Coussin en lin,1,17.43,17.43
INV501871,2023-10-26,10354,France,STK006,Cadre photo bois,2,9.04,18.08
INV501871,2023-10-26,10354,France,STK011,Plateau en bambou,2,24.39,48.78
INV501871,2023-10-26,10354,France,STK010,Guirlande lumineuse,5,15.94,79.7
INV501871,2023-10-26,10354,France,STK007,Panier de rangement,1,18.13,18.13
INV501872,2023-10-08,10354,France,STK010,Guirlande lumineuse,3,10.16,30.48
INV501872,2023-10-08,10354,France,STK008,Tapis de bain,2,27.61,55.22
INV501873,2023-12-20,10354,France,STK010,Guirlande lumineuse,1,18.21,18.21
INV501873,2023-12-20,10354,France,STK010,Guirlande lumineuse,1,13.36,13.36
INV501873,2023-12-20,10354,France,STK005,Bougie parfumee,1,11.07,11.07
INV501874,2023-06-29,10354,France,STK011,Plateau en bambou,5,21.78,108.9
INV501875,2023-04-17,10354,France,STK006,Cadre photo bois,5,12.64,63.2
INV501875,2023-04-17,10354,France,STK011,Plateau en bambou,3,19.02,57.06
INV501875,2023-04-17,10354,France,STK003,Set de tasses ceramique,5,14.64,73.2
INV501875,2023-04-17,10354,France,STK001,Lampe de bureau design,1,19.94,19.94
INV501876,2023-07-20,10354,France,STK010,Guirlande lumineuse,5,15.47,77.35000000000001
INV501877,2023-12-04,10354,France,STK007,Panier de rangement,2,18.78,37.56
INV501877,2023-12-04,10354,France,STK002,Coussin en lin,5,20.55,102.75
INV501877,2023-12-04,10354,France,STK006,Cadre photo bois,3,8.16,24.48
INV501877,2023-12-04,10354,France,STK007,Panier de rangement,1,22.09,22.09
INV501878,2023-08-31,10354,France,STK004,Plaid tricote,2,32.11,64.22
INV501878,2023-08-31,10354,France,STK010,Guirlande lumineuse,2,15.03,30.06
INV501878,2023-08-31,10354,France,STK007,Panier de rangement,4,21.56,86.24
INV501878,2023-08-31,10354,France,STK002,Coussin en lin,3,18.55,55.650000000000006
INV501879,2023-06-12,10354,France,STK009,Vase en verre,4,21.93,87.72
INV501879,2023-06-12,10354,France,STK007,Panier de rangement,2,20.94,41.88
INV501880,2023-08-17,10354,France,STK002,Coussin en lin,3,15.67,47.01
INV501880,2023-08-17,10354,France,STK004,Plaid tricote,3,32.99,98.97
INV501881,2023-10-24,10354,France,STK004,Plaid tricote,5,25.97,129.85
INV501881,2023-10-24,10354,France,STK006,Cadre photo bois,4,11.0,44.0
INV501881,2023-10-24,10354,France,STK005,Bougie parfumee,4,15.07,60.28
INV501881,2023-10-24,10354,France,STK009,Vase en verre,2,20.68,41.36
INV501882,2023-03-10,10354,France,STK012,Miroir mural rond,5,47.11,235.55
INV501882,2023-03-10,10354,France,STK003,Set de tasses ceramique,3,13.24,39.72
INV501882,2023-03-10,10354,France,STK011,Plateau en bambou,4,24.95,99.8
INV501883,2023-10-15,10354,France,STK002,Coussin en lin,5,17.29,86.44999999999999
INV501883,2023-10-15,10354,France,STK008,Tapis de bain,1,27.57,27.57
INV501883,2023-10-15,10354,France,STK005,Bougie parfumee,5,8.71,43.550000000000004
INV501883,2023-10-15,10354,France,STK006,Cadre photo bois,2,9.09,18.18
INV501884,2023-03-24,10355,Italy,STK006,Cadre photo bois,1,8.35,8.35
INV501885,2023-12-18,10355,Italy,STK007,Panier de rangement,4,24.92,99.68
INV501885,2023-12-18,10355,Italy,STK002,Coussin en lin,1,19.81,19.81
INV501885,2023-12-18,10355,Italy,STK006,Cadre photo bois,3,10.45,31.349999999999998
INV501886,2023-08-19,10355,Italy,STK004,Plaid tricote,3,29.37,88.11
INV501886,2023-08-19,10355,Italy,STK005,Bougie parfumee,4,16.41,65.64
INV501886,2023-08-19,10355,Italy,STK001,Lampe de bureau design,3,24.03,72.09
INV501886,2023-08-19,10355,Italy,STK009,Vase en verre,3,14.87,44.61
INV501887,2023-05-21,10355,Italy,STK009,Vase en verre,1,19.84,19.84
INV501887,2023-05-21,10355,Italy,STK010,Guirlande lumineuse,3,10.0,30.0
INV501887,2023-05-21,10355,Italy,STK003,Set de tasses ceramique,2,18.87,37.74
INV501887,2023-05-21,10355,Italy,STK001,Lampe de bureau design,1,24.39,24.39
INV501888,2023-06-17,10355,Italy,STK007,Panier de rangement,5,17.33,86.64999999999999
INV501888,2023-06-17,10355,Italy,STK010,Guirlande lumineuse,5,14.07,70.35
INV501889,2023-04-19,10355,Italy,STK001,Lampe de bureau design,2,31.05,62.1
INV501890,2023-07-03,10355,Italy,STK004,Plaid tricote,4,35.17,140.68
INV501891,2023-02-17,10356,France,STK002,Coussin en lin,4,15.93,63.72
INV501891,2023-02-17,10356,France,STK007,Panier de rangement,1,20.0,20.0
INV501892,2023-01-14,10356,France,STK009,Vase en verre,3,20.07,60.21
INV501893,2023-05-25,10356,France,STK007,Panier de rangement,5,25.36,126.8
INV501893,2023-05-25,10356,France,STK009,Vase en verre,2,15.6,31.2
INV501893,2023-05-25,10356,France,STK007,Panier de rangement,4,21.14,84.56
INV501894,2023-11-05,10357,France,STK004,Plaid tricote,5,37.46,187.3
INV501895,2023-09-04,10358,France,STK005,Bougie parfumee,2,12.9,25.8
INV501896,2023-09-23,10358,France,STK011,Plateau en bambou,5,15.47,77.35000000000001
INV501897,2023-09-15,10358,France,STK006,Cadre photo bois,2,10.63,21.26
INV501897,2023-09-15,10358,France,STK004,Plaid tricote,4,29.71,118.84
INV501897,2023-09-15,10358,France,STK008,Tapis de bain,4,21.43,85.72
INV501898,2023-02-03,10358,France,STK001,Lampe de bureau design,1,28.73,28.73
INV501898,2023-02-03,10358,France,STK006,Cadre photo bois,1,10.57,10.57
INV501898,2023-02-03,10358,France,STK012,Miroir mural rond,4,38.79,155.16
INV501898,2023-02-03,10358,France,STK003,Set de tasses ceramique,3,17.82,53.46
INV501899,2023-09-16,10358,France,STK012,Miroir mural rond,5,39.06,195.3
INV501899,2023-09-16,10358,France,STK007,Panier de rangement,3,18.86,56.58
INV501899,2023-09-16,10358,France,STK008,Tapis de bain,5,28.25,141.25
INV501900,2023-07-27,10358,France,STK001,Lampe de bureau design,3,29.82,89.46000000000001
INV501900,2023-07-27,10358,France,STK001,Lampe de bureau design,2,22.01,44.02
INV501901,2023-04-24,10358,France,STK009,Vase en verre,3,18.64,55.92
INV501901,2023-04-24,10358,France,STK012,Miroir mural rond,1,39.01,39.01
INV501901,2023-04-24,10358,France,STK003,Set de tasses ceramique,2,15.7,31.4
INV501902,2023-11-18,10358,France,STK011,Plateau en bambou,5,23.33,116.64999999999999
INV501902,2023-11-18,10358,France,STK009,Vase en verre,2,19.74,39.48
INV501902,2023-11-18,10358,France,STK012,Miroir mural rond,3,51.29,153.87
INV501903,2023-10-24,10358,France,STK010,Guirlande lumineuse,5,13.48,67.4
INV501903,2023-10-24,10358,France,STK011,Plateau en bambou,2,24.4,48.8
INV501903,2023-10-24,10358,France,STK012,Miroir mural rond,2,36.46,72.92
INV501904,2023-10-02,10358,France,STK005,Bougie parfumee,5,12.02,60.099999999999994
INV501904,2023-10-02,10358,France,STK012,Miroir mural rond,1,45.6,45.6
INV501904,2023-10-02,10358,France,STK011,Plateau en bambou,5,20.07,100.35
INV501905,2023-11-24,10359,France,STK010,Guirlande lumineuse,3,13.04,39.12
INV501906,2023-11-20,10359,France,STK007,Panier de rangement,3,23.75,71.25
INV501907,2023-12-04,10360,France,STK004,Plaid tricote,1,35.65,35.65
INV501907,2023-12-04,10360,France,STK012,Miroir mural rond,3,30.26,90.78
INV501907,2023-12-04,10360,France,STK011,Plateau en bambou,2,24.17,48.34
INV501907,2023-12-04,10360,France,STK007,Panier de rangement,1,18.58,18.58
INV501908,2023-11-24,10360,France,STK003,Set de tasses ceramique,3,14.66,43.980000000000004
INV501908,2023-11-24,10360,France,STK010,Guirlande lumineuse,3,12.44,37.32
INV501909,2023-03-07,10360,France,STK009,Vase en verre,4,18.33,73.32
INV501909,2023-03-07,10360,France,STK003,Set de tasses ceramique,4,16.69,66.76
INV501909,2023-03-07,10360,France,STK004,Plaid tricote,2,34.34,68.68
INV501909,2023-03-07,10360,France,STK002,Coussin en lin,4,14.54,58.16
INV501910,2023-11-07,10360,France,STK001,Lampe de bureau design,1,20.58,20.58
INV501910,2023-11-07,10360,France,STK004,Plaid tricote,1,21.44,21.44
INV501910,2023-11-07,10360,France,STK002,Coussin en lin,2,24.1,48.2
INV501910,2023-11-07,10360,France,STK004,Plaid tricote,1,28.56,28.56
INV501911,2023-10-06,10360,France,STK005,Bougie parfumee,5,14.41,72.05
INV501911,2023-10-06,10360,France,STK009,Vase en verre,2,23.83,47.66
INV501911,2023-10-06,10360,France,STK007,Panier de rangement,4,23.07,92.28
INV501911,2023-10-06,10360,France,STK012,Miroir mural rond,5,40.63,203.15
INV501912,2023-10-02,10360,France,STK003,Set de tasses ceramique,4,15.7,62.8
INV501912,2023-10-02,10360,France,STK003,Set de tasses ceramique,2,17.89,35.78
INV501912,2023-10-02,10360,France,STK010,Guirlande lumineuse,1,14.69,14.69
INV501912,2023-10-02,10360,France,STK006,Cadre photo bois,3,10.55,31.650000000000002
INV501913,2023-07-09,10361,France,STK008,Tapis de bain,2,29.35,58.7
INV501913,2023-07-09,10361,France,STK007,Panier de rangement,2,20.86,41.72
INV501913,2023-07-09,10361,France,STK004,Plaid tricote,1,39.1,39.1
INV501914,2023-09-04,10361,France,STK005,Bougie parfumee,2,11.47,22.94
INV501914,2023-09-04,10361,France,STK005,Bougie parfumee,4,8.98,35.92
INV501914,2023-09-04,10361,France,STK011,Plateau en bambou,3,21.74,65.22
INV501915,2023-10-01,10361,France,STK008,Tapis de bain,2,26.14,52.28
INV501915,2023-10-01,10361,France,STK003,Set de tasses ceramique,4,11.75,47.0
INV501915,2023-10-01,10361,France,STK008,Tapis de bain,2,25.71,51.42
INV501915,2023-10-01,10361,France,STK003,Set de tasses ceramique,2,14.78,29.56
INV501916,2023-07-16,10361,France,STK006,Cadre photo bois,3,11.78,35.339999999999996
INV501917,2023-10-05,10361,France,STK001,Lampe de bureau design,2,21.37,42.74
INV501917,2023-10-05,10361,France,STK003,Set de tasses ceramique,1,16.16,16.16
INV501917,2023-10-05,10361,France,STK001,Lampe de bureau design,1,26.16,26.16
INV501918,2023-09-01,10362,Germany,STK012,Miroir mural rond,5,38.91,194.54999999999998
INV501918,2023-09-01,10362,Germany,STK010,Guirlande lumineuse,1,16.35,16.35
INV501919,2023-02-06,10362,Germany,STK007,Panier de rangement,4,24.26,97.04
INV501920,2023-01-24,10363,Portugal,STK003,Set de tasses ceramique,4,14.18,56.72
INV501920,2023-01-24,10363,Portugal,STK002,Coussin en lin,4,21.56,86.24
INV501920,2023-01-24,10363,Portugal,STK003,Set de tasses ceramique,4,14.53,58.12
INV501921,2023-10-10,10363,Portugal,STK008,Tapis de bain,3,28.61,85.83
INV501921,2023-10-10,10363,Portugal,STK004,Plaid tricote,5,35.46,177.3
INV501921,2023-10-10,10363,Portugal,STK008,Tapis de bain,1,29.84,29.84
INV501922,2023-01-24,10364,France,STK005,Bougie parfumee,2,14.24,28.48
INV501922,2023-01-24,10364,France,STK009,Vase en verre,3,15.64,46.92
INV501922,2023-01-24,10364,France,STK010,Guirlande lumineuse,2,11.63,23.26
INV501922,2023-01-24,10364,France,STK010,Guirlande lumineuse,1,15.7,15.7
INV501923,2023-01-14,10364,France,STK006,Cadre photo bois,2,12.19,24.38
INV501924,2023-04-05,10364,France,STK012,Miroir mural rond,2,29.27,58.54
INV501924,2023-04-05,10364,France,STK012,Miroir mural rond,1,49.79,49.79
INV501924,2023-04-05,10364,France,STK003,Set de tasses ceramique,2,15.71,31.42
INV501924,2023-04-05,10364,France,STK011,Plateau en bambou,3,21.53,64.59
INV501925,2023-11-12,10364,France,STK011,Plateau en bambou,5,19.28,96.4
INV501925,2023-11-12,10364,France,STK007,Panier de rangement,5,18.07,90.35
INV501926,2023-07-28,10365,Spain,STK007,Panier de rangement,2,22.12,44.24
INV501927,2023-11-17,10366,France,STK005,Bougie parfumee,2,11.21,22.42
INV501928,2023-12-06,10366,France,STK011,Plateau en bambou,2,16.77,33.54
INV501928,2023-12-06,10366,France,STK012,Miroir mural rond,1,32.36,32.36
INV501929,2023-06-01,10366,France,STK006,Cadre photo bois,3,11.18,33.54
INV501929,2023-06-01,10366,France,STK003,Set de tasses ceramique,5,17.71,88.55000000000001
INV501930,2023-11-01,10366,France,STK003,Set de tasses ceramique,3,14.23,42.69
INV501930,2023-11-01,10366,France,STK006,Cadre photo bois,5,10.32,51.6
INV501931,2023-09-29,10367,Belgium,STK005,Bougie parfumee,5,14.18,70.9
INV501931,2023-09-29,10367,Belgium,STK012,Miroir mural rond,3,37.28,111.84
INV501932,2023-06-04,10367,Belgium,STK009,Vase en verre,5,18.92,94.60000000000001
INV501932,2023-06-04,10367,Belgium,STK010,Guirlande lumineuse,3,13.23,39.69
INV501932,2023-06-04,10367,Belgium,STK012,Miroir mural rond,5,34.37,171.85
INV501932,2023-06-04,10367,Belgium,STK004,Plaid tricote,1,37.66,37.66
INV501933,2023-02-27,10367,Belgium,STK003,Set de tasses ceramique,3,14.25,42.75
INV501933,2023-02-27,10367,Belgium,STK010,Guirlande lumineuse,4,14.02,56.08
INV501934,2023-05-23,10367,Belgium,STK006,Cadre photo bois,5,10.01,50.05
INV501934,2023-05-23,10367,Belgium,STK007,Panier de rangement,5,15.18,75.9
INV501935,2023-04-17,10367,Belgium,STK012,Miroir mural rond,2,39.96,79.92
INV501935,2023-04-17,10367,Belgium,STK004,Plaid tricote,3,35.04,105.12
INV501936,2023-11-12,10368,France,STK008,Tapis de bain,1,28.08,28.08
INV501936,2023-11-12,10368,France,STK001,Lampe de bureau design,4,24.46,97.84
INV501936,2023-11-12,10368,France,STK003,Set de tasses ceramique,3,17.69,53.07000000000001
INV501936,2023-11-12,10368,France,STK012,Miroir mural rond,1,48.53,48.53
INV501937,2023-09-02,10368,France,STK008,Tapis de bain,5,28.76,143.8
INV501937,2023-09-02,10368,France,STK006,Cadre photo bois,3,7.53,22.59
INV501937,2023-09-02,10368,France,STK004,Plaid tricote,3,29.63,88.89
INV501938,2023-12-03,10369,France,STK006,Cadre photo bois,4,14.82,59.28
INV501939,2023-07-10,10369,France,STK011,Plateau en bambou,2,24.18,48.36
INV501939,2023-07-10,10369,France,STK007,Panier de rangement,2,21.3,42.6
INV501939,2023-07-10,10369,France,STK004,Plaid tricote,1,24.44,24.44
INV501939,2023-07-10,10369,France,STK007,Panier de rangement,4,19.78,79.12
INV501940,2023-05-14,10369,France,STK012,Miroir mural rond,3,36.92,110.76
INV501940,2023-05-14,10369,France,STK004,Plaid tricote,1,36.83,36.83
INV501940,2023-05-14,10369,France,STK005,Bougie parfumee,5,14.86,74.3
INV501940,2023-05-14,10369,France,STK012,Miroir mural rond,2,36.43,72.86
INV501941,2023-11-01,10370,Spain,STK004,Plaid tricote,5,33.6,168.0
INV501941,2023-11-01,10370,Spain,STK008,Tapis de bain,4,23.81,95.24
INV501941,2023-11-01,10370,Spain,STK002,Coussin en lin,4,23.5,94.0
INV501941,2023-11-01,10370,Spain,STK010,Guirlande lumineuse,1,11.18,11.18
INV501942,2023-12-05,10370,Spain,STK004,Plaid tricote,5,25.55,127.75
INV501943,2023-10-04,10370,Spain,STK003,Set de tasses ceramique,4,12.16,48.64
INV501944,2023-07-07,10370,Spain,STK005,Bougie parfumee,5,14.96,74.80000000000001
INV501944,2023-07-07,10370,Spain,STK003,Set de tasses ceramique,1,16.28,16.28
INV501944,2023-07-07,10370,Spain,STK012,Miroir mural rond,4,47.58,190.32
INV501944,2023-07-07,10370,Spain,STK012,Miroir mural rond,5,41.6,208.0
INV501945,2023-04-27,10370,Spain,STK005,Bougie parfumee,2,13.53,27.06
INV501945,2023-04-27,10370,Spain,STK009,Vase en verre,3,23.59,70.77
INV501945,2023-04-27,10370,Spain,STK006,Cadre photo bois,4,12.62,50.48
INV501946,2023-05-30,10370,Spain,STK006,Cadre photo bois,1,11.47,11.47
INV501946,2023-05-30,10370,Spain,STK009,Vase en verre,2,17.74,35.48
INV501947,2023-05-17,10371,Germany,STK007,Panier de rangement,2,18.23,36.46
INV501948,2023-01-21,10371,Germany,STK002,Coussin en lin,4,14.55,58.2
INV501949,2023-04-27,10371,Germany,STK012,Miroir mural rond,3,47.41,142.23
INV501949,2023-04-27,10371,Germany,STK006,Cadre photo bois,1,8.65,8.65
INV501950,2023-08-13,10371,Germany,STK010,Guirlande lumineuse,4,15.36,61.44
INV501951,2023-11-19,10371,Germany,STK003,Set de tasses ceramique,5,17.49,87.44999999999999
INV501951,2023-11-19,10371,Germany,STK008,Tapis de bain,1,31.65,31.65
INV501951,2023-11-19,10371,Germany,STK006,Cadre photo bois,1,10.93,10.93
INV501951,2023-11-19,10371,Germany,STK011,Plateau en bambou,1,20.16,20.16
INV501952,2023-08-03,10371,Germany,STK009,Vase en verre,5,20.94,104.7
INV501952,2023-08-03,10371,Germany,STK008,Tapis de bain,4,27.27,109.08
INV501953,2023-05-12,10372,France,STK011,Plateau en bambou,5,22.32,111.6
INV501953,2023-05-12,10372,France,STK003,Set de tasses ceramique,2,11.91,23.82
INV501953,2023-05-12,10372,France,STK010,Guirlande lumineuse,2,15.26,30.52
INV501954,2023-03-17,10373,France,STK003,Set de tasses ceramique,4,13.15,52.6
INV501954,2023-03-17,10373,France,STK004,Plaid tricote,3,28.73,86.19
INV501954,2023-03-17,10373,France,STK006,Cadre photo bois,4,9.2,36.8
INV501955,2023-02-26,10373,France,STK012,Miroir mural rond,1,45.39,45.39
INV501956,2023-01-15,10373,France,STK012,Miroir mural rond,1,39.81,39.81
INV501957,2023-09-10,10373,France,STK001,Lampe de bureau design,1,23.35,23.35
INV501957,2023-09-10,10373,France,STK001,Lampe de bureau design,1,22.56,22.56
INV501958,2023-03-14,10373,France,STK006,Cadre photo bois,1,7.6,7.6
INV501958,2023-03-14,10373,France,STK005,Bougie parfumee,5,14.4,72.0
INV501958,2023-03-14,10373,France,STK009,Vase en verre,5,23.21,116.05000000000001
INV501959,2023-06-01,10374,Spain,STK008,Tapis de bain,2,24.6,49.2
INV501959,2023-06-01,10374,Spain,STK008,Tapis de bain,4,28.99,115.96
INV501959,2023-06-01,10374,Spain,STK008,Tapis de bain,4,28.71,114.84
INV501959,2023-06-01,10374,Spain,STK010,Guirlande lumineuse,1,12.47,12.47
INV501960,2023-05-01,10374,Spain,STK009,Vase en verre,2,20.27,40.54
INV501960,2023-05-01,10374,Spain,STK008,Tapis de bain,2,33.02,66.04
INV501960,2023-05-01,10374,Spain,STK003,Set de tasses ceramique,3,13.51,40.53
INV501960,2023-05-01,10374,Spain,STK006,Cadre photo bois,1,9.04,9.04
INV501961,2023-11-19,10374,Spain,STK002,Coussin en lin,5,19.74,98.69999999999999
INV501962,2023-12-01,10374,Spain,STK004,Plaid tricote,5,29.66,148.3
INV501962,2023-12-01,10374,Spain,STK009,Vase en verre,5,20.85,104.25
INV501963,2023-11-18,10374,Spain,STK007,Panier de rangement,3,17.36,52.08
INV501963,2023-11-18,10374,Spain,STK011,Plateau en bambou,4,22.19,88.76
INV501963,2023-11-18,10374,Spain,STK008,Tapis de bain,2,28.37,56.74
INV501964,2023-07-27,10374,Spain,STK011,Plateau en bambou,5,19.9,99.5
INV501964,2023-07-27,10374,Spain,STK007,Panier de rangement,5,26.18,130.9
INV501965,2023-09-26,10374,Spain,STK002,Coussin en lin,4,20.34,81.36
INV501965,2023-09-26,10374,Spain,STK003,Set de tasses ceramique,3,18.71,56.13
INV501965,2023-09-26,10374,Spain,STK011,Plateau en bambou,4,17.69,70.76
INV501966,2023-09-08,10374,Spain,STK002,Coussin en lin,4,21.81,87.24
INV501966,2023-09-08,10374,Spain,STK010,Guirlande lumineuse,1,14.86,14.86
INV501966,2023-09-08,10374,Spain,STK012,Miroir mural rond,3,49.07,147.21
INV501966,2023-09-08,10374,Spain,STK009,Vase en verre,5,24.91,124.55
INV501967,2023-01-10,10375,Portugal,STK001,Lampe de bureau design,4,22.86,91.44
INV501967,2023-01-10,10375,Portugal,STK011,Plateau en bambou,3,22.53,67.59
INV501967,2023-01-10,10375,Portugal,STK008,Tapis de bain,4,24.09,96.36
INV501968,2023-04-04,10375,Portugal,STK012,Miroir mural rond,1,39.86,39.86
INV501969,2023-01-15,10375,Portugal,STK006,Cadre photo bois,3,11.05,33.150000000000006
INV501969,2023-01-15,10375,Portugal,STK002,Coussin en lin,4,18.14,72.56
INV501969,2023-01-15,10375,Portugal,STK008,Tapis de bain,2,28.96,57.92
INV501969,2023-01-15,10375,Portugal,STK002,Coussin en lin,5,22.96,114.80000000000001
INV501970,2023-09-13,10376,Belgium,STK006,Cadre photo bois,4,10.81,43.24
INV501970,2023-09-13,10376,Belgium,STK007,Panier de rangement,3,23.32,69.96000000000001
INV501970,2023-09-13,10376,Belgium,STK007,Panier de rangement,1,17.55,17.55
INV501970,2023-09-13,10376,Belgium,STK009,Vase en verre,1,22.64,22.64
INV501971,2023-12-27,10376,Belgium,STK002,Coussin en lin,1,19.7,19.7
INV501971,2023-12-27,10376,Belgium,STK010,Guirlande lumineuse,1,17.78,17.78
INV501972,2023-05-21,10376,Belgium,STK011,Plateau en bambou,4,22.59,90.36
INV501972,2023-05-21,10376,Belgium,STK006,Cadre photo bois,1,8.44,8.44
INV501972,2023-05-21,10376,Belgium,STK009,Vase en verre,3,21.98,65.94
INV501973,2023-08-25,10376,Belgium,STK006,Cadre photo bois,1,7.7,7.7
INV501973,2023-08-25,10376,Belgium,STK001,Lampe de bureau design,3,25.98,77.94
INV501973,2023-08-25,10376,Belgium,STK002,Coussin en lin,5,21.83,109.14999999999999
INV501973,2023-08-25,10376,Belgium,STK009,Vase en verre,3,22.84,68.52
INV501974,2023-08-15,10376,Belgium,STK009,Vase en verre,1,13.38,13.38
INV501974,2023-08-15,10376,Belgium,STK008,Tapis de bain,4,26.01,104.04
INV501975,2023-12-29,10377,Italy,STK004,Plaid tricote,2,31.45,62.9
INV501975,2023-12-29,10377,Italy,STK004,Plaid tricote,4,30.5,122.0
INV501975,2023-12-29,10377,Italy,STK006,Cadre photo bois,3,9.62,28.86
INV501975,2023-12-29,10377,Italy,STK011,Plateau en bambou,3,19.78,59.34
INV501976,2023-05-04,10378,Portugal,STK008,Tapis de bain,1,23.13,23.13
INV501977,2023-05-07,10378,Portugal,STK011,Plateau en bambou,3,20.43,61.29
INV501977,2023-05-07,10378,Portugal,STK005,Bougie parfumee,5,9.78,48.9
INV501978,2023-07-18,10378,Portugal,STK002,Coussin en lin,1,14.42,14.42
INV501979,2023-06-03,10379,Germany,STK006,Cadre photo bois,5,13.05,65.25
INV501979,2023-06-03,10379,Germany,STK004,Plaid tricote,4,29.64,118.56
INV501979,2023-06-03,10379,Germany,STK012,Miroir mural rond,2,47.25,94.5
INV501979,2023-06-03,10379,Germany,STK006,Cadre photo bois,5,8.16,40.8
INV501980,2023-03-01,10379,Germany,STK002,Coussin en lin,4,21.58,86.32
INV501980,2023-03-01,10379,Germany,STK011,Plateau en bambou,3,24.67,74.01
INV501980,2023-03-01,10379,Germany,STK011,Plateau en bambou,4,24.99,99.96
INV501981,2023-12-30,10380,Belgium,STK002,Coussin en lin,5,21.03,105.15
INV501981,2023-12-30,10380,Belgium,STK012,Miroir mural rond,2,39.82,79.64
INV501981,2023-12-30,10380,Belgium,STK011,Plateau en bambou,2,16.51,33.02
INV501981,2023-12-30,10380,Belgium,STK008,Tapis de bain,5,25.21,126.05000000000001
INV501982,2023-06-27,10380,Belgium,STK009,Vase en verre,3,21.88,65.64
INV501983,2023-10-12,10380,Belgium,STK005,Bougie parfumee,1,15.13,15.13
INV501983,2023-10-12,10380,Belgium,STK002,Coussin en lin,5,18.91,94.55
INV501984,2023-07-03,10380,Belgium,STK004,Plaid tricote,4,31.97,127.88
INV501984,2023-07-03,10380,Belgium,STK003,Set de tasses ceramique,5,15.86,79.3
INV501985,2023-09-14,10380,Belgium,STK010,Guirlande lumineuse,5,8.57,42.85
INV501985,2023-09-14,10380,Belgium,STK011,Plateau en bambou,4,20.53,82.12
INV501986,2023-01-07,10380,Belgium,STK004,Plaid tricote,4,37.98,151.92
INV501987,2023-11-16,10380,Belgium,STK010,Guirlande lumineuse,4,14.77,59.08
INV501987,2023-11-16,10380,Belgium,STK012,Miroir mural rond,1,49.35,49.35
INV501988,2023-04-21,10380,Belgium,STK007,Panier de rangement,3,20.23,60.69
INV501988,2023-04-21,10380,Belgium,STK007,Panier de rangement,1,25.55,25.55
INV501988,2023-04-21,10380,Belgium,STK003,Set de tasses ceramique,3,15.04,45.12
INV501988,2023-04-21,10380,Belgium,STK005,Bougie parfumee,4,12.23,48.92
INV501989,2023-08-13,10380,Belgium,STK004,Plaid tricote,2,29.67,59.34
INV501990,2023-04-20,10381,France,STK008,Tapis de bain,2,27.06,54.12
INV501990,2023-04-20,10381,France,STK009,Vase en verre,5,17.38,86.89999999999999
INV501990,2023-04-20,10381,France,STK005,Bougie parfumee,4,13.36,53.44
INV501990,2023-04-20,10381,France,STK004,Plaid tricote,2,22.53,45.06
INV501991,2023-04-27,10381,France,STK010,Guirlande lumineuse,1,10.71,10.71
INV501992,2023-11-27,10381,France,STK007,Panier de rangement,2,19.16,38.32
INV501992,2023-11-27,10381,France,STK006,Cadre photo bois,2,8.76,17.52
INV501992,2023-11-27,10381,France,STK001,Lampe de bureau design,2,24.97,49.94
INV501993,2023-05-30,10381,France,STK002,Coussin en lin,5,20.33,101.64999999999999
INV501994,2023-05-26,10381,France,STK008,Tapis de bain,5,26.06,130.29999999999998
INV501995,2023-10-01,10381,France,STK006,Cadre photo bois,2,10.56,21.12
INV501996,2023-12-21,10382,France,STK008,Tapis de bain,3,28.17,84.51
INV501997,2023-12-19,10382,France,STK006,Cadre photo bois,5,11.0,55.0
INV501997,2023-12-19,10382,France,STK001,Lampe de bureau design,4,30.02,120.08
INV501997,2023-12-19,10382,France,STK010,Guirlande lumineuse,1,11.85,11.85
INV501998,2023-12-13,10383,Belgium,STK008,Tapis de bain,1,26.96,26.96
INV501998,2023-12-13,10383,Belgium,STK006,Cadre photo bois,1,11.88,11.88
INV501998,2023-12-13,10383,Belgium,STK009,Vase en verre,5,19.2,96.0
INV501999,2023-05-01,10383,Belgium,STK011,Plateau en bambou,4,22.12,88.48
INV501999,2023-05-01,10383,Belgium,STK001,Lampe de bureau design,4,21.49,85.96
INV501999,2023-05-01,10383,Belgium,STK007,Panier de rangement,1,19.42,19.42
INV501999,2023-05-01,10383,Belgium,STK004,Plaid tricote,3,32.89,98.67
INV502000,2023-10-19,10383,Belgium,STK009,Vase en verre,1,19.58,19.58
INV502001,2023-09-27,10383,Belgium,STK009,Vase en verre,2,19.15,38.3
INV502002,2023-09-05,10383,Belgium,STK009,Vase en verre,5,18.61,93.05
INV502002,2023-09-05,10383,Belgium,STK008,Tapis de bain,2,32.21,64.42
INV502002,2023-09-05,10383,Belgium,STK009,Vase en verre,1,20.65,20.65
INV502002,2023-09-05,10383,Belgium,STK003,Set de tasses ceramique,3,13.65,40.95
INV502003,2023-06-11,10383,Belgium,STK002,Coussin en lin,5,21.13,105.64999999999999
INV502003,2023-06-11,10383,Belgium,STK002,Coussin en lin,3,25.99,77.97
INV502003,2023-06-11,10383,Belgium,STK007,Panier de rangement,5,20.06,100.3
INV502004,2023-12-24,10383,Belgium,STK012,Miroir mural rond,2,34.14,68.28
INV502005,2023-11-03,10383,Belgium,STK007,Panier de rangement,1,20.43,20.43
INV502005,2023-11-03,10383,Belgium,STK005,Bougie parfumee,2,12.52,25.04
INV502006,2023-07-18,10383,Belgium,STK006,Cadre photo bois,2,8.02,16.04
INV502007,2023-04-09,10383,Belgium,STK006,Cadre photo bois,4,9.07,36.28
INV502007,2023-04-09,10383,Belgium,STK005,Bougie parfumee,4,12.25,49.0
INV502008,2023-07-17,10383,Belgium,STK010,Guirlande lumineuse,5,16.33,81.64999999999999
INV502008,2023-07-17,10383,Belgium,STK001,Lampe de bureau design,1,26.7,26.7
INV502009,2023-02-02,10383,Belgium,STK003,Set de tasses ceramique,4,17.68,70.72
INV502009,2023-02-02,10383,Belgium,STK001,Lampe de bureau design,2,21.64,43.28
INV502009,2023-02-02,10383,Belgium,STK004,Plaid tricote,2,28.24,56.48
INV502009,2023-02-02,10383,Belgium,STK004,Plaid tricote,2,35.07,70.14
INV502010,2023-04-19,10383,Belgium,STK005,Bougie parfumee,5,12.65,63.25
INV502010,2023-04-19,10383,Belgium,STK009,Vase en verre,5,19.0,95.0
INV502011,2023-05-12,10383,Belgium,STK012,Miroir mural rond,4,50.89,203.56
INV502011,2023-05-12,10383,Belgium,STK011,Plateau en bambou,3,20.45,61.349999999999994
INV502011,2023-05-12,10383,Belgium,STK011,Plateau en bambou,4,22.67,90.68
INV502012,2023-04-05,10383,Belgium,STK007,Panier de rangement,4,18.31,73.24
INV502012,2023-04-05,10383,Belgium,STK001,Lampe de bureau design,3,29.38,88.14
INV502012,2023-04-05,10383,Belgium,STK006,Cadre photo bois,4,9.71,38.84
INV502012,2023-04-05,10383,Belgium,STK012,Miroir mural rond,5,29.29,146.45
INV502013,2023-08-28,10383,Belgium,STK005,Bougie parfumee,4,13.78,55.12
INV502014,2023-03-31,10383,Belgium,STK003,Set de tasses ceramique,3,10.16,30.48
INV502014,2023-03-31,10383,Belgium,STK011,Plateau en bambou,3,13.96,41.88
INV502014,2023-03-31,10383,Belgium,STK011,Plateau en bambou,4,19.72,78.88
INV502015,2023-03-01,10383,Belgium,STK002,Coussin en lin,4,20.87,83.48
INV502015,2023-03-01,10383,Belgium,STK008,Tapis de bain,3,24.97,74.91
INV502015,2023-03-01,10383,Belgium,STK008,Tapis de bain,1,29.3,29.3
INV502016,2023-09-05,10384,Netherlands,STK004,Plaid tricote,5,30.29,151.45
INV502016,2023-09-05,10384,Netherlands,STK002,Coussin en lin,1,22.72,22.72
INV502016,2023-09-05,10384,Netherlands,STK008,Tapis de bain,1,32.38,32.38
INV502017,2023-02-02,10384,Netherlands,STK004,Plaid tricote,1,38.05,38.05
INV502018,2023-12-21,10384,Netherlands,STK010,Guirlande lumineuse,2,13.76,27.52
INV502018,2023-12-21,10384,Netherlands,STK007,Panier de rangement,5,18.03,90.15
INV502018,2023-12-21,10384,Netherlands,STK006,Cadre photo bois,3,8.8,26.400000000000002
INV502019,2023-11-09,10384,Netherlands,STK008,Tapis de bain,4,20.41,81.64
INV502019,2023-11-09,10384,Netherlands,STK008,Tapis de bain,4,27.41,109.64
INV502019,2023-11-09,10384,Netherlands,STK009,Vase en verre,3,17.61,52.83
INV502019,2023-11-09,10384,Netherlands,STK007,Panier de rangement,4,22.19,88.76
INV502020,2023-01-16,10384,Netherlands,STK009,Vase en verre,5,16.97,84.85
INV502020,2023-01-16,10384,Netherlands,STK012,Miroir mural rond,4,40.2,160.8
INV502020,2023-01-16,10384,Netherlands,STK001,Lampe de bureau design,1,21.89,21.89
INV502020,2023-01-16,10384,Netherlands,STK003,Set de tasses ceramique,3,12.43,37.29
INV502021,2023-04-25,10384,Netherlands,STK001,Lampe de bureau design,3,26.83,80.49
INV502021,2023-04-25,10384,Netherlands,STK007,Panier de rangement,3,17.79,53.37
INV502021,2023-04-25,10384,Netherlands,STK003,Set de tasses ceramique,4,11.42,45.68
INV502021,2023-04-25,10384,Netherlands,STK004,Plaid tricote,3,30.61,91.83
INV502022,2023-03-02,10384,Netherlands,STK012,Miroir mural rond,5,42.02,210.10000000000002
INV502022,2023-03-02,10384,Netherlands,STK012,Miroir mural rond,5,44.23,221.14999999999998
INV502023,2023-05-30,10384,Netherlands,STK001,Lampe de bureau design,4,21.94,87.76
INV502023,2023-05-30,10384,Netherlands,STK009,Vase en verre,3,21.62,64.86
INV502024,2023-07-13,10385,France,STK011,Plateau en bambou,2,22.79,45.58
INV502024,2023-07-13,10385,France,STK002,Coussin en lin,3,16.05,48.150000000000006
INV502024,2023-07-13,10385,France,STK010,Guirlande lumineuse,5,17.77,88.85
INV502024,2023-07-13,10385,France,STK002,Coussin en lin,1,16.67,16.67
INV502025,2023-09-29,10386,France,STK005,Bougie parfumee,2,11.81,23.62
INV502025,2023-09-29,10386,France,STK009,Vase en verre,2,15.64,31.28
INV502026,2023-04-17,10387,France,STK008,Tapis de bain,1,25.54,25.54
INV502027,2023-04-14,10387,France,STK011,Plateau en bambou,3,22.14,66.42
INV502027,2023-04-14,10387,France,STK002,Coussin en lin,4,18.02,72.08
INV502028,2023-12-12,10387,France,STK007,Panier de rangement,1,23.35,23.35
INV502028,2023-12-12,10387,France,STK002,Coussin en lin,1,17.24,17.24
INV502029,2023-09-23,10388,Germany,STK011,Plateau en bambou,5,18.04,90.19999999999999
INV502029,2023-09-23,10388,Germany,STK002,Coussin en lin,4,20.56,82.24
INV502029,2023-09-23,10388,Germany,STK011,Plateau en bambou,4,22.76,91.04
INV502029,2023-09-23,10388,Germany,STK005,Bougie parfumee,5,13.41,67.05
INV502030,2023-06-24,10389,France,STK005,Bougie parfumee,4,9.9,39.6
INV502030,2023-06-24,10389,France,STK006,Cadre photo bois,1,10.84,10.84
INV502030,2023-06-24,10389,France,STK005,Bougie parfumee,4,14.08,56.32
INV502030,2023-06-24,10389,France,STK006,Cadre photo bois,2,9.14,18.28
INV502031,2023-07-22,10389,France,STK007,Panier de rangement,4,18.58,74.32
INV502031,2023-07-22,10389,France,STK010,Guirlande lumineuse,5,16.27,81.35
INV502031,2023-07-22,10389,France,STK006,Cadre photo bois,3,11.6,34.8
INV502032,2023-02-07,10389,France,STK012,Miroir mural rond,4,44.03,176.12
INV502032,2023-02-07,10389,France,STK011,Plateau en bambou,1,22.24,22.24
INV502032,2023-02-07,10389,France,STK006,Cadre photo bois,1,11.95,11.95
INV502032,2023-02-07,10389,France,STK009,Vase en verre,5,18.93,94.65
INV502033,2023-03-25,10389,France,STK005,Bougie parfumee,3,15.1,45.3
INV502033,2023-03-25,10389,France,STK005,Bougie parfumee,4,14.63,58.52
INV502034,2023-05-28,10389,France,STK008,Tapis de bain,2,25.04,50.08
INV502034,2023-05-28,10389,France,STK008,Tapis de bain,2,33.38,66.76
INV502034,2023-05-28,10389,France,STK007,Panier de rangement,5,22.03,110.15
INV502035,2023-12-16,10390,Spain,STK012,Miroir mural rond,3,41.49,124.47
INV502035,2023-12-16,10390,Spain,STK010,Guirlande lumineuse,5,14.24,71.2
INV502036,2023-12-01,10390,Spain,STK002,Coussin en lin,4,20.52,82.08
INV502036,2023-12-01,10390,Spain,STK006,Cadre photo bois,2,11.15,22.3
INV502036,2023-12-01,10390,Spain,STK010,Guirlande lumineuse,2,11.62,23.24
INV502037,2023-11-03,10390,Spain,STK005,Bougie parfumee,5,11.94,59.699999999999996
INV502038,2023-12-30,10390,Spain,STK001,Lampe de bureau design,3,27.83,83.49
INV502038,2023-12-30,10390,Spain,STK012,Miroir mural rond,3,42.82,128.46
INV502038,2023-12-30,10390,Spain,STK010,Guirlande lumineuse,5,10.93,54.65
INV502038,2023-12-30,10390,Spain,STK008,Tapis de bain,2,26.3,52.6
INV502039,2023-11-28,10390,Spain,STK005,Bougie parfumee,1,11.95,11.95
INV502039,2023-11-28,10390,Spain,STK006,Cadre photo bois,3,8.0,24.0
INV502040,2023-09-21,10390,Spain,STK003,Set de tasses ceramique,5,17.81,89.05
INV502041,2023-01-19,10390,Spain,STK002,Coussin en lin,3,17.95,53.849999999999994
INV502041,2023-01-19,10390,Spain,STK012,Miroir mural rond,2,41.56,83.12
INV502041,2023-01-19,10390,Spain,STK010,Guirlande lumineuse,4,13.78,55.12
INV502042,2023-02-15,10391,France,STK003,Set de tasses ceramique,5,14.09,70.45
INV502042,2023-02-15,10391,France,STK012,Miroir mural rond,3,37.16,111.47999999999999
INV502042,2023-02-15,10391,France,STK010,Guirlande lumineuse,1,14.02,14.02
INV502043,2023-02-01,10391,France,STK003,Set de tasses ceramique,2,18.87,37.74
INV502043,2023-02-01,10391,France,STK003,Set de tasses ceramique,2,16.99,33.98
INV502043,2023-02-01,10391,France,STK007,Panier de rangement,1,27.31,27.31
INV502043,2023-02-01,10391,France,STK012,Miroir mural rond,5,39.56,197.8
INV502044,2023-01-12,10391,France,STK003,Set de tasses ceramique,4,12.22,48.88
INV502044,2023-01-12,10391,France,STK011,Plateau en bambou,3,21.82,65.46000000000001
INV502045,2023-01-12,10392,Germany,STK007,Panier de rangement,4,18.45,73.8
INV502045,2023-01-12,10392,Germany,STK005,Bougie parfumee,2,12.93,25.86
INV502045,2023-01-12,10392,Germany,STK002,Coussin en lin,4,18.29,73.16
INV502045,2023-01-12,10392,Germany,STK012,Miroir mural rond,5,53.3,266.5
INV502046,2023-03-13,10392,Germany,STK010,Guirlande lumineuse,4,13.03,52.12
INV502046,2023-03-13,10392,Germany,STK007,Panier de rangement,1,25.63,25.63
INV502046,2023-03-13,10392,Germany,STK004,Plaid tricote,2,24.07,48.14
INV502046,2023-03-13,10392,Germany,STK004,Plaid tricote,2,34.97,69.94
INV502047,2023-07-14,10392,Germany,STK012,Miroir mural rond,1,46.52,46.52
INV502047,2023-07-14,10392,Germany,STK005,Bougie parfumee,4,10.75,43.0
INV502048,2023-09-03,10393,Germany,STK004,Plaid tricote,3,37.69,113.07
INV502048,2023-09-03,10393,Germany,STK004,Plaid tricote,5,33.69,168.45
INV502048,2023-09-03,10393,Germany,STK007,Panier de rangement,1,26.49,26.49
INV502049,2023-01-20,10393,Germany,STK002,Coussin en lin,2,17.77,35.54
INV502050,2023-07-12,10393,Germany,STK005,Bougie parfumee,3,16.04,48.12
INV502051,2023-03-01,10393,Germany,STK001,Lampe de bureau design,1,23.59,23.59
INV502052,2023-06-22,10393,Germany,STK005,Bougie parfumee,3,11.29,33.87
INV502052,2023-06-22,10393,Germany,STK006,Cadre photo bois,5,9.79,48.949999999999996
INV502052,2023-06-22,10393,Germany,STK002,Coussin en lin,4,14.33,57.32
INV502052,2023-06-22,10393,Germany,STK003,Set de tasses ceramique,1,17.36,17.36
INV502053,2023-02-14,10393,Germany,STK005,Bougie parfumee,2,6.63,13.26
INV502053,2023-02-14,10393,Germany,STK009,Vase en verre,1,20.39,20.39
INV502053,2023-02-14,10393,Germany,STK004,Plaid tricote,1,29.28,29.28
INV502054,2023-09-11,10393,Germany,STK005,Bougie parfumee,4,11.49,45.96
INV502054,2023-09-11,10393,Germany,STK007,Panier de rangement,2,17.08,34.16
INV502054,2023-09-11,10393,Germany,STK005,Bougie parfumee,2,11.5,23.0
INV502054,2023-09-11,10393,Germany,STK004,Plaid tricote,3,38.65,115.94999999999999
INV502055,2023-04-25,10394,France,STK011,Plateau en bambou,4,21.49,85.96
INV502056,2023-01-03,10394,France,STK005,Bougie parfumee,5,10.37,51.849999999999994
INV502057,2023-08-05,10394,France,STK008,Tapis de bain,4,31.16,124.64
INV502057,2023-08-05,10394,France,STK005,Bougie parfumee,4,13.19,52.76
INV502057,2023-08-05,10394,France,STK010,Guirlande lumineuse,4,16.2,64.8
INV502058,2023-06-12,10394,France,STK006,Cadre photo bois,2,10.56,21.12
INV502058,2023-06-12,10394,France,STK003,Set de tasses ceramique,2,18.86,37.72
INV502059,2023-01-24,10394,France,STK004,Plaid tricote,4,30.44,121.76
INV502059,2023-01-24,10394,France,STK007,Panier de rangement,4,18.67,74.68
INV502059,2023-01-24,10394,France,STK001,Lampe de bureau design,1,25.66,25.66
INV502059,2023-01-24,10394,France,STK001,Lampe de bureau design,2,25.71,51.42
INV502060,2023-08-21,10395,France,STK007,Panier de rangement,2,21.37,42.74
INV502060,2023-08-21,10395,France,STK010,Guirlande lumineuse,3,13.44,40.32
INV502061,2023-09-19,10395,France,STK008,Tapis de bain,4,24.64,98.56
INV502062,2023-12-17,10395,France,STK006,Cadre photo bois,2,11.09,22.18
INV502063,2023-12-18,10395,France,STK001,Lampe de bureau design,3,23.43,70.28999999999999
INV502063,2023-12-18,10395,France,STK006,Cadre photo bois,3,9.57,28.71
INV502064,2023-10-11,10395,France,STK012,Miroir mural rond,1,45.87,45.87
INV502065,2023-01-01,10396,France,STK001,Lampe de bureau design,2,23.45,46.9
INV502065,2023-01-01,10396,France,STK002,Coussin en lin,5,17.73,88.65
INV502065,2023-01-01,10396,France,STK012,Miroir mural rond,2,36.6,73.2
INV502065,2023-01-01,10396,France,STK012,Miroir mural rond,4,35.54,142.16
INV502066,2023-04-09,10396,France,STK010,Guirlande lumineuse,5,11.94,59.699999999999996
INV502067,2023-08-30,10396,France,STK009,Vase en verre,4,18.73,74.92
INV502067,2023-08-30,10396,France,STK012,Miroir mural rond,4,37.92,151.68
INV502067,2023-08-30,10396,France,STK012,Miroir mural rond,4,35.02,140.08
INV502068,2023-04-28,10396,France,STK001,Lampe de bureau design,2,28.65,57.3
INV502068,2023-04-28,10396,France,STK001,Lampe de bureau design,1,30.92,30.92
INV502069,2023-08-24,10396,France,STK008,Tapis de bain,5,28.01,140.05
INV502069,2023-08-24,10396,France,STK012,Miroir mural rond,5,44.87,224.35
INV502069,2023-08-24,10396,France,STK008,Tapis de bain,2,26.7,53.4
INV502070,2023-05-25,10396,France,STK002,Coussin en lin,4,18.16,72.64
INV502070,2023-05-25,10396,France,STK012,Miroir mural rond,1,43.27,43.27
INV502070,2023-05-25,10396,France,STK012,Miroir mural rond,2,36.48,72.96
INV502070,2023-05-25,10396,France,STK006,Cadre photo bois,1,8.74,8.74
INV502071,2023-09-07,10397,Germany,STK004,Plaid tricote,2,28.61,57.22
INV502071,2023-09-07,10397,Germany,STK003,Set de tasses ceramique,4,14.46,57.84
INV502071,2023-09-07,10397,Germany,STK004,Plaid tricote,2,28.68,57.36
INV502072,2023-11-24,10397,Germany,STK009,Vase en verre,1,17.16,17.16
INV502072,2023-11-24,10397,Germany,STK003,Set de tasses ceramique,2,16.22,32.44
INV502072,2023-11-24,10397,Germany,STK012,Miroir mural rond,2,47.32,94.64
INV502073,2023-09-02,10397,Germany,STK002,Coussin en lin,5,20.51,102.55000000000001
INV502073,2023-09-02,10397,Germany,STK009,Vase en verre,2,18.48,36.96
INV502074,2023-12-27,10397,Germany,STK011,Plateau en bambou,5,25.04,125.19999999999999
INV502074,2023-12-27,10397,Germany,STK006,Cadre photo bois,1,11.84,11.84
INV502075,2023-07-22,10397,Germany,STK012,Miroir mural rond,1,33.15,33.15
INV502075,2023-07-22,10397,Germany,STK006,Cadre photo bois,1,10.76,10.76
INV502075,2023-07-22,10397,Germany,STK001,Lampe de bureau design,3,20.29,60.87
INV502076,2023-07-17,10397,Germany,STK009,Vase en verre,1,24.92,24.92
INV502076,2023-07-17,10397,Germany,STK006,Cadre photo bois,5,8.56,42.800000000000004
INV502076,2023-07-17,10397,Germany,STK001,Lampe de bureau design,3,25.38,76.14
INV502077,2023-11-02,10397,Germany,STK010,Guirlande lumineuse,5,17.01,85.05000000000001
INV502077,2023-11-02,10397,Germany,STK007,Panier de rangement,1,23.56,23.56
INV502077,2023-11-02,10397,Germany,STK001,Lampe de bureau design,5,26.34,131.7
INV502078,2023-12-29,10397,Germany,STK011,Plateau en bambou,4,26.46,105.84
INV502078,2023-12-29,10397,Germany,STK005,Bougie parfumee,2,13.96,27.92
INV502078,2023-12-29,10397,Germany,STK007,Panier de rangement,1,20.15,20.15
INV502079,2023-05-24,10398,France,STK007,Panier de rangement,5,24.69,123.45
INV502079,2023-05-24,10398,France,STK008,Tapis de bain,4,24.72,98.88
INV502079,2023-05-24,10398,France,STK001,Lampe de bureau design,4,30.36,121.44
INV502080,2023-01-21,10398,France,STK010,Guirlande lumineuse,2,12.1,24.2
INV502080,2023-01-21,10398,France,STK010,Guirlande lumineuse,1,15.72,15.72
INV502080,2023-01-21,10398,France,STK010,Guirlande lumineuse,1,11.9,11.9
INV502081,2023-03-20,10398,France,STK008,Tapis de bain,1,27.53,27.53
INV502081,2023-03-20,10398,France,STK009,Vase en verre,5,22.96,114.80000000000001
INV502081,2023-03-20,10398,France,STK006,Cadre photo bois,4,9.21,36.84
INV502081,2023-03-20,10398,France,STK004,Plaid tricote,5,37.72,188.6
INV502082,2023-11-20,10399,France,STK006,Cadre photo bois,5,9.78,48.9
INV502082,2023-11-20,10399,France,STK005,Bougie parfumee,5,16.15,80.75
INV502082,2023-11-20,10399,France,STK003,Set de tasses ceramique,1,11.36,11.36
INV502082,2023-11-20,10399,France,STK005,Bougie parfumee,2,11.47,22.94
INV502083,2023-09-21,10399,France,STK001,Lampe de bureau design,1,20.0,20.0
INV502084,2023-05-26,10400,France,STK008,Tapis de bain,1,22.37,22.37
INV502084,2023-05-26,10400,France,STK003,Set de tasses ceramique,5,14.72,73.60000000000001
INV502084,2023-05-26,10400,France,STK002,Coussin en lin,2,18.59,37.18
INV502084,2023-05-26,10400,France,STK010,Guirlande lumineuse,5,13.21,66.05000000000001
INV502085,2023-03-20,10400,France,STK012,Miroir mural rond,5,37.41,187.04999999999998
INV502085,2023-03-20,10400,France,STK008,Tapis de bain,5,28.57,142.85
INV502085,2023-03-20,10400,France,STK005,Bougie parfumee,2,13.55,27.1
INV502085,2023-03-20,10400,France,STK004,Plaid tricote,3,24.0,72.0
INV502086,2023-09-14,10400,France,STK007,Panier de rangement,5,18.46,92.30000000000001
INV502086,2023-09-14,10400,France,STK004,Plaid tricote,4,31.96,127.84
INV502086,2023-09-14,10400,France,STK009,Vase en verre,3,23.74,71.22
INV502086,2023-09-14,10400,France,STK008,Tapis de bain,4,20.34,81.36
INV502087,2023-12-04,10400,France,STK008,Tapis de bain,1,20.67,20.67
INV502087,2023-12-04,10400,France,STK003,Set de tasses ceramique,1,15.4,15.4
INV502087,2023-12-04,10400,France,STK010,Guirlande lumineuse,2,14.34,28.68
INV502087,2023-12-04,10400,France,STK008,Tapis de bain,2,29.91,59.82
INV502088,2023-07-03,10400,France,STK003,Set de tasses ceramique,3,14.95,44.849999999999994
INV502088,2023-07-03,10400,France,STK002,Coussin en lin,5,25.19,125.95
INV502089,2023-01-21,10401,France,STK002,Coussin en lin,4,21.55,86.2
INV502089,2023-01-21,10401,France,STK006,Cadre photo bois,1,10.94,10.94
INV502089,2023-01-21,10401,France,STK004,Plaid tricote,2,32.6,65.2
INV502090,2023-01-18,10401,France,STK003,Set de tasses ceramique,1,15.19,15.19
INV502091,2023-11-18,10401,France,STK012,Miroir mural rond,5,37.91,189.54999999999998
INV502092,2023-07-16,10402,Spain,STK011,Plateau en bambou,1,21.4,21.4
INV502092,2023-07-16,10402,Spain,STK001,Lampe de bureau design,4,30.8,123.2
INV502092,2023-07-16,10402,Spain,STK011,Plateau en bambou,2,21.46,42.92
INV502092,2023-07-16,10402,Spain,STK004,Plaid tricote,3,24.28,72.84
INV502093,2023-11-12,10402,Spain,STK007,Panier de rangement,2,21.38,42.76
INV502093,2023-11-12,10402,Spain,STK012,Miroir mural rond,2,33.12,66.24
INV502094,2023-10-28,10402,Spain,STK004,Plaid tricote,1,21.87,21.87
INV502094,2023-10-28,10402,Spain,STK007,Panier de rangement,3,24.11,72.33
INV502094,2023-10-28,10402,Spain,STK002,Coussin en lin,4,18.45,73.8
INV502094,2023-10-28,10402,Spain,STK007,Panier de rangement,5,17.63,88.14999999999999
INV502095,2023-04-15,10402,Spain,STK002,Coussin en lin,1,16.93,16.93
INV502096,2023-11-13,10402,Spain,STK006,Cadre photo bois,4,8.76,35.04
INV502096,2023-11-13,10402,Spain,STK001,Lampe de bureau design,1,19.96,19.96
INV502097,2023-10-15,10402,Spain,STK005,Bougie parfumee,1,11.67,11.67
INV502097,2023-10-15,10402,Spain,STK009,Vase en verre,4,18.89,75.56
INV502097,2023-10-15,10402,Spain,STK009,Vase en verre,5,18.27,91.35
INV502097,2023-10-15,10402,Spain,STK004,Plaid tricote,2,28.77,57.54
INV502098,2023-06-19,10402,Spain,STK001,Lampe de bureau design,5,29.77,148.85
INV502098,2023-06-19,10402,Spain,STK002,Coussin en lin,2,12.95,25.9
INV502099,2023-09-11,10402,Spain,STK011,Plateau en bambou,4,26.66,106.64
INV502100,2023-03-12,10402,Spain,STK002,Coussin en lin,1,19.45,19.45
INV502100,2023-03-12,10402,Spain,STK007,Panier de rangement,5,23.92,119.60000000000001
INV502100,2023-03-12,10402,Spain,STK008,Tapis de bain,4,25.18,100.72
INV502100,2023-03-12,10402,Spain,STK012,Miroir mural rond,3,44.99,134.97
INV502101,2023-06-02,10403,Spain,STK007,Panier de rangement,3,23.62,70.86
INV502101,2023-06-02,10403,Spain,STK008,Tapis de bain,4,28.06,112.24
INV502102,2023-10-11,10404,Netherlands,STK012,Miroir mural rond,2,49.75,99.5
INV502102,2023-10-11,10404,Netherlands,STK008,Tapis de bain,1,28.0,28.0
INV502103,2023-08-21,10404,Netherlands,STK001,Lampe de bureau design,4,19.48,77.92
INV502103,2023-08-21,10404,Netherlands,STK012,Miroir mural rond,5,39.75,198.75
INV502103,2023-08-21,10404,Netherlands,STK011,Plateau en bambou,4,25.22,100.88
INV502103,2023-08-21,10404,Netherlands,STK008,Tapis de bain,5,29.66,148.3
INV502104,2023-11-05,10404,Netherlands,STK008,Tapis de bain,4,26.43,105.72
INV502104,2023-11-05,10404,Netherlands,STK012,Miroir mural rond,2,28.11,56.22
INV502105,2023-03-15,10404,Netherlands,STK010,Guirlande lumineuse,3,18.65,55.949999999999996
INV502105,2023-03-15,10404,Netherlands,STK012,Miroir mural rond,3,44.19,132.57
INV502105,2023-03-15,10404,Netherlands,STK003,Set de tasses ceramique,5,16.99,84.94999999999999
INV502105,2023-03-15,10404,Netherlands,STK003,Set de tasses ceramique,2,16.68,33.36
INV502106,2023-10-08,10404,Netherlands,STK006,Cadre photo bois,4,7.89,31.56
INV502106,2023-10-08,10404,Netherlands,STK003,Set de tasses ceramique,5,14.39,71.95
INV502106,2023-10-08,10404,Netherlands,STK010,Guirlande lumineuse,4,14.09,56.36
INV502107,2023-12-01,10404,Netherlands,STK011,Plateau en bambou,4,22.31,89.24
INV502107,2023-12-01,10404,Netherlands,STK011,Plateau en bambou,2,24.53,49.06
INV502107,2023-12-01,10404,Netherlands,STK007,Panier de rangement,4,18.87,75.48
INV502107,2023-12-01,10404,Netherlands,STK012,Miroir mural rond,4,37.82,151.28
INV502108,2023-01-23,10404,Netherlands,STK009,Vase en verre,2,20.72,41.44
INV502109,2023-12-25,10404,Netherlands,STK010,Guirlande lumineuse,2,13.85,27.7
INV502109,2023-12-25,10404,Netherlands,STK005,Bougie parfumee,4,14.65,58.6
INV502109,2023-12-25,10404,Netherlands,STK003,Set de tasses ceramique,2,12.24,24.48
INV502109,2023-12-25,10404,Netherlands,STK006,Cadre photo bois,4,8.87,35.48
INV502110,2023-02-12,10404,Netherlands,STK006,Cadre photo bois,3,7.07,21.21
INV502110,2023-02-12,10404,Netherlands,STK008,Tapis de bain,2,24.8,49.6
INV502111,2023-10-23,10404,Netherlands,STK006,Cadre photo bois,1,8.31,8.31
INV502112,2023-08-27,10404,Netherlands,STK003,Set de tasses ceramique,1,15.5,15.5
INV502112,2023-08-27,10404,Netherlands,STK008,Tapis de bain,3,22.2,66.6
INV502112,2023-08-27,10404,Netherlands,STK010,Guirlande lumineuse,2,15.36,30.72
INV502113,2023-03-27,10405,Spain,STK005,Bougie parfumee,1,13.66,13.66
INV502113,2023-03-27,10405,Spain,STK009,Vase en verre,2,21.61,43.22
INV502113,2023-03-27,10405,Spain,STK006,Cadre photo bois,2,11.28,22.56
INV502114,2023-09-02,10405,Spain,STK010,Guirlande lumineuse,5,12.43,62.15
INV502114,2023-09-02,10405,Spain,STK003,Set de tasses ceramique,5,14.94,74.7
INV502115,2023-08-30,10405,Spain,STK001,Lampe de bureau design,5,26.42,132.10000000000002
INV502116,2023-02-13,10405,Spain,STK006,Cadre photo bois,4,9.56,38.24
INV502116,2023-02-13,10405,Spain,STK002,Coussin en lin,4,17.02,68.08
INV502116,2023-02-13,10405,Spain,STK001,Lampe de bureau design,4,29.86,119.44
INV502117,2023-09-17,10405,Spain,STK009,Vase en verre,5,17.46,87.30000000000001
INV502117,2023-09-17,10405,Spain,STK001,Lampe de bureau design,3,24.18,72.53999999999999
INV502117,2023-09-17,10405,Spain,STK009,Vase en verre,4,19.8,79.2
INV502117,2023-09-17,10405,Spain,STK004,Plaid tricote,5,35.52,177.60000000000002
INV502118,2023-10-25,10406,Belgium,STK001,Lampe de bureau design,4,23.91,95.64
INV502118,2023-10-25,10406,Belgium,STK002,Coussin en lin,3,17.72,53.16
INV502118,2023-10-25,10406,Belgium,STK003,Set de tasses ceramique,5,15.03,75.14999999999999
INV502119,2023-07-24,10406,Belgium,STK011,Plateau en bambou,1,23.68,23.68
INV502119,2023-07-24,10406,Belgium,STK002,Coussin en lin,5,17.86,89.3
INV502119,2023-07-24,10406,Belgium,STK010,Guirlande lumineuse,1,8.43,8.43
INV502120,2023-11-27,10406,Belgium,STK009,Vase en verre,5,18.09,90.45
INV502120,2023-11-27,10406,Belgium,STK004,Plaid tricote,2,38.9,77.8
INV502120,2023-11-27,10406,Belgium,STK003,Set de tasses ceramique,4,16.39,65.56
INV502121,2023-12-02,10406,Belgium,STK001,Lampe de bureau design,4,30.47,121.88
INV502121,2023-12-02,10406,Belgium,STK012,Miroir mural rond,4,36.89,147.56
INV502121,2023-12-02,10406,Belgium,STK003,Set de tasses ceramique,1,15.64,15.64
INV502122,2023-11-19,10406,Belgium,STK007,Panier de rangement,2,22.31,44.62
INV502122,2023-11-19,10406,Belgium,STK007,Panier de rangement,4,23.37,93.48
INV502122,2023-11-19,10406,Belgium,STK007,Panier de rangement,5,13.85,69.25
INV502123,2023-09-01,10406,Belgium,STK007,Panier de rangement,1,19.02,19.02
INV502123,2023-09-01,10406,Belgium,STK008,Tapis de bain,1,35.68,35.68
INV502124,2023-05-05,10407,France,STK007,Panier de rangement,1,18.31,18.31
INV502124,2023-05-05,10407,France,STK004,Plaid tricote,3,32.07,96.21000000000001
INV502125,2023-09-06,10407,France,STK009,Vase en verre,2,20.22,40.44
INV502125,2023-09-06,10407,France,STK012,Miroir mural rond,3,45.63,136.89000000000001
INV502126,2023-06-20,10407,France,STK012,Miroir mural rond,3,46.12,138.35999999999999
INV502127,2023-04-22,10407,France,STK010,Guirlande lumineuse,4,12.82,51.28
INV502127,2023-04-22,10407,France,STK005,Bougie parfumee,2,11.24,22.48
INV502127,2023-04-22,10407,France,STK007,Panier de rangement,5,21.74,108.69999999999999
INV502128,2023-08-18,10408,Spain,STK011,Plateau en bambou,1,21.95,21.95
INV502129,2023-01-31,10408,Spain,STK001,Lampe de bureau design,2,23.31,46.62
INV502129,2023-01-31,10408,Spain,STK008,Tapis de bain,1,26.35,26.35
INV502129,2023-01-31,10408,Spain,STK009,Vase en verre,1,20.11,20.11
INV502130,2023-06-18,10409,Germany,STK001,Lampe de bureau design,5,27.25,136.25
INV502130,2023-06-18,10409,Germany,STK007,Panier de rangement,5,22.21,111.05000000000001
INV502131,2023-05-23,10409,Germany,STK001,Lampe de bureau design,3,25.15,75.44999999999999
INV502131,2023-05-23,10409,Germany,STK012,Miroir mural rond,1,41.04,41.04
INV502131,2023-05-23,10409,Germany,STK002,Coussin en lin,2,17.78,35.56
INV502132,2023-07-28,10410,Germany,STK012,Miroir mural rond,3,33.4,100.19999999999999
INV502132,2023-07-28,10410,Germany,STK009,Vase en verre,2,22.1,44.2
INV502133,2023-07-13,10410,Germany,STK012,Miroir mural rond,5,35.93,179.65
INV502134,2023-06-03,10410,Germany,STK011,Plateau en bambou,2,21.62,43.24
INV502134,2023-06-03,10410,Germany,STK003,Set de tasses ceramique,2,13.05,26.1
INV502134,2023-06-03,10410,Germany,STK007,Panier de rangement,2,13.5,27.0
INV502134,2023-06-03,10410,Germany,STK006,Cadre photo bois,4,6.9,27.6
INV502135,2023-07-15,10410,Germany,STK001,Lampe de bureau design,1,27.36,27.36
INV502136,2023-05-23,10410,Germany,STK011,Plateau en bambou,5,24.58,122.89999999999999
INV502137,2023-11-26,10410,Germany,STK012,Miroir mural rond,4,51.39,205.56
INV502138,2023-12-10,10410,Germany,STK010,Guirlande lumineuse,4,11.62,46.48
INV502138,2023-12-10,10410,Germany,STK009,Vase en verre,4,11.36,45.44
INV502138,2023-12-10,10410,Germany,STK005,Bougie parfumee,3,10.32,30.96
INV502138,2023-12-10,10410,Germany,STK007,Panier de rangement,4,14.56,58.24
INV502139,2023-05-10,10411,Germany,STK009,Vase en verre,4,19.51,78.04
INV502139,2023-05-10,10411,Germany,STK009,Vase en verre,4,14.99,59.96
INV502139,2023-05-10,10411,Germany,STK008,Tapis de bain,5,31.45,157.25
INV502139,2023-05-10,10411,Germany,STK011,Plateau en bambou,3,20.17,60.510000000000005
INV502140,2023-05-29,10411,Germany,STK012,Miroir mural rond,2,46.92,93.84
INV502141,2023-09-01,10411,Germany,STK007,Panier de rangement,1,24.23,24.23
INV502141,2023-09-01,10411,Germany,STK010,Guirlande lumineuse,4,16.7,66.8
INV502141,2023-09-01,10411,Germany,STK010,Guirlande lumineuse,5,16.29,81.44999999999999
INV502142,2023-04-09,10411,Germany,STK002,Coussin en lin,2,19.19,38.38
INV502142,2023-04-09,10411,Germany,STK009,Vase en verre,1,17.89,17.89
INV502143,2023-08-05,10411,Germany,STK012,Miroir mural rond,4,48.21,192.84
INV502143,2023-08-05,10411,Germany,STK001,Lampe de bureau design,2,26.16,52.32
INV502144,2023-02-01,10411,Germany,STK002,Coussin en lin,4,19.36,77.44
INV502144,2023-02-01,10411,Germany,STK008,Tapis de bain,4,34.08,136.32
INV502144,2023-02-01,10411,Germany,STK004,Plaid tricote,4,33.85,135.4
INV502144,2023-02-01,10411,Germany,STK012,Miroir mural rond,4,39.11,156.44
INV502145,2023-07-05,10412,Spain,STK011,Plateau en bambou,1,17.15,17.15
INV502146,2023-07-09,10412,Spain,STK005,Bougie parfumee,2,12.36,24.72
INV502146,2023-07-09,10412,Spain,STK003,Set de tasses ceramique,5,17.04,85.19999999999999
INV502146,2023-07-09,10412,Spain,STK002,Coussin en lin,1,20.07,20.07
INV502146,2023-07-09,10412,Spain,STK006,Cadre photo bois,1,7.29,7.29
INV502147,2023-05-06,10412,Spain,STK008,Tapis de bain,2,30.92,61.84
INV502147,2023-05-06,10412,Spain,STK012,Miroir mural rond,2,33.18,66.36
INV502148,2023-10-06,10413,France,STK006,Cadre photo bois,5,11.48,57.400000000000006
INV502148,2023-10-06,10413,France,STK003,Set de tasses ceramique,3,15.02,45.06
INV502148,2023-10-06,10413,France,STK008,Tapis de bain,3,25.82,77.46000000000001
INV502148,2023-10-06,10413,France,STK006,Cadre photo bois,4,12.16,48.64
INV502149,2023-06-12,10413,France,STK001,Lampe de bureau design,1,20.49,20.49
INV502149,2023-06-12,10413,France,STK009,Vase en verre,1,19.27,19.27
INV502149,2023-06-12,10413,France,STK011,Plateau en bambou,3,23.97,71.91
INV502149,2023-06-12,10413,France,STK010,Guirlande lumineuse,1,12.44,12.44
INV502150,2023-10-23,10413,France,STK006,Cadre photo bois,1,10.49,10.49
INV502150,2023-10-23,10413,France,STK009,Vase en verre,2,18.15,36.3
INV502150,2023-10-23,10413,France,STK010,Guirlande lumineuse,3,11.54,34.62
INV502150,2023-10-23,10413,France,STK006,Cadre photo bois,4,8.19,32.76
INV502151,2023-07-06,10413,France,STK008,Tapis de bain,2,32.63,65.26
INV502151,2023-07-06,10413,France,STK001,Lampe de bureau design,3,25.7,77.1
INV502151,2023-07-06,10413,France,STK004,Plaid tricote,2,31.69,63.38
INV502151,2023-07-06,10413,France,STK011,Plateau en bambou,5,17.31,86.55
INV502152,2023-03-13,10414,Germany,STK008,Tapis de bain,5,28.42,142.10000000000002
INV502152,2023-03-13,10414,Germany,STK010,Guirlande lumineuse,1,15.74,15.74
INV502153,2023-02-13,10414,Germany,STK003,Set de tasses ceramique,1,13.65,13.65
INV502153,2023-02-13,10414,Germany,STK006,Cadre photo bois,2,11.57,23.14
INV502153,2023-02-13,10414,Germany,STK009,Vase en verre,1,19.69,19.69
INV502154,2023-01-14,10414,Germany,STK003,Set de tasses ceramique,4,13.18,52.72
INV502154,2023-01-14,10414,Germany,STK007,Panier de rangement,2,19.98,39.96
INV502154,2023-01-14,10414,Germany,STK005,Bougie parfumee,1,14.62,14.62
INV502155,2023-09-30,10414,Germany,STK002,Coussin en lin,5,22.53,112.65
INV502155,2023-09-30,10414,Germany,STK012,Miroir mural rond,5,35.43,177.15
INV502156,2023-01-07,10414,Germany,STK011,Plateau en bambou,3,22.88,68.64
INV502156,2023-01-07,10414,Germany,STK005,Bougie parfumee,4,13.7,54.8
INV502156,2023-01-07,10414,Germany,STK011,Plateau en bambou,5,18.9,94.5
INV502156,2023-01-07,10414,Germany,STK010,Guirlande lumineuse,5,13.66,68.3
INV502157,2023-08-08,10414,Germany,STK012,Miroir mural rond,3,37.85,113.55000000000001
INV502158,2023-11-24,10415,France,STK011,Plateau en bambou,2,23.28,46.56
INV502158,2023-11-24,10415,France,STK003,Set de tasses ceramique,4,15.3,61.2
INV502158,2023-11-24,10415,France,STK001,Lampe de bureau design,3,23.49,70.47
INV502159,2023-02-23,10415,France,STK002,Coussin en lin,4,18.17,72.68
INV502159,2023-02-23,10415,France,STK004,Plaid tricote,4,35.01,140.04
INV502159,2023-02-23,10415,France,STK008,Tapis de bain,1,32.56,32.56
INV502160,2023-01-14,10415,France,STK004,Plaid tricote,1,28.32,28.32
INV502160,2023-01-14,10415,France,STK008,Tapis de bain,1,32.51,32.51
INV502160,2023-01-14,10415,France,STK003,Set de tasses ceramique,1,11.01,11.01
INV502161,2023-05-02,10416,France,STK008,Tapis de bain,4,27.55,110.2
INV502161,2023-05-02,10416,France,STK010,Guirlande lumineuse,4,14.79,59.16
INV502161,2023-05-02,10416,France,STK004,Plaid tricote,4,38.7,154.8
INV502162,2023-05-28,10416,France,STK011,Plateau en bambou,5,23.75,118.75
INV502162,2023-05-28,10416,France,STK007,Panier de rangement,1,18.32,18.32
INV502162,2023-05-28,10416,France,STK012,Miroir mural rond,2,41.51,83.02
INV502162,2023-05-28,10416,France,STK009,Vase en verre,4,20.42,81.68
INV502163,2023-06-06,10417,France,STK003,Set de tasses ceramique,2,15.57,31.14
INV502164,2023-06-14,10417,France,STK001,Lampe de bureau design,2,23.04,46.08
INV502164,2023-06-14,10417,France,STK001,Lampe de bureau design,4,26.71,106.84
INV502164,2023-06-14,10417,France,STK012,Miroir mural rond,1,38.56,38.56
INV502165,2023-02-24,10417,France,STK010,Guirlande lumineuse,2,14.21,28.42
INV502166,2023-01-15,10418,France,STK004,Plaid tricote,1,27.69,27.69
INV502166,2023-01-15,10418,France,STK005,Bougie parfumee,3,15.9,47.7
INV502166,2023-01-15,10418,France,STK009,Vase en verre,4,26.66,106.64
INV502167,2023-01-02,10418,France,STK011,Plateau en bambou,2,22.95,45.9
INV502167,2023-01-02,10418,France,STK008,Tapis de bain,4,25.69,102.76
INV502167,2023-01-02,10418,France,STK007,Panier de rangement,4,20.21,80.84
INV502167,2023-01-02,10418,France,STK004,Plaid tricote,4,39.43,157.72
INV502168,2023-11-03,10418,France,STK006,Cadre photo bois,1,9.43,9.43
INV502169,2023-01-28,10418,France,STK001,Lampe de bureau design,4,20.86,83.44
INV502169,2023-01-28,10418,France,STK007,Panier de rangement,2,22.91,45.82
INV502169,2023-01-28,10418,France,STK011,Plateau en bambou,5,24.72,123.6
INV502170,2023-03-08,10418,France,STK011,Plateau en bambou,1,24.49,24.49
INV502171,2023-09-08,10418,France,STK011,Plateau en bambou,5,27.9,139.5
INV502171,2023-09-08,10418,France,STK004,Plaid tricote,2,35.5,71.0
INV502171,2023-09-08,10418,France,STK010,Guirlande lumineuse,5,13.28,66.39999999999999
INV502172,2023-10-15,10419,France,STK007,Panier de rangement,4,23.69,94.76
INV502172,2023-10-15,10419,France,STK001,Lampe de bureau design,4,20.32,81.28
INV502172,2023-10-15,10419,France,STK009,Vase en verre,5,19.62,98.10000000000001
INV502172,2023-10-15,10419,France,STK008,Tapis de bain,4,29.97,119.88
INV502173,2023-07-02,10419,France,STK003,Set de tasses ceramique,1,16.8,16.8
INV502174,2023-12-11,10419,France,STK001,Lampe de bureau design,2,22.86,45.72
INV502175,2023-06-30,10419,France,STK004,Plaid tricote,3,39.06,117.18
INV502175,2023-06-30,10419,France,STK001,Lampe de bureau design,1,23.68,23.68
INV502175,2023-06-30,10419,France,STK002,Coussin en lin,4,19.09,76.36
INV502176,2023-11-26,10419,France,STK012,Miroir mural rond,1,42.54,42.54
INV502176,2023-11-26,10419,France,STK011,Plateau en bambou,3,22.56,67.67999999999999
INV502176,2023-11-26,10419,France,STK010,Guirlande lumineuse,4,15.16,60.64
INV502177,2023-02-03,10419,France,STK006,Cadre photo bois,5,11.61,58.05
INV502177,2023-02-03,10419,France,STK012,Miroir mural rond,5,39.91,199.54999999999998
INV502177,2023-02-03,10419,France,STK009,Vase en verre,5,18.96,94.80000000000001
INV502178,2023-11-13,10419,France,STK002,Coussin en lin,1,16.91,16.91
INV502179,2023-08-17,10419,France,STK004,Plaid tricote,1,25.6,25.6
INV502179,2023-08-17,10419,France,STK010,Guirlande lumineuse,4,16.95,67.8
INV502179,2023-08-17,10419,France,STK010,Guirlande lumineuse,3,12.22,36.660000000000004
INV502179,2023-08-17,10419,France,STK001,Lampe de bureau design,1,23.09,23.09
INV502180,2023-09-16,10419,France,STK010,Guirlande lumineuse,3,15.49,46.47
INV502180,2023-09-16,10419,France,STK007,Panier de rangement,3,25.24,75.72
INV502180,2023-09-16,10419,France,STK002,Coussin en lin,5,17.04,85.19999999999999
INV502181,2023-09-22,10419,France,STK006,Cadre photo bois,5,10.56,52.800000000000004
INV502181,2023-09-22,10419,France,STK002,Coussin en lin,4,26.15,104.6
INV502182,2023-12-26,10419,France,STK010,Guirlande lumineuse,4,11.65,46.6
INV502183,2023-01-19,10420,France,STK009,Vase en verre,4,16.42,65.68
INV502184,2023-02-23,10421,France,STK001,Lampe de bureau design,5,28.57,142.85
INV502184,2023-02-23,10421,France,STK004,Plaid tricote,1,32.58,32.58
INV502184,2023-02-23,10421,France,STK007,Panier de rangement,4,29.62,118.48
INV502185,2023-02-16,10421,France,STK009,Vase en verre,5,18.92,94.60000000000001
INV502186,2023-07-08,10421,France,STK008,Tapis de bain,4,14.1,56.4
INV502186,2023-07-08,10421,France,STK001,Lampe de bureau design,2,26.78,53.56
INV502186,2023-07-08,10421,France,STK002,Coussin en lin,5,19.84,99.2
INV502187,2023-05-03,10421,France,STK007,Panier de rangement,2,15.73,31.46
INV502187,2023-05-03,10421,France,STK010,Guirlande lumineuse,5,15.77,78.85
INV502188,2023-12-19,10422,Italy,STK008,Tapis de bain,5,28.7,143.5
INV502188,2023-12-19,10422,Italy,STK008,Tapis de bain,2,25.26,50.52
INV502188,2023-12-19,10422,Italy,STK006,Cadre photo bois,3,8.81,26.43
INV502189,2023-06-04,10422,Italy,STK011,Plateau en bambou,1,24.26,24.26
INV502189,2023-06-04,10422,Italy,STK006,Cadre photo bois,2,8.93,17.86
INV502189,2023-06-04,10422,Italy,STK005,Bougie parfumee,1,9.42,9.42
INV502190,2023-10-15,10422,Italy,STK003,Set de tasses ceramique,3,11.68,35.04
INV502191,2023-12-22,10422,Italy,STK004,Plaid tricote,1,35.51,35.51
INV502192,2023-09-04,10422,Italy,STK008,Tapis de bain,2,20.89,41.78
INV502192,2023-09-04,10422,Italy,STK004,Plaid tricote,4,32.62,130.48
INV502193,2023-06-01,10422,Italy,STK007,Panier de rangement,2,24.79,49.58
INV502193,2023-06-01,10422,Italy,STK004,Plaid tricote,5,31.01,155.05
INV502194,2023-12-26,10422,Italy,STK012,Miroir mural rond,2,36.42,72.84
INV502194,2023-12-26,10422,Italy,STK001,Lampe de bureau design,2,26.24,52.48
INV502195,2023-05-21,10422,Italy,STK012,Miroir mural rond,2,38.91,77.82
INV502195,2023-05-21,10422,Italy,STK005,Bougie parfumee,1,9.11,9.11
INV502195,2023-05-21,10422,Italy,STK009,Vase en verre,1,22.77,22.77
INV502196,2023-10-20,10422,Italy,STK002,Coussin en lin,1,20.04,20.04
INV502196,2023-10-20,10422,Italy,STK007,Panier de rangement,2,21.94,43.88
INV502196,2023-10-20,10422,Italy,STK010,Guirlande lumineuse,1,14.77,14.77
INV502196,2023-10-20,10422,Italy,STK001,Lampe de bureau design,4,16.03,64.12
INV502197,2023-09-13,10422,Italy,STK008,Tapis de bain,2,28.01,56.02
INV502197,2023-09-13,10422,Italy,STK005,Bougie parfumee,4,16.23,64.92
INV502197,2023-09-13,10422,Italy,STK008,Tapis de bain,5,31.24,156.2
INV502198,2023-08-21,10422,Italy,STK003,Set de tasses ceramique,3,18.66,55.980000000000004
INV502198,2023-08-21,10422,Italy,STK001,Lampe de bureau design,4,29.27,117.08
INV502198,2023-08-21,10422,Italy,STK004,Plaid tricote,4,30.28,121.12
INV502198,2023-08-21,10422,Italy,STK004,Plaid tricote,5,25.64,128.2
INV502199,2023-11-05,10422,Italy,STK010,Guirlande lumineuse,1,12.3,12.3
INV502200,2023-12-12,10422,Italy,STK012,Miroir mural rond,3,40.26,120.78
INV502200,2023-12-12,10422,Italy,STK002,Coussin en lin,1,19.04,19.04
INV502200,2023-12-12,10422,Italy,STK003,Set de tasses ceramique,1,16.88,16.88
INV502201,2023-12-19,10422,Italy,STK001,Lampe de bureau design,4,19.33,77.32
INV502202,2023-11-06,10422,Italy,STK012,Miroir mural rond,2,42.3,84.6
INV502202,2023-11-06,10422,Italy,STK007,Panier de rangement,2,25.98,51.96
INV502202,2023-11-06,10422,Italy,STK007,Panier de rangement,4,19.95,79.8
INV502202,2023-11-06,10422,Italy,STK012,Miroir mural rond,2,30.59,61.18
INV502203,2023-03-24,10423,Germany,STK003,Set de tasses ceramique,3,15.74,47.22
INV502203,2023-03-24,10423,Germany,STK011,Plateau en bambou,1,18.03,18.03
INV502203,2023-03-24,10423,Germany,STK001,Lampe de bureau design,1,28.06,28.06
INV502203,2023-03-24,10423,Germany,STK003,Set de tasses ceramique,1,18.23,18.23
INV502204,2023-02-05,10423,Germany,STK011,Plateau en bambou,4,26.99,107.96
INV502204,2023-02-05,10423,Germany,STK010,Guirlande lumineuse,5,12.5,62.5
INV502204,2023-02-05,10423,Germany,STK006,Cadre photo bois,2,12.45,24.9
INV502204,2023-02-05,10423,Germany,STK002,Coussin en lin,1,21.84,21.84
INV502205,2023-05-22,10423,Germany,STK005,Bougie parfumee,5,14.65,73.25
INV502205,2023-05-22,10423,Germany,STK011,Plateau en bambou,1,22.54,22.54
INV502206,2023-03-01,10423,Germany,STK002,Coussin en lin,2,15.81,31.62
INV502206,2023-03-01,10423,Germany,STK006,Cadre photo bois,3,9.76,29.28
INV502206,2023-03-01,10423,Germany,STK002,Coussin en lin,5,17.39,86.95
INV502207,2023-06-12,10423,Germany,STK008,Tapis de bain,1,31.18,31.18
INV502208,2023-05-04,10424,Germany,STK007,Panier de rangement,2,24.11,48.22
INV502208,2023-05-04,10424,Germany,STK005,Bougie parfumee,4,9.69,38.76
INV502208,2023-05-04,10424,Germany,STK012,Miroir mural rond,5,46.45,232.25
INV502208,2023-05-04,10424,Germany,STK010,Guirlande lumineuse,1,17.45,17.45
INV502209,2023-02-02,10424,Germany,STK007,Panier de rangement,5,21.31,106.55
INV502209,2023-02-02,10424,Germany,STK007,Panier de rangement,4,23.37,93.48
INV502210,2023-07-30,10424,Germany,STK006,Cadre photo bois,4,10.45,41.8
INV502210,2023-07-30,10424,Germany,STK006,Cadre photo bois,5,10.88,54.400000000000006
INV502210,2023-07-30,10424,Germany,STK011,Plateau en bambou,4,26.14,104.56
INV502210,2023-07-30,10424,Germany,STK010,Guirlande lumineuse,5,12.96,64.80000000000001
INV502211,2023-03-16,10424,Germany,STK001,Lampe de bureau design,2,21.69,43.38
INV502212,2023-11-14,10424,Germany,STK012,Miroir mural rond,3,25.51,76.53
INV502212,2023-11-14,10424,Germany,STK004,Plaid tricote,4,33.87,135.48
INV502213,2023-05-29,10424,Germany,STK005,Bougie parfumee,3,13.31,39.93
INV502213,2023-05-29,10424,Germany,STK012,Miroir mural rond,5,40.59,202.95000000000002
INV502214,2023-05-08,10424,Germany,STK011,Plateau en bambou,2,21.68,43.36
INV502214,2023-05-08,10424,Germany,STK005,Bougie parfumee,3,12.56,37.68
INV502214,2023-05-08,10424,Germany,STK004,Plaid tricote,4,29.2,116.8
INV502214,2023-05-08,10424,Germany,STK007,Panier de rangement,5,23.67,118.35000000000001
INV502215,2023-12-10,10424,Germany,STK009,Vase en verre,2,16.77,33.54
INV502215,2023-12-10,10424,Germany,STK002,Coussin en lin,4,14.69,58.76
INV502215,2023-12-10,10424,Germany,STK011,Plateau en bambou,1,21.34,21.34
INV502216,2023-06-11,10424,Germany,STK002,Coussin en lin,3,22.19,66.57000000000001
INV502216,2023-06-11,10424,Germany,STK011,Plateau en bambou,3,25.56,76.67999999999999
INV502216,2023-06-11,10424,Germany,STK003,Set de tasses ceramique,2,16.96,33.92
INV502216,2023-06-11,10424,Germany,STK012,Miroir mural rond,5,39.1,195.5
INV502217,2023-06-20,10424,Germany,STK007,Panier de rangement,2,22.81,45.62
INV502217,2023-06-20,10424,Germany,STK009,Vase en verre,4,15.49,61.96
INV502218,2023-09-03,10424,Germany,STK008,Tapis de bain,5,16.58,82.89999999999999
INV502218,2023-09-03,10424,Germany,STK006,Cadre photo bois,3,8.71,26.130000000000003
INV502218,2023-09-03,10424,Germany,STK002,Coussin en lin,5,11.06,55.300000000000004
INV502218,2023-09-03,10424,Germany,STK001,Lampe de bureau design,5,23.65,118.25
INV502219,2023-08-29,10424,Germany,STK002,Coussin en lin,4,19.85,79.4
INV502219,2023-08-29,10424,Germany,STK003,Set de tasses ceramique,4,19.86,79.44
INV502219,2023-08-29,10424,Germany,STK006,Cadre photo bois,1,10.34,10.34
INV502219,2023-08-29,10424,Germany,STK009,Vase en verre,3,17.89,53.67
INV502220,2023-06-07,10424,Germany,STK011,Plateau en bambou,1,26.12,26.12
INV502220,2023-06-07,10424,Germany,STK001,Lampe de bureau design,3,26.57,79.71000000000001
INV502221,2023-09-22,10424,Germany,STK003,Set de tasses ceramique,3,11.44,34.32
INV502221,2023-09-22,10424,Germany,STK001,Lampe de bureau design,4,23.47,93.88
INV502221,2023-09-22,10424,Germany,STK010,Guirlande lumineuse,2,13.74,27.48
INV502222,2023-05-03,10424,Germany,STK006,Cadre photo bois,5,10.75,53.75
INV502222,2023-05-03,10424,Germany,STK001,Lampe de bureau design,3,26.76,80.28
INV502222,2023-05-03,10424,Germany,STK005,Bougie parfumee,2,16.31,32.62
INV502223,2023-10-07,10424,Germany,STK005,Bougie parfumee,4,14.35,57.4
INV502223,2023-10-07,10424,Germany,STK006,Cadre photo bois,3,7.51,22.53
INV502223,2023-10-07,10424,Germany,STK002,Coussin en lin,1,18.78,18.78
INV502223,2023-10-07,10424,Germany,STK012,Miroir mural rond,4,37.68,150.72
INV502224,2023-06-12,10424,Germany,STK005,Bougie parfumee,2,13.5,27.0
INV502225,2023-05-07,10424,Germany,STK004,Plaid tricote,3,32.66,97.97999999999999
INV502225,2023-05-07,10424,Germany,STK003,Set de tasses ceramique,3,11.68,35.04
INV502225,2023-05-07,10424,Germany,STK009,Vase en verre,1,24.22,24.22
INV502226,2023-06-23,10424,Germany,STK012,Miroir mural rond,4,52.3,209.2
INV502226,2023-06-23,10424,Germany,STK006,Cadre photo bois,3,8.51,25.53
INV502226,2023-06-23,10424,Germany,STK007,Panier de rangement,2,18.77,37.54
INV502226,2023-06-23,10424,Germany,STK010,Guirlande lumineuse,2,14.11,28.22
INV502227,2023-07-10,10425,Portugal,STK003,Set de tasses ceramique,5,16.11,80.55
INV502227,2023-07-10,10425,Portugal,STK005,Bougie parfumee,1,12.44,12.44
INV502227,2023-07-10,10425,Portugal,STK009,Vase en verre,1,21.58,21.58
INV502227,2023-07-10,10425,Portugal,STK012,Miroir mural rond,2,40.23,80.46
INV502228,2023-01-08,10425,Portugal,STK010,Guirlande lumineuse,4,15.29,61.16
INV502229,2023-01-28,10425,Portugal,STK001,Lampe de bureau design,1,21.74,21.74
INV502229,2023-01-28,10425,Portugal,STK012,Miroir mural rond,5,34.01,170.04999999999998
INV502229,2023-01-28,10425,Portugal,STK001,Lampe de bureau design,1,24.14,24.14
INV502229,2023-01-28,10425,Portugal,STK002,Coussin en lin,1,19.98,19.98
INV502230,2023-04-11,10425,Portugal,STK004,Plaid tricote,1,30.87,30.87
INV502230,2023-04-11,10425,Portugal,STK002,Coussin en lin,5,23.13,115.64999999999999
INV502231,2023-10-29,10426,France,STK005,Bougie parfumee,1,10.91,10.91
INV502231,2023-10-29,10426,France,STK008,Tapis de bain,1,29.18,29.18
INV502231,2023-10-29,10426,France,STK007,Panier de rangement,4,22.67,90.68
INV502232,2023-04-24,10427,France,STK007,Panier de rangement,3,18.1,54.300000000000004
INV502233,2023-01-16,10427,France,STK005,Bougie parfumee,2,11.35,22.7
INV502233,2023-01-16,10427,France,STK007,Panier de rangement,5,21.08,105.39999999999999
INV502233,2023-01-16,10427,France,STK006,Cadre photo bois,5,8.99,44.95
INV502234,2023-07-17,10427,France,STK004,Plaid tricote,5,34.72,173.6
INV502235,2023-07-27,10428,France,STK008,Tapis de bain,1,33.6,33.6
INV502235,2023-07-27,10428,France,STK002,Coussin en lin,1,13.89,13.89
INV502236,2023-05-09,10428,France,STK007,Panier de rangement,3,22.02,66.06
INV502236,2023-05-09,10428,France,STK007,Panier de rangement,3,18.26,54.78
INV502237,2023-01-29,10428,France,STK003,Set de tasses ceramique,3,13.84,41.519999999999996
INV502238,2023-08-22,10428,France,STK003,Set de tasses ceramique,2,18.61,37.22
INV502239,2023-09-29,10428,France,STK004,Plaid tricote,1,24.83,24.83
INV502239,2023-09-29,10428,France,STK010,Guirlande lumineuse,3,14.54,43.62
INV502240,2023-07-15,10428,France,STK008,Tapis de bain,3,23.92,71.76
INV502241,2023-09-16,10429,France,STK010,Guirlande lumineuse,1,10.98,10.98
INV502241,2023-09-16,10429,France,STK010,Guirlande lumineuse,3,15.76,47.28
INV502241,2023-09-16,10429,France,STK009,Vase en verre,5,18.51,92.55000000000001
INV502241,2023-09-16,10429,France,STK010,Guirlande lumineuse,2,12.46,24.92
INV502242,2023-07-05,10429,France,STK003,Set de tasses ceramique,5,16.06,80.3
INV502243,2023-05-01,10429,France,STK001,Lampe de bureau design,4,23.57,94.28
INV502244,2023-03-04,10430,Netherlands,STK009,Vase en verre,4,21.16,84.64
INV502244,2023-03-04,10430,Netherlands,STK010,Guirlande lumineuse,4,13.56,54.24
INV502244,2023-03-04,10430,Netherlands,STK004,Plaid tricote,4,34.45,137.8
INV502244,2023-03-04,10430,Netherlands,STK004,Plaid tricote,4,27.29,109.16
INV502245,2023-06-11,10430,Netherlands,STK007,Panier de rangement,3,24.52,73.56
INV502245,2023-06-11,10430,Netherlands,STK005,Bougie parfumee,1,12.56,12.56
INV502245,2023-06-11,10430,Netherlands,STK002,Coussin en lin,5,19.12,95.60000000000001
INV502246,2023-04-20,10430,Netherlands,STK011,Plateau en bambou,2,11.92,23.84
INV502247,2023-09-19,10430,Netherlands,STK012,Miroir mural rond,2,33.25,66.5
INV502248,2023-02-09,10430,Netherlands,STK002,Coussin en lin,1,15.48,15.48
INV502248,2023-02-09,10430,Netherlands,STK001,Lampe de bureau design,1,24.21,24.21
INV502249,2023-01-26,10430,Netherlands,STK011,Plateau en bambou,1,23.02,23.02
INV502249,2023-01-26,10430,Netherlands,STK004,Plaid tricote,3,34.63,103.89000000000001
INV502249,2023-01-26,10430,Netherlands,STK011,Plateau en bambou,2,23.29,46.58
INV502250,2023-01-18,10430,Netherlands,STK007,Panier de rangement,4,19.73,78.92
INV502250,2023-01-18,10430,Netherlands,STK008,Tapis de bain,5,30.55,152.75
INV502250,2023-01-18,10430,Netherlands,STK005,Bougie parfumee,1,16.15,16.15
INV502251,2023-02-20,10430,Netherlands,STK003,Set de tasses ceramique,2,9.96,19.92
INV502251,2023-02-20,10430,Netherlands,STK009,Vase en verre,4,21.14,84.56
INV502252,2023-06-23,10431,France,STK001,Lampe de bureau design,3,24.72,74.16
INV502252,2023-06-23,10431,France,STK008,Tapis de bain,4,29.61,118.44
INV502253,2023-08-10,10431,France,STK011,Plateau en bambou,5,20.8,104.0
INV502253,2023-08-10,10431,France,STK001,Lampe de bureau design,1,22.04,22.04
INV502253,2023-08-10,10431,France,STK003,Set de tasses ceramique,5,10.04,50.199999999999996
INV502254,2023-05-03,10431,France,STK006,Cadre photo bois,1,12.01,12.01
INV502254,2023-05-03,10431,France,STK001,Lampe de bureau design,4,23.63,94.52
INV502254,2023-05-03,10431,France,STK011,Plateau en bambou,4,16.92,67.68
INV502254,2023-05-03,10431,France,STK011,Plateau en bambou,1,22.89,22.89
INV502255,2023-12-30,10431,France,STK008,Tapis de bain,5,25.4,127.0
INV502255,2023-12-30,10431,France,STK006,Cadre photo bois,5,10.06,50.300000000000004
INV502255,2023-12-30,10431,France,STK005,Bougie parfumee,3,10.19,30.57
INV502256,2023-12-14,10431,France,STK010,Guirlande lumineuse,3,15.1,45.3
INV502256,2023-12-14,10431,France,STK009,Vase en verre,5,20.78,103.9
INV502256,2023-12-14,10431,France,STK003,Set de tasses ceramique,2,12.14,24.28
INV502256,2023-12-14,10431,France,STK009,Vase en verre,3,18.98,56.94
INV502257,2023-08-18,10431,France,STK006,Cadre photo bois,4,8.22,32.88
INV502257,2023-08-18,10431,France,STK002,Coussin en lin,2,24.91,49.82
INV502257,2023-08-18,10431,France,STK012,Miroir mural rond,1,38.21,38.21
INV502258,2023-08-10,10431,France,STK008,Tapis de bain,2,28.65,57.3
INV502258,2023-08-10,10431,France,STK010,Guirlande lumineuse,4,9.84,39.36
INV502259,2023-07-12,10431,France,STK004,Plaid tricote,1,23.51,23.51
INV502259,2023-07-12,10431,France,STK006,Cadre photo bois,3,11.08,33.24
INV502260,2023-09-13,10432,Germany,STK007,Panier de rangement,2,22.7,45.4
INV502260,2023-09-13,10432,Germany,STK008,Tapis de bain,4,34.53,138.12
INV502260,2023-09-13,10432,Germany,STK008,Tapis de bain,2,33.83,67.66
INV502260,2023-09-13,10432,Germany,STK006,Cadre photo bois,2,10.64,21.28
INV502261,2023-03-04,10432,Germany,STK008,Tapis de bain,5,33.37,166.85
INV502262,2023-01-01,10432,Germany,STK002,Coussin en lin,1,20.71,20.71
INV502262,2023-01-01,10432,Germany,STK010,Guirlande lumineuse,4,13.9,55.6
INV502262,2023-01-01,10432,Germany,STK001,Lampe de bureau design,4,25.58,102.32
INV502263,2023-12-26,10433,Italy,STK006,Cadre photo bois,3,9.26,27.78
INV502263,2023-12-26,10433,Italy,STK008,Tapis de bain,4,28.38,113.52
INV502263,2023-12-26,10433,Italy,STK008,Tapis de bain,4,28.68,114.72
INV502264,2023-12-20,10433,Italy,STK007,Panier de rangement,4,21.77,87.08
INV502264,2023-12-20,10433,Italy,STK004,Plaid tricote,2,36.86,73.72
INV502264,2023-12-20,10433,Italy,STK001,Lampe de bureau design,2,28.17,56.34
INV502264,2023-12-20,10433,Italy,STK003,Set de tasses ceramique,5,16.73,83.65
INV502265,2023-05-11,10434,France,STK008,Tapis de bain,5,28.89,144.45
INV502265,2023-05-11,10434,France,STK001,Lampe de bureau design,2,26.28,52.56
INV502265,2023-05-11,10434,France,STK011,Plateau en bambou,3,16.12,48.36
INV502265,2023-05-11,10434,France,STK001,Lampe de bureau design,2,32.82,65.64
INV502266,2023-11-24,10434,France,STK007,Panier de rangement,2,17.46,34.92
INV502266,2023-11-24,10434,France,STK010,Guirlande lumineuse,5,14.11,70.55
INV502266,2023-11-24,10434,France,STK012,Miroir mural rond,4,31.95,127.8
INV502267,2023-01-19,10434,France,STK003,Set de tasses ceramique,1,15.53,15.53
INV502267,2023-01-19,10434,France,STK007,Panier de rangement,2,20.88,41.76
INV502268,2023-01-06,10434,France,STK003,Set de tasses ceramique,2,13.81,27.62
INV502268,2023-01-06,10434,France,STK002,Coussin en lin,1,15.87,15.87
INV502268,2023-01-06,10434,France,STK005,Bougie parfumee,4,12.13,48.52
INV502268,2023-01-06,10434,France,STK006,Cadre photo bois,1,9.2,9.2
INV502269,2023-07-29,10434,France,STK004,Plaid tricote,2,33.83,67.66
INV502269,2023-07-29,10434,France,STK007,Panier de rangement,5,20.79,103.94999999999999
INV502269,2023-07-29,10434,France,STK003,Set de tasses ceramique,3,14.63,43.89
INV502270,2023-07-19,10434,France,STK005,Bougie parfumee,5,8.18,40.9
INV502270,2023-07-19,10434,France,STK001,Lampe de bureau design,1,28.92,28.92
INV502271,2023-12-29,10435,Spain,STK003,Set de tasses ceramique,2,14.88,29.76
INV502272,2023-12-19,10435,Spain,STK009,Vase en verre,4,16.7,66.8
INV502273,2023-12-03,10435,Spain,STK003,Set de tasses ceramique,1,13.48,13.48
INV502273,2023-12-03,10435,Spain,STK012,Miroir mural rond,3,33.93,101.78999999999999
INV502273,2023-12-03,10435,Spain,STK004,Plaid tricote,5,33.05,165.25
INV502273,2023-12-03,10435,Spain,STK009,Vase en verre,4,20.53,82.12
INV502274,2023-12-14,10435,Spain,STK008,Tapis de bain,5,28.98,144.9
INV502275,2023-03-16,10435,Spain,STK002,Coussin en lin,3,19.33,57.989999999999995
INV502275,2023-03-16,10435,Spain,STK004,Plaid tricote,1,23.66,23.66
INV502275,2023-03-16,10435,Spain,STK012,Miroir mural rond,5,45.48,227.39999999999998
INV502276,2023-02-04,10435,Spain,STK005,Bougie parfumee,5,9.8,49.0
INV502276,2023-02-04,10435,Spain,STK003,Set de tasses ceramique,2,15.76,31.52
INV502276,2023-02-04,10435,Spain,STK004,Plaid tricote,3,30.36,91.08
INV502277,2023-03-13,10435,Spain,STK007,Panier de rangement,2,23.06,46.12
INV502278,2023-10-10,10435,Spain,STK001,Lampe de bureau design,4,28.58,114.32
INV502278,2023-10-10,10435,Spain,STK007,Panier de rangement,4,23.66,94.64
INV502278,2023-10-10,10435,Spain,STK002,Coussin en lin,2,15.69,31.38
INV502278,2023-10-10,10435,Spain,STK007,Panier de rangement,3,22.97,68.91
INV502279,2023-02-01,10435,Spain,STK005,Bougie parfumee,2,12.81,25.62
INV502279,2023-02-01,10435,Spain,STK004,Plaid tricote,1,31.36,31.36
INV502280,2023-10-09,10436,France,STK002,Coussin en lin,3,16.41,49.230000000000004
INV502280,2023-10-09,10436,France,STK008,Tapis de bain,1,22.34,22.34
INV502280,2023-10-09,10436,France,STK004,Plaid tricote,2,31.08,62.16
INV502281,2023-10-31,10436,France,STK012,Miroir mural rond,5,37.39,186.95
INV502281,2023-10-31,10436,France,STK010,Guirlande lumineuse,1,16.27,16.27
INV502281,2023-10-31,10436,France,STK002,Coussin en lin,5,19.21,96.05000000000001
INV502282,2023-09-22,10436,France,STK012,Miroir mural rond,3,36.95,110.85000000000001
INV502282,2023-09-22,10436,France,STK007,Panier de rangement,5,21.15,105.75
INV502283,2023-08-13,10437,France,STK003,Set de tasses ceramique,3,15.23,45.69
INV502283,2023-08-13,10437,France,STK011,Plateau en bambou,5,19.68,98.4
INV502283,2023-08-13,10437,France,STK010,Guirlande lumineuse,4,11.55,46.2
INV502284,2023-01-09,10437,France,STK009,Vase en verre,5,12.29,61.449999999999996
INV502284,2023-01-09,10437,France,STK001,Lampe de bureau design,2,28.54,57.08
INV502284,2023-01-09,10437,France,STK003,Set de tasses ceramique,4,17.33,69.32
INV502284,2023-01-09,10437,France,STK001,Lampe de bureau design,1,20.59,20.59
INV502285,2023-02-18,10437,France,STK007,Panier de rangement,4,18.02,72.08
INV502285,2023-02-18,10437,France,STK009,Vase en verre,3,16.91,50.730000000000004
INV502286,2023-01-31,10437,France,STK010,Guirlande lumineuse,3,13.32,39.96
INV502286,2023-01-31,10437,France,STK003,Set de tasses ceramique,2,13.48,26.96
INV502287,2023-09-23,10437,France,STK012,Miroir mural rond,4,38.43,153.72
INV502287,2023-09-23,10437,France,STK008,Tapis de bain,5,23.88,119.39999999999999
INV502287,2023-09-23,10437,France,STK011,Plateau en bambou,3,18.06,54.17999999999999
INV502287,2023-09-23,10437,France,STK007,Panier de rangement,3,21.15,63.449999999999996
INV502288,2023-01-20,10437,France,STK005,Bougie parfumee,2,10.34,20.68
INV502288,2023-01-20,10437,France,STK006,Cadre photo bois,2,9.63,19.26
INV502288,2023-01-20,10437,France,STK001,Lampe de bureau design,2,31.26,62.52
INV502288,2023-01-20,10437,France,STK012,Miroir mural rond,5,42.48,212.39999999999998
INV502289,2023-08-31,10437,France,STK002,Coussin en lin,5,20.8,104.0
INV502289,2023-08-31,10437,France,STK011,Plateau en bambou,1,24.09,24.09
INV502290,2023-08-15,10438,France,STK011,Plateau en bambou,1,20.84,20.84
INV502290,2023-08-15,10438,France,STK002,Coussin en lin,2,17.95,35.9
INV502290,2023-08-15,10438,France,STK003,Set de tasses ceramique,1,16.41,16.41
INV502290,2023-08-15,10438,France,STK001,Lampe de bureau design,2,31.28,62.56
INV502291,2023-06-25,10439,France,STK003,Set de tasses ceramique,2,13.9,27.8
INV502292,2023-03-22,10439,France,STK012,Miroir mural rond,3,48.15,144.45
INV502292,2023-03-22,10439,France,STK006,Cadre photo bois,4,8.27,33.08
INV502293,2023-04-21,10439,France,STK010,Guirlande lumineuse,2,15.58,31.16
INV502294,2023-12-07,10439,France,STK003,Set de tasses ceramique,5,19.76,98.80000000000001
INV502294,2023-12-07,10439,France,STK007,Panier de rangement,1,27.24,27.24
INV502294,2023-12-07,10439,France,STK012,Miroir mural rond,3,47.88,143.64000000000001
INV502295,2023-04-07,10439,France,STK010,Guirlande lumineuse,2,13.59,27.18
INV502296,2023-04-30,10439,France,STK004,Plaid tricote,4,26.78,107.12
INV502296,2023-04-30,10439,France,STK011,Plateau en bambou,5,23.95,119.75
INV502296,2023-04-30,10439,France,STK010,Guirlande lumineuse,1,14.22,14.22
INV502296,2023-04-30,10439,France,STK009,Vase en verre,4,24.76,99.04
INV502297,2023-09-10,10439,France,STK008,Tapis de bain,5,37.0,185.0
INV502297,2023-09-10,10439,France,STK001,Lampe de bureau design,3,22.75,68.25
INV502297,2023-09-10,10439,France,STK005,Bougie parfumee,1,13.33,13.33
INV502298,2023-07-02,10439,France,STK011,Plateau en bambou,1,21.74,21.74
INV502298,2023-07-02,10439,France,STK002,Coussin en lin,2,21.02,42.04
INV502299,2023-02-02,10439,France,STK003,Set de tasses ceramique,3,12.49,37.47
INV502300,2023-07-19,10439,France,STK001,Lampe de bureau design,4,20.53,82.12
INV502301,2023-06-20,10440,France,STK004,Plaid tricote,1,39.41,39.41
INV502301,2023-06-20,10440,France,STK010,Guirlande lumineuse,2,11.63,23.26
INV502301,2023-06-20,10440,France,STK006,Cadre photo bois,5,12.9,64.5
INV502302,2023-08-25,10440,France,STK003,Set de tasses ceramique,4,12.52,50.08
INV502302,2023-08-25,10440,France,STK011,Plateau en bambou,3,23.8,71.4
INV502303,2023-03-28,10440,France,STK001,Lampe de bureau design,5,23.05,115.25
INV502304,2023-11-05,10441,France,STK007,Panier de rangement,1,24.1,24.1
INV502304,2023-11-05,10441,France,STK001,Lampe de bureau design,3,22.93,68.78999999999999
INV502304,2023-11-05,10441,France,STK007,Panier de rangement,5,22.31,111.55
INV502304,2023-11-05,10441,France,STK004,Plaid tricote,3,24.96,74.88
INV502305,2023-07-12,10441,France,STK009,Vase en verre,2,21.01,42.02
INV502305,2023-07-12,10441,France,STK007,Panier de rangement,3,25.08,75.24
INV502305,2023-07-12,10441,France,STK007,Panier de rangement,3,23.96,71.88
INV502305,2023-07-12,10441,France,STK007,Panier de rangement,5,22.1,110.5
INV502306,2023-05-10,10441,France,STK001,Lampe de bureau design,3,27.67,83.01
INV502306,2023-05-10,10441,France,STK001,Lampe de bureau design,4,27.22,108.88
INV502306,2023-05-10,10441,France,STK012,Miroir mural rond,2,42.71,85.42
INV502307,2023-06-06,10441,France,STK005,Bougie parfumee,3,13.18,39.54
INV502308,2023-04-25,10441,France,STK001,Lampe de bureau design,3,28.2,84.6
INV502308,2023-04-25,10441,France,STK011,Plateau en bambou,5,27.28,136.4
INV502308,2023-04-25,10441,France,STK008,Tapis de bain,4,26.59,106.36
INV502309,2023-12-21,10441,France,STK004,Plaid tricote,3,33.81,101.43
INV502309,2023-12-21,10441,France,STK009,Vase en verre,5,23.5,117.5
INV502310,2023-11-27,10441,France,STK004,Plaid tricote,3,35.59,106.77000000000001
INV502310,2023-11-27,10441,France,STK001,Lampe de bureau design,1,27.03,27.03
INV502311,2023-02-22,10441,France,STK004,Plaid tricote,1,41.8,41.8
INV502311,2023-02-22,10441,France,STK006,Cadre photo bois,4,10.59,42.36
INV502311,2023-02-22,10441,France,STK008,Tapis de bain,3,31.19,93.57000000000001
INV502312,2023-02-24,10442,Portugal,STK004,Plaid tricote,3,31.83,95.49
INV502312,2023-02-24,10442,Portugal,STK010,Guirlande lumineuse,2,14.72,29.44
INV502312,2023-02-24,10442,Portugal,STK001,Lampe de bureau design,4,29.28,117.12
INV502313,2023-12-20,10442,Portugal,STK009,Vase en verre,2,18.0,36.0
INV502313,2023-12-20,10442,Portugal,STK009,Vase en verre,4,23.09,92.36
INV502314,2023-10-07,10442,Portugal,STK006,Cadre photo bois,1,7.59,7.59
INV502314,2023-10-07,10442,Portugal,STK007,Panier de rangement,3,27.55,82.65
INV502315,2023-12-02,10442,Portugal,STK001,Lampe de bureau design,3,19.01,57.03
INV502316,2023-09-15,10442,Portugal,STK008,Tapis de bain,1,25.17,25.17
INV502317,2023-06-23,10442,Portugal,STK002,Coussin en lin,2,15.55,31.1
INV502317,2023-06-23,10442,Portugal,STK008,Tapis de bain,3,26.66,79.98
INV502317,2023-06-23,10442,Portugal,STK012,Miroir mural rond,2,43.86,87.72
INV502317,2023-06-23,10442,Portugal,STK008,Tapis de bain,2,28.1,56.2
INV502318,2023-08-12,10442,Portugal,STK006,Cadre photo bois,1,9.85,9.85
INV502318,2023-08-12,10442,Portugal,STK012,Miroir mural rond,5,28.4,142.0
INV502318,2023-08-12,10442,Portugal,STK004,Plaid tricote,5,32.73,163.64999999999998
INV502318,2023-08-12,10442,Portugal,STK001,Lampe de bureau design,3,26.42,79.26
INV502319,2023-03-12,10442,Portugal,STK001,Lampe de bureau design,4,20.29,81.16
INV502320,2023-09-22,10442,Portugal,STK003,Set de tasses ceramique,2,14.83,29.66
INV502320,2023-09-22,10442,Portugal,STK007,Panier de rangement,2,21.89,43.78
INV502320,2023-09-22,10442,Portugal,STK005,Bougie parfumee,2,14.23,28.46
INV502321,2023-10-07,10442,Portugal,STK012,Miroir mural rond,1,34.0,34.0
INV502322,2023-09-08,10443,France,STK012,Miroir mural rond,2,49.6,99.2
INV502323,2023-05-01,10443,France,STK011,Plateau en bambou,1,21.76,21.76
INV502323,2023-05-01,10443,France,STK011,Plateau en bambou,4,16.53,66.12
INV502323,2023-05-01,10443,France,STK002,Coussin en lin,2,14.63,29.26
INV502323,2023-05-01,10443,France,STK012,Miroir mural rond,1,32.75,32.75
INV502324,2023-05-27,10443,France,STK009,Vase en verre,4,22.39,89.56
INV502324,2023-05-27,10443,France,STK002,Coussin en lin,3,16.21,48.63
INV502324,2023-05-27,10443,France,STK002,Coussin en lin,5,21.1,105.5
INV502324,2023-05-27,10443,France,STK005,Bougie parfumee,5,13.17,65.85
INV502325,2023-06-09,10443,France,STK006,Cadre photo bois,1,10.31,10.31
INV502325,2023-06-09,10443,France,STK012,Miroir mural rond,3,50.55,151.64999999999998
INV502325,2023-06-09,10443,France,STK004,Plaid tricote,2,28.66,57.32
INV502326,2023-12-18,10444,France,STK009,Vase en verre,4,22.8,91.2
INV502326,2023-12-18,10444,France,STK009,Vase en verre,4,16.12,64.48
INV502326,2023-12-18,10444,France,STK008,Tapis de bain,4,28.68,114.72
INV502326,2023-12-18,10444,France,STK001,Lampe de bureau design,5,32.72,163.6
INV502327,2023-08-24,10444,France,STK009,Vase en verre,5,18.54,92.69999999999999
INV502327,2023-08-24,10444,France,STK004,Plaid tricote,3,25.98,77.94
INV502328,2023-05-06,10444,France,STK004,Plaid tricote,5,29.49,147.45
INV502329,2023-03-20,10444,France,STK002,Coussin en lin,3,18.59,55.769999999999996
INV502330,2023-04-24,10444,France,STK001,Lampe de bureau design,5,24.13,120.64999999999999
INV502330,2023-04-24,10444,France,STK005,Bougie parfumee,5,13.48,67.4
INV502330,2023-04-24,10444,France,STK003,Set de tasses ceramique,2,9.19,18.38
INV502330,2023-04-24,10444,France,STK004,Plaid tricote,4,32.58,130.32
INV502331,2023-02-28,10444,France,STK004,Plaid tricote,1,28.81,28.81
INV502331,2023-02-28,10444,France,STK010,Guirlande lumineuse,2,12.23,24.46
INV502332,2023-11-16,10444,France,STK006,Cadre photo bois,1,10.43,10.43
INV502332,2023-11-16,10444,France,STK009,Vase en verre,2,17.9,35.8
INV502332,2023-11-16,10444,France,STK001,Lampe de bureau design,3,26.44,79.32000000000001
INV502332,2023-11-16,10444,France,STK011,Plateau en bambou,5,18.38,91.89999999999999
INV502333,2023-10-07,10444,France,STK002,Coussin en lin,4,19.34,77.36
INV502334,2023-09-26,10444,France,STK006,Cadre photo bois,2,8.71,17.42
INV502335,2023-10-16,10445,Netherlands,STK007,Panier de rangement,2,22.48,44.96
INV502335,2023-10-16,10445,Netherlands,STK003,Set de tasses ceramique,4,16.98,67.92
INV502335,2023-10-16,10445,Netherlands,STK012,Miroir mural rond,1,35.55,35.55
INV502335,2023-10-16,10445,Netherlands,STK004,Plaid tricote,3,29.85,89.55000000000001
INV502336,2023-12-19,10446,France,STK010,Guirlande lumineuse,5,11.76,58.8
INV502336,2023-12-19,10446,France,STK003,Set de tasses ceramique,1,15.76,15.76
INV502336,2023-12-19,10446,France,STK008,Tapis de bain,3,25.98,77.94
INV502337,2023-03-14,10446,France,STK009,Vase en verre,4,20.21,80.84
INV502338,2023-03-23,10447,Portugal,STK009,Vase en verre,5,18.82,94.1
INV502338,2023-03-23,10447,Portugal,STK001,Lampe de bureau design,2,27.52,55.04
INV502339,2023-01-12,10447,Portugal,STK012,Miroir mural rond,2,43.29,86.58
INV502339,2023-01-12,10447,Portugal,STK012,Miroir mural rond,3,29.58,88.74
INV502339,2023-01-12,10447,Portugal,STK005,Bougie parfumee,2,13.68,27.36
INV502339,2023-01-12,10447,Portugal,STK001,Lampe de bureau design,4,25.53,102.12
INV502340,2023-07-20,10448,Italy,STK001,Lampe de bureau design,1,29.17,29.17
INV502340,2023-07-20,10448,Italy,STK002,Coussin en lin,5,16.54,82.69999999999999
INV502340,2023-07-20,10448,Italy,STK008,Tapis de bain,5,29.58,147.89999999999998
INV502340,2023-07-20,10448,Italy,STK007,Panier de rangement,3,20.85,62.550000000000004
INV502341,2023-12-22,10448,Italy,STK001,Lampe de bureau design,1,22.69,22.69
INV502341,2023-12-22,10448,Italy,STK010,Guirlande lumineuse,3,12.43,37.29
INV502341,2023-12-22,10448,Italy,STK003,Set de tasses ceramique,1,15.72,15.72
INV502341,2023-12-22,10448,Italy,STK012,Miroir mural rond,1,28.01,28.01
INV502342,2023-03-14,10449,Belgium,STK002,Coussin en lin,1,19.11,19.11
INV502342,2023-03-14,10449,Belgium,STK004,Plaid tricote,1,34.03,34.03
INV502343,2023-02-10,10449,Belgium,STK010,Guirlande lumineuse,5,16.42,82.10000000000001
INV502343,2023-02-10,10449,Belgium,STK012,Miroir mural rond,5,39.74,198.70000000000002
INV502343,2023-02-10,10449,Belgium,STK002,Coussin en lin,4,19.71,78.84
INV502344,2023-12-15,10450,France,STK009,Vase en verre,5,20.16,100.8
INV502345,2023-08-24,10451,France,STK006,Cadre photo bois,1,11.68,11.68
INV502346,2023-08-04,10451,France,STK004,Plaid tricote,5,29.86,149.3
INV502346,2023-08-04,10451,France,STK008,Tapis de bain,5,27.3,136.5
INV502346,2023-08-04,10451,France,STK008,Tapis de bain,3,29.93,89.78999999999999
INV502346,2023-08-04,10451,France,STK003,Set de tasses ceramique,1,19.46,19.46
INV502347,2023-08-21,10451,France,STK003,Set de tasses ceramique,1,14.35,14.35
INV502347,2023-08-21,10451,France,STK004,Plaid tricote,1,44.16,44.16
INV502348,2023-05-18,10452,France,STK009,Vase en verre,5,18.41,92.05
INV502348,2023-05-18,10452,France,STK001,Lampe de bureau design,3,19.58,58.739999999999995
INV502349,2023-07-21,10453,France,STK010,Guirlande lumineuse,4,12.28,49.12
INV502349,2023-07-21,10453,France,STK004,Plaid tricote,1,32.76,32.76
INV502350,2023-04-26,10453,France,STK001,Lampe de bureau design,4,23.37,93.48
INV502350,2023-04-26,10453,France,STK011,Plateau en bambou,3,25.04,75.12
INV502350,2023-04-26,10453,France,STK009,Vase en verre,3,18.39,55.17
INV502350,2023-04-26,10453,France,STK001,Lampe de bureau design,5,20.92,104.60000000000001
INV502351,2023-08-22,10453,France,STK004,Plaid tricote,3,24.95,74.85
INV502351,2023-08-22,10453,France,STK002,Coussin en lin,2,18.12,36.24
INV502351,2023-08-22,10453,France,STK006,Cadre photo bois,4,10.73,42.92
INV502351,2023-08-22,10453,France,STK006,Cadre photo bois,5,7.96,39.8
INV502352,2023-04-15,10453,France,STK010,Guirlande lumineuse,4,14.88,59.52
INV502352,2023-04-15,10453,France,STK008,Tapis de bain,4,27.62,110.48
INV502353,2023-08-21,10453,France,STK012,Miroir mural rond,2,39.9,79.8
INV502353,2023-08-21,10453,France,STK006,Cadre photo bois,3,7.93,23.79
INV502354,2023-03-11,10454,France,STK003,Set de tasses ceramique,5,15.11,75.55
INV502354,2023-03-11,10454,France,STK002,Coussin en lin,1,15.19,15.19
INV502354,2023-03-11,10454,France,STK004,Plaid tricote,4,26.38,105.52
INV502354,2023-03-11,10454,France,STK001,Lampe de bureau design,3,28.08,84.24
INV502355,2023-06-01,10454,France,STK011,Plateau en bambou,3,21.39,64.17
INV502355,2023-06-01,10454,France,STK004,Plaid tricote,1,27.9,27.9
INV502355,2023-06-01,10454,France,STK001,Lampe de bureau design,3,21.31,63.92999999999999
INV502356,2023-05-14,10454,France,STK008,Tapis de bain,2,26.07,52.14
INV502356,2023-05-14,10454,France,STK007,Panier de rangement,5,20.06,100.3
INV502356,2023-05-14,10454,France,STK004,Plaid tricote,4,31.28,125.12
INV502356,2023-05-14,10454,France,STK002,Coussin en lin,3,17.12,51.36
INV502357,2023-12-04,10454,France,STK005,Bougie parfumee,2,12.13,24.26
INV502358,2023-03-12,10454,France,STK012,Miroir mural rond,3,29.94,89.82000000000001
INV502359,2023-02-21,10454,France,STK001,Lampe de bureau design,3,24.78,74.34
INV502360,2023-04-21,10454,France,STK006,Cadre photo bois,1,11.86,11.86
INV502361,2023-04-08,10455,France,STK012,Miroir mural rond,5,37.37,186.85
INV502362,2023-12-22,10455,France,STK012,Miroir mural rond,1,43.62,43.62
INV502363,2023-10-17,10455,France,STK011,Plateau en bambou,4,21.44,85.76
INV502364,2023-12-02,10455,France,STK009,Vase en verre,5,17.3,86.5
INV502365,2023-12-03,10455,France,STK006,Cadre photo bois,1,9.88,9.88
INV502365,2023-12-03,10455,France,STK006,Cadre photo bois,1,9.85,9.85
INV502366,2023-11-19,10455,France,STK010,Guirlande lumineuse,3,15.37,46.11
INV502367,2023-07-03,10455,France,STK005,Bougie parfumee,4,14.18,56.72
INV502368,2023-02-04,10455,France,STK003,Set de tasses ceramique,5,17.05,85.25
INV502368,2023-02-04,10455,France,STK001,Lampe de bureau design,5,28.26,141.3
INV502368,2023-02-04,10455,France,STK010,Guirlande lumineuse,4,14.86,59.44
INV502368,2023-02-04,10455,France,STK009,Vase en verre,5,22.37,111.85000000000001
INV502369,2023-07-26,10455,France,STK006,Cadre photo bois,4,9.76,39.04
INV502370,2023-02-09,10456,Netherlands,STK010,Guirlande lumineuse,4,17.92,71.68
INV502370,2023-02-09,10456,Netherlands,STK004,Plaid tricote,1,24.36,24.36
INV502370,2023-02-09,10456,Netherlands,STK003,Set de tasses ceramique,1,15.52,15.52
INV502370,2023-02-09,10456,Netherlands,STK008,Tapis de bain,5,30.1,150.5
INV502371,2023-09-11,10457,France,STK012,Miroir mural rond,4,34.12,136.48
INV502372,2023-12-28,10457,France,STK007,Panier de rangement,3,24.61,73.83
INV502372,2023-12-28,10457,France,STK004,Plaid tricote,3,23.82,71.46000000000001
INV502373,2023-06-24,10457,France,STK005,Bougie parfumee,4,12.49,49.96
INV502374,2023-09-01,10458,Portugal,STK012,Miroir mural rond,2,32.73,65.46
INV502375,2023-04-05,10458,Portugal,STK005,Bougie parfumee,2,13.23,26.46
INV502375,2023-04-05,10458,Portugal,STK010,Guirlande lumineuse,4,13.44,53.76
INV502375,2023-04-05,10458,Portugal,STK009,Vase en verre,4,20.76,83.04
INV502376,2023-08-08,10458,Portugal,STK002,Coussin en lin,4,19.46,77.84
INV502376,2023-08-08,10458,Portugal,STK005,Bougie parfumee,4,15.29,61.16
INV502377,2023-10-09,10458,Portugal,STK004,Plaid tricote,5,26.82,134.1
INV502377,2023-10-09,10458,Portugal,STK005,Bougie parfumee,3,11.28,33.839999999999996
INV502377,2023-10-09,10458,Portugal,STK009,Vase en verre,1,18.41,18.41
INV502377,2023-10-09,10458,Portugal,STK006,Cadre photo bois,2,9.1,18.2
INV502378,2023-09-19,10458,Portugal,STK006,Cadre photo bois,2,10.07,20.14
INV502378,2023-09-19,10458,Portugal,STK003,Set de tasses ceramique,1,14.66,14.66
INV502378,2023-09-19,10458,Portugal,STK009,Vase en verre,1,23.39,23.39
INV502378,2023-09-19,10458,Portugal,STK004,Plaid tricote,3,29.71,89.13
INV502379,2023-05-23,10459,Germany,STK011,Plateau en bambou,4,27.65,110.6
INV502380,2023-11-11,10459,Germany,STK010,Guirlande lumineuse,2,13.34,26.68
INV502381,2023-10-09,10459,Germany,STK004,Plaid tricote,3,32.38,97.14000000000001
INV502381,2023-10-09,10459,Germany,STK002,Coussin en lin,3,19.68,59.04
INV502381,2023-10-09,10459,Germany,STK009,Vase en verre,4,20.21,80.84
INV502381,2023-10-09,10459,Germany,STK003,Set de tasses ceramique,5,15.46,77.30000000000001
INV502382,2023-01-10,10459,Germany,STK005,Bougie parfumee,1,7.82,7.82
INV502382,2023-01-10,10459,Germany,STK003,Set de tasses ceramique,3,11.15,33.45
INV502382,2023-01-10,10459,Germany,STK002,Coussin en lin,2,18.64,37.28
INV502383,2023-02-25,10459,Germany,STK004,Plaid tricote,2,39.26,78.52
INV502383,2023-02-25,10459,Germany,STK001,Lampe de bureau design,1,30.44,30.44
INV502383,2023-02-25,10459,Germany,STK006,Cadre photo bois,5,10.23,51.150000000000006
INV502383,2023-02-25,10459,Germany,STK011,Plateau en bambou,1,19.97,19.97
INV502384,2023-04-14,10459,Germany,STK005,Bougie parfumee,4,13.15,52.6
INV502384,2023-04-14,10459,Germany,STK009,Vase en verre,4,21.64,86.56
INV502384,2023-04-14,10459,Germany,STK011,Plateau en bambou,5,24.61,123.05
INV502384,2023-04-14,10459,Germany,STK004,Plaid tricote,5,34.32,171.6
INV502385,2023-05-09,10460,France,STK010,Guirlande lumineuse,2,13.93,27.86
INV502385,2023-05-09,10460,France,STK010,Guirlande lumineuse,5,10.88,54.400000000000006
INV502385,2023-05-09,10460,France,STK003,Set de tasses ceramique,5,17.04,85.19999999999999
INV502385,2023-05-09,10460,France,STK012,Miroir mural rond,3,32.33,96.99
INV502386,2023-02-08,10461,Belgium,STK008,Tapis de bain,5,25.88,129.4
INV502386,2023-02-08,10461,Belgium,STK004,Plaid tricote,4,28.22,112.88
INV502386,2023-02-08,10461,Belgium,STK012,Miroir mural rond,5,46.65,233.25
INV502386,2023-02-08,10461,Belgium,STK004,Plaid tricote,4,29.56,118.24
INV502387,2023-01-29,10461,Belgium,STK004,Plaid tricote,1,25.66,25.66
INV502387,2023-01-29,10461,Belgium,STK003,Set de tasses ceramique,1,12.93,12.93
INV502387,2023-01-29,10461,Belgium,STK005,Bougie parfumee,1,14.35,14.35
INV502388,2023-04-15,10461,Belgium,STK011,Plateau en bambou,2,22.76,45.52
INV502388,2023-04-15,10461,Belgium,STK007,Panier de rangement,3,19.01,57.03
INV502388,2023-04-15,10461,Belgium,STK002,Coussin en lin,4,19.9,79.6
INV502388,2023-04-15,10461,Belgium,STK008,Tapis de bain,4,29.47,117.88
INV502389,2023-04-09,10461,Belgium,STK011,Plateau en bambou,5,22.82,114.1
INV502389,2023-04-09,10461,Belgium,STK003,Set de tasses ceramique,2,11.17,22.34
INV502389,2023-04-09,10461,Belgium,STK009,Vase en verre,3,20.85,62.550000000000004
INV502390,2023-01-03,10461,Belgium,STK003,Set de tasses ceramique,5,13.85,69.25
INV502390,2023-01-03,10461,Belgium,STK001,Lampe de bureau design,4,26.43,105.72
INV502390,2023-01-03,10461,Belgium,STK006,Cadre photo bois,4,8.88,35.52
INV502390,2023-01-03,10461,Belgium,STK001,Lampe de bureau design,3,29.33,87.99
INV502391,2023-10-30,10461,Belgium,STK002,Coussin en lin,5,22.35,111.75
INV502391,2023-10-30,10461,Belgium,STK008,Tapis de bain,2,28.2,56.4
INV502391,2023-10-30,10461,Belgium,STK003,Set de tasses ceramique,3,11.66,34.980000000000004
INV502392,2023-12-11,10461,Belgium,STK004,Plaid tricote,1,29.21,29.21
INV502392,2023-12-11,10461,Belgium,STK004,Plaid tricote,4,39.06,156.24
INV502393,2023-08-08,10462,France,STK006,Cadre photo bois,4,9.79,39.16
INV502393,2023-08-08,10462,France,STK002,Coussin en lin,3,20.25,60.75
INV502393,2023-08-08,10462,France,STK010,Guirlande lumineuse,4,15.74,62.96
INV502394,2023-10-21,10462,France,STK012,Miroir mural rond,4,41.17,164.68
INV502394,2023-10-21,10462,France,STK012,Miroir mural rond,5,37.71,188.55
INV502394,2023-10-21,10462,France,STK007,Panier de rangement,5,21.85,109.25
INV502394,2023-10-21,10462,France,STK012,Miroir mural rond,4,39.45,157.8
INV502395,2023-10-30,10462,France,STK011,Plateau en bambou,4,25.25,101.0
INV502395,2023-10-30,10462,France,STK008,Tapis de bain,2,23.63,47.26
INV502395,2023-10-30,10462,France,STK003,Set de tasses ceramique,4,14.19,56.76
INV502395,2023-10-30,10462,France,STK003,Set de tasses ceramique,4,14.24,56.96
INV502396,2023-11-26,10463,France,STK009,Vase en verre,3,21.45,64.35
INV502396,2023-11-26,10463,France,STK009,Vase en verre,1,21.62,21.62
INV502396,2023-11-26,10463,France,STK006,Cadre photo bois,1,9.19,9.19
INV502397,2023-01-02,10464,Netherlands,STK005,Bougie parfumee,5,9.82,49.1
INV502398,2023-02-02,10464,Netherlands,STK012,Miroir mural rond,3,35.86,107.58
INV502398,2023-02-02,10464,Netherlands,STK001,Lampe de bureau design,4,23.68,94.72
INV502398,2023-02-02,10464,Netherlands,STK004,Plaid tricote,2,29.0,58.0
INV502399,2023-07-30,10464,Netherlands,STK003,Set de tasses ceramique,2,14.27,28.54
INV502399,2023-07-30,10464,Netherlands,STK009,Vase en verre,1,18.41,18.41
INV502399,2023-07-30,10464,Netherlands,STK004,Plaid tricote,2,25.57,51.14
INV502399,2023-07-30,10464,Netherlands,STK002,Coussin en lin,3,16.94,50.82000000000001
INV502400,2023-01-13,10465,France,STK002,Coussin en lin,3,12.61,37.83
INV502400,2023-01-13,10465,France,STK004,Plaid tricote,2,26.0,52.0
INV502400,2023-01-13,10465,France,STK010,Guirlande lumineuse,4,10.72,42.88
INV502400,2023-01-13,10465,France,STK012,Miroir mural rond,1,57.33,57.33
INV502401,2023-08-02,10465,France,STK001,Lampe de bureau design,5,18.48,92.4
INV502401,2023-08-02,10465,France,STK010,Guirlande lumineuse,2,16.29,32.58
INV502402,2023-06-02,10465,France,STK009,Vase en verre,4,18.32,73.28
INV502402,2023-06-02,10465,France,STK006,Cadre photo bois,3,11.16,33.480000000000004
INV502402,2023-06-02,10465,France,STK009,Vase en verre,5,16.13,80.64999999999999
INV502402,2023-06-02,10465,France,STK012,Miroir mural rond,5,31.67,158.35000000000002
INV502403,2023-07-30,10465,France,STK001,Lampe de bureau design,4,24.96,99.84
INV502404,2023-05-11,10465,France,STK001,Lampe de bureau design,1,30.44,30.44
INV502404,2023-05-11,10465,France,STK012,Miroir mural rond,2,47.12,94.24
INV502404,2023-05-11,10465,France,STK003,Set de tasses ceramique,4,12.68,50.72
INV502405,2023-12-27,10465,France,STK006,Cadre photo bois,2,10.08,20.16
INV502405,2023-12-27,10465,France,STK012,Miroir mural rond,2,41.58,83.16
INV502405,2023-12-27,10465,France,STK009,Vase en verre,1,17.01,17.01
INV502406,2023-05-11,10465,France,STK007,Panier de rangement,3,19.95,59.849999999999994
INV502406,2023-05-11,10465,France,STK001,Lampe de bureau design,3,26.55,79.65
INV502406,2023-05-11,10465,France,STK008,Tapis de bain,1,27.0,27.0
INV502406,2023-05-11,10465,France,STK003,Set de tasses ceramique,3,9.73,29.19
INV502407,2023-10-04,10465,France,STK003,Set de tasses ceramique,3,14.09,42.269999999999996
INV502408,2023-01-21,10465,France,STK003,Set de tasses ceramique,5,18.37,91.85000000000001
INV502408,2023-01-21,10465,France,STK009,Vase en verre,3,15.69,47.07
INV502409,2023-04-08,10466,France,STK005,Bougie parfumee,2,13.83,27.66
INV502409,2023-04-08,10466,France,STK008,Tapis de bain,1,26.02,26.02
INV502409,2023-04-08,10466,France,STK005,Bougie parfumee,4,12.46,49.84
INV502410,2023-01-26,10466,France,STK007,Panier de rangement,1,19.66,19.66
INV502410,2023-01-26,10466,France,STK001,Lampe de bureau design,2,23.71,47.42
INV502410,2023-01-26,10466,France,STK005,Bougie parfumee,4,14.01,56.04
INV502411,2023-01-04,10466,France,STK004,Plaid tricote,3,40.54,121.62
INV502412,2023-01-18,10466,France,STK002,Coussin en lin,5,16.06,80.3
INV502412,2023-01-18,10466,France,STK001,Lampe de bureau design,5,23.6,118.0
INV502413,2023-01-14,10466,France,STK007,Panier de rangement,5,16.78,83.9
INV502414,2023-04-03,10466,France,STK008,Tapis de bain,4,29.71,118.84
INV502414,2023-04-03,10466,France,STK001,Lampe de bureau design,5,23.04,115.19999999999999
INV502415,2023-08-30,10467,France,STK006,Cadre photo bois,3,10.46,31.380000000000003
INV502415,2023-08-30,10467,France,STK005,Bougie parfumee,2,11.75,23.5
INV502415,2023-08-30,10467,France,STK011,Plateau en bambou,3,24.23,72.69
INV502415,2023-08-30,10467,France,STK001,Lampe de bureau design,2,28.63,57.26
INV502416,2023-03-02,10467,France,STK002,Coussin en lin,1,17.91,17.91
INV502417,2023-06-16,10467,France,STK005,Bougie parfumee,4,9.19,36.76
INV502417,2023-06-16,10467,France,STK009,Vase en verre,2,21.98,43.96
INV502418,2023-03-26,10467,France,STK008,Tapis de bain,3,27.45,82.35
INV502419,2023-04-14,10467,France,STK011,Plateau en bambou,1,21.96,21.96
INV502419,2023-04-14,10467,France,STK003,Set de tasses ceramique,2,14.08,28.16
INV502419,2023-04-14,10467,France,STK007,Panier de rangement,1,18.97,18.97
INV502420,2023-08-08,10468,Germany,STK006,Cadre photo bois,2,10.73,21.46
INV502421,2023-03-12,10468,Germany,STK008,Tapis de bain,1,25.33,25.33
INV502422,2023-08-04,10468,Germany,STK008,Tapis de bain,1,26.84,26.84
INV502422,2023-08-04,10468,Germany,STK005,Bougie parfumee,5,15.62,78.1
INV502422,2023-08-04,10468,Germany,STK012,Miroir mural rond,3,38.06,114.18
INV502422,2023-08-04,10468,Germany,STK012,Miroir mural rond,1,43.61,43.61
INV502423,2023-08-26,10468,Germany,STK010,Guirlande lumineuse,1,11.91,11.91
INV502423,2023-08-26,10468,Germany,STK009,Vase en verre,4,13.74,54.96
INV502423,2023-08-26,10468,Germany,STK009,Vase en verre,2,21.85,43.7
INV502424,2023-01-23,10468,Germany,STK008,Tapis de bain,5,23.98,119.9
INV502424,2023-01-23,10468,Germany,STK007,Panier de rangement,1,23.0,23.0
INV502425,2023-11-04,10468,Germany,STK009,Vase en verre,3,17.53,52.59
INV502425,2023-11-04,10468,Germany,STK011,Plateau en bambou,5,17.29,86.44999999999999
INV502426,2023-06-04,10469,France,STK007,Panier de rangement,2,19.87,39.74
INV502426,2023-06-04,10469,France,STK002,Coussin en lin,4,25.1,100.4
INV502426,2023-06-04,10469,France,STK004,Plaid tricote,2,29.29,58.58
INV502426,2023-06-04,10469,France,STK007,Panier de rangement,4,24.13,96.52
INV502427,2023-07-28,10469,France,STK003,Set de tasses ceramique,1,16.75,16.75
INV502427,2023-07-28,10469,France,STK009,Vase en verre,1,19.26,19.26
INV502427,2023-07-28,10469,France,STK012,Miroir mural rond,3,44.02,132.06
INV502428,2023-06-25,10469,France,STK005,Bougie parfumee,4,11.35,45.4
INV502429,2023-06-10,10469,France,STK005,Bougie parfumee,3,10.32,30.96
INV502429,2023-06-10,10469,France,STK012,Miroir mural rond,5,35.5,177.5
INV502429,2023-06-10,10469,France,STK011,Plateau en bambou,4,21.64,86.56
INV502429,2023-06-10,10469,France,STK007,Panier de rangement,2,26.38,52.76
INV502430,2023-01-30,10470,France,STK007,Panier de rangement,2,21.65,43.3
INV502430,2023-01-30,10470,France,STK010,Guirlande lumineuse,3,12.14,36.42
INV502430,2023-01-30,10470,France,STK012,Miroir mural rond,1,41.16,41.16
INV502430,2023-01-30,10470,France,STK008,Tapis de bain,4,25.18,100.72
INV502431,2023-12-23,10470,France,STK010,Guirlande lumineuse,3,16.9,50.699999999999996
INV502431,2023-12-23,10470,France,STK012,Miroir mural rond,5,38.56,192.8
INV502431,2023-12-23,10470,France,STK003,Set de tasses ceramique,5,21.99,109.94999999999999
INV502432,2023-07-28,10470,France,STK008,Tapis de bain,4,28.25,113.0
INV502432,2023-07-28,10470,France,STK009,Vase en verre,5,21.87,109.35000000000001
INV502432,2023-07-28,10470,France,STK007,Panier de rangement,4,18.55,74.2
INV502432,2023-07-28,10470,France,STK001,Lampe de bureau design,2,34.13,68.26
INV502433,2023-06-26,10470,France,STK011,Plateau en bambou,5,20.34,101.7
INV502434,2023-12-13,10470,France,STK009,Vase en verre,1,22.25,22.25
INV502434,2023-12-13,10470,France,STK003,Set de tasses ceramique,4,16.45,65.8
INV502434,2023-12-13,10470,France,STK005,Bougie parfumee,1,14.3,14.3
INV502435,2023-11-26,10470,France,STK012,Miroir mural rond,2,41.47,82.94
INV502435,2023-11-26,10470,France,STK010,Guirlande lumineuse,1,14.76,14.76
INV502436,2023-05-04,10470,France,STK010,Guirlande lumineuse,5,16.34,81.7
INV502436,2023-05-04,10470,France,STK007,Panier de rangement,3,25.16,75.48
INV502436,2023-05-04,10470,France,STK011,Plateau en bambou,2,23.69,47.38
INV502437,2023-02-22,10470,France,STK006,Cadre photo bois,1,10.99,10.99
INV502437,2023-02-22,10470,France,STK004,Plaid tricote,5,45.07,225.35
INV502437,2023-02-22,10470,France,STK010,Guirlande lumineuse,3,12.41,37.230000000000004
INV502437,2023-02-22,10470,France,STK002,Coussin en lin,5,18.28,91.4
INV502438,2023-10-20,10470,France,STK002,Coussin en lin,3,15.19,45.57
INV502438,2023-10-20,10470,France,STK005,Bougie parfumee,1,9.95,9.95
INV502439,2023-06-29,10470,France,STK007,Panier de rangement,5,20.79,103.94999999999999
INV502439,2023-06-29,10470,France,STK007,Panier de rangement,3,25.86,77.58
INV502439,2023-06-29,10470,France,STK005,Bougie parfumee,4,14.08,56.32
INV502440,2023-11-18,10470,France,STK006,Cadre photo bois,4,11.5,46.0
INV502441,2023-03-12,10471,Germany,STK001,Lampe de bureau design,1,26.3,26.3
INV502441,2023-03-12,10471,Germany,STK006,Cadre photo bois,3,8.55,25.650000000000002
INV502442,2023-04-12,10471,Germany,STK002,Coussin en lin,3,14.86,44.58
INV502443,2023-04-20,10471,Germany,STK009,Vase en verre,4,20.81,83.24
INV502443,2023-04-20,10471,Germany,STK007,Panier de rangement,3,18.89,56.67
INV502443,2023-04-20,10471,Germany,STK004,Plaid tricote,1,29.6,29.6
INV502443,2023-04-20,10471,Germany,STK008,Tapis de bain,2,33.28,66.56
INV502444,2023-12-23,10471,Germany,STK010,Guirlande lumineuse,5,14.14,70.7
INV502444,2023-12-23,10471,Germany,STK008,Tapis de bain,3,32.62,97.85999999999999
INV502444,2023-12-23,10471,Germany,STK008,Tapis de bain,1,24.95,24.95
INV502445,2023-05-10,10472,France,STK012,Miroir mural rond,5,32.31,161.55
INV502445,2023-05-10,10472,France,STK006,Cadre photo bois,5,12.53,62.65
INV502445,2023-05-10,10472,France,STK008,Tapis de bain,2,22.19,44.38
INV502445,2023-05-10,10472,France,STK012,Miroir mural rond,3,40.16,120.47999999999999
INV502446,2023-07-19,10472,France,STK008,Tapis de bain,2,32.87,65.74
INV502446,2023-07-19,10472,France,STK012,Miroir mural rond,3,39.48,118.44
INV502447,2023-02-10,10472,France,STK001,Lampe de bureau design,5,28.39,141.95
INV502448,2023-04-10,10473,Spain,STK011,Plateau en bambou,2,20.19,40.38
INV502448,2023-04-10,10473,Spain,STK010,Guirlande lumineuse,3,15.41,46.230000000000004
INV502449,2023-03-24,10474,France,STK008,Tapis de bain,3,24.03,72.09
INV502449,2023-03-24,10474,France,STK011,Plateau en bambou,3,15.33,45.99
INV502450,2023-02-15,10475,France,STK002,Coussin en lin,4,19.18,76.72
INV502450,2023-02-15,10475,France,STK002,Coussin en lin,3,23.92,71.76
INV502451,2023-07-06,10475,France,STK011,Plateau en bambou,2,23.87,47.74
INV502452,2023-02-25,10476,France,STK010,Guirlande lumineuse,5,14.53,72.64999999999999
INV502453,2023-02-07,10476,France,STK004,Plaid tricote,5,27.47,137.35
INV502454,2023-10-04,10477,Germany,STK001,Lampe de bureau design,1,27.0,27.0
INV502455,2023-03-14,10477,Germany,STK003,Set de tasses ceramique,2,14.39,28.78
INV502455,2023-03-14,10477,Germany,STK001,Lampe de bureau design,4,17.96,71.84
INV502456,2023-06-08,10477,Germany,STK007,Panier de rangement,4,19.47,77.88
INV502456,2023-06-08,10477,Germany,STK006,Cadre photo bois,2,9.83,19.66
INV502456,2023-06-08,10477,Germany,STK012,Miroir mural rond,3,40.95,122.85000000000001
INV502456,2023-06-08,10477,Germany,STK011,Plateau en bambou,1,23.16,23.16
INV502457,2023-02-05,10478,Portugal,STK007,Panier de rangement,3,23.13,69.39
INV502458,2023-04-24,10478,Portugal,STK002,Coussin en lin,2,19.39,38.78
INV502458,2023-04-24,10478,Portugal,STK012,Miroir mural rond,2,53.7,107.4
INV502458,2023-04-24,10478,Portugal,STK007,Panier de rangement,5,26.38,131.9
INV502458,2023-04-24,10478,Portugal,STK007,Panier de rangement,1,24.93,24.93
INV502459,2023-11-04,10478,Portugal,STK011,Plateau en bambou,4,20.05,80.2
INV502460,2023-05-12,10478,Portugal,STK011,Plateau en bambou,3,27.11,81.33
INV502460,2023-05-12,10478,Portugal,STK004,Plaid tricote,3,31.84,95.52
INV502461,2023-09-15,10478,Portugal,STK012,Miroir mural rond,5,40.79,203.95
INV502462,2023-12-21,10479,Spain,STK010,Guirlande lumineuse,5,17.76,88.80000000000001
INV502463,2023-12-07,10479,Spain,STK002,Coussin en lin,4,20.2,80.8
INV502463,2023-12-07,10479,Spain,STK012,Miroir mural rond,3,41.78,125.34
INV502464,2023-03-27,10479,Spain,STK009,Vase en verre,4,19.78,79.12
INV502465,2023-07-25,10479,Spain,STK008,Tapis de bain,2,33.41,66.82
INV502465,2023-07-25,10479,Spain,STK010,Guirlande lumineuse,4,18.23,72.92
INV502465,2023-07-25,10479,Spain,STK003,Set de tasses ceramique,4,13.37,53.48
INV502466,2023-08-24,10479,Spain,STK001,Lampe de bureau design,5,21.26,106.30000000000001
INV502467,2023-10-30,10479,Spain,STK007,Panier de rangement,1,19.7,19.7
INV502467,2023-10-30,10479,Spain,STK009,Vase en verre,1,19.81,19.81
INV502467,2023-10-30,10479,Spain,STK012,Miroir mural rond,5,35.29,176.45
INV502468,2023-11-26,10479,Spain,STK006,Cadre photo bois,5,10.14,50.7
INV502468,2023-11-26,10479,Spain,STK012,Miroir mural rond,2,38.47,76.94
INV502469,2023-12-06,10479,Spain,STK010,Guirlande lumineuse,1,13.27,13.27
INV502469,2023-12-06,10479,Spain,STK006,Cadre photo bois,2,7.76,15.52
INV502470,2023-09-13,10479,Spain,STK005,Bougie parfumee,1,12.14,12.14
INV502470,2023-09-13,10479,Spain,STK002,Coussin en lin,1,17.89,17.89
INV502470,2023-09-13,10479,Spain,STK011,Plateau en bambou,1,26.66,26.66
INV502470,2023-09-13,10479,Spain,STK005,Bougie parfumee,5,12.31,61.550000000000004
INV502471,2023-02-17,10480,France,STK010,Guirlande lumineuse,3,13.54,40.62
INV502471,2023-02-17,10480,France,STK008,Tapis de bain,3,24.16,72.48
INV502471,2023-02-17,10480,France,STK006,Cadre photo bois,5,9.61,48.05
INV502472,2023-07-01,10481,France,STK008,Tapis de bain,2,30.65,61.3
INV502472,2023-07-01,10481,France,STK006,Cadre photo bois,2,9.83,19.66
INV502472,2023-07-01,10481,France,STK005,Bougie parfumee,1,11.72,11.72
INV502472,2023-07-01,10481,France,STK012,Miroir mural rond,1,40.15,40.15
INV502473,2023-01-01,10481,France,STK002,Coussin en lin,2,14.12,28.24
INV502474,2023-04-01,10481,France,STK004,Plaid tricote,2,33.89,67.78
INV502474,2023-04-01,10481,France,STK010,Guirlande lumineuse,1,11.68,11.68
INV502474,2023-04-01,10481,France,STK001,Lampe de bureau design,4,18.02,72.08
INV502475,2023-07-07,10481,France,STK001,Lampe de bureau design,4,23.41,93.64
INV502476,2023-01-18,10482,France,STK001,Lampe de bureau design,1,25.92,25.92
INV502476,2023-01-18,10482,France,STK005,Bougie parfumee,1,11.69,11.69
INV502476,2023-01-18,10482,France,STK006,Cadre photo bois,4,10.95,43.8
INV502477,2023-03-25,10482,France,STK007,Panier de rangement,5,24.81,124.05
INV502477,2023-03-25,10482,France,STK002,Coussin en lin,2,13.98,27.96
INV502477,2023-03-25,10482,France,STK012,Miroir mural rond,2,33.35,66.7
INV502478,2023-05-21,10483,France,STK005,Bougie parfumee,3,12.62,37.86
INV502478,2023-05-21,10483,France,STK006,Cadre photo bois,2,10.45,20.9
INV502479,2023-11-10,10483,France,STK010,Guirlande lumineuse,1,13.74,13.74
INV502480,2023-01-19,10484,France,STK002,Coussin en lin,3,13.46,40.38
INV502480,2023-01-19,10484,France,STK012,Miroir mural rond,4,39.98,159.92
INV502480,2023-01-19,10484,France,STK009,Vase en verre,4,16.73,66.92
INV502480,2023-01-19,10484,France,STK011,Plateau en bambou,4,24.79,99.16
INV502481,2023-11-06,10484,France,STK009,Vase en verre,3,18.04,54.12
INV502481,2023-11-06,10484,France,STK006,Cadre photo bois,5,7.82,39.1
INV502481,2023-11-06,10484,France,STK003,Set de tasses ceramique,3,14.05,42.150000000000006
INV502481,2023-11-06,10484,France,STK004,Plaid tricote,5,39.0,195.0
INV502482,2023-05-25,10484,France,STK011,Plateau en bambou,5,19.25,96.25
INV502482,2023-05-25,10484,France,STK005,Bougie parfumee,2,14.58,29.16
INV502482,2023-05-25,10484,France,STK011,Plateau en bambou,5,18.8,94.0
INV502482,2023-05-25,10484,France,STK008,Tapis de bain,5,30.68,153.4
INV502483,2023-12-10,10484,France,STK012,Miroir mural rond,2,37.91,75.82
INV502484,2023-09-07,10484,France,STK002,Coussin en lin,4,18.25,73.0
INV502485,2023-10-13,10484,France,STK009,Vase en verre,4,23.87,95.48
INV502485,2023-10-13,10484,France,STK007,Panier de rangement,3,27.08,81.24
INV502486,2023-02-17,10485,France,STK008,Tapis de bain,5,23.23,116.15
INV502487,2023-03-22,10485,France,STK010,Guirlande lumineuse,1,12.07,12.07
INV502487,2023-03-22,10485,France,STK001,Lampe de bureau design,4,23.15,92.6
INV502487,2023-03-22,10485,France,STK011,Plateau en bambou,2,22.55,45.1
INV502487,2023-03-22,10485,France,STK005,Bougie parfumee,4,12.65,50.6
INV502488,2023-08-02,10485,France,STK005,Bougie parfumee,3,12.23,36.69
INV502488,2023-08-02,10485,France,STK001,Lampe de bureau design,1,26.22,26.22
INV502488,2023-08-02,10485,France,STK011,Plateau en bambou,2,18.96,37.92
INV502488,2023-08-02,10485,France,STK001,Lampe de bureau design,5,27.47,137.35
INV502489,2023-02-24,10486,Netherlands,STK001,Lampe de bureau design,5,27.41,137.05
INV502490,2023-04-28,10486,Netherlands,STK008,Tapis de bain,2,24.88,49.76
INV502491,2023-05-17,10486,Netherlands,STK006,Cadre photo bois,2,8.81,17.62
INV502491,2023-05-17,10486,Netherlands,STK008,Tapis de bain,2,21.8,43.6
INV502491,2023-05-17,10486,Netherlands,STK009,Vase en verre,4,21.95,87.8
INV502492,2023-01-08,10486,Netherlands,STK002,Coussin en lin,1,17.28,17.28
INV502493,2023-07-21,10487,Germany,STK006,Cadre photo bois,2,9.7,19.4
INV502493,2023-07-21,10487,Germany,STK008,Tapis de bain,2,25.86,51.72
INV502494,2023-05-06,10488,Italy,STK007,Panier de rangement,3,19.69,59.07000000000001
INV502494,2023-05-06,10488,Italy,STK001,Lampe de bureau design,1,25.54,25.54
INV502494,2023-05-06,10488,Italy,STK009,Vase en verre,5,18.34,91.7
INV502495,2023-08-29,10488,Italy,STK011,Plateau en bambou,1,20.35,20.35
INV502495,2023-08-29,10488,Italy,STK002,Coussin en lin,1,20.91,20.91
INV502495,2023-08-29,10488,Italy,STK011,Plateau en bambou,3,23.31,69.92999999999999
INV502496,2023-05-01,10489,Germany,STK001,Lampe de bureau design,3,18.55,55.650000000000006
INV502496,2023-05-01,10489,Germany,STK001,Lampe de bureau design,3,27.87,83.61
INV502497,2023-07-21,10489,Germany,STK010,Guirlande lumineuse,5,13.51,67.55
INV502497,2023-07-21,10489,Germany,STK007,Panier de rangement,5,19.95,99.75
INV502498,2023-03-03,10490,France,STK008,Tapis de bain,5,27.7,138.5
INV502498,2023-03-03,10490,France,STK006,Cadre photo bois,3,8.81,26.43
INV502498,2023-03-03,10490,France,STK001,Lampe de bureau design,4,19.31,77.24
INV502499,2023-01-19,10490,France,STK010,Guirlande lumineuse,2,15.53,31.06
INV502499,2023-01-19,10490,France,STK008,Tapis de bain,2,32.55,65.1
INV502499,2023-01-19,10490,France,STK005,Bougie parfumee,4,12.66,50.64
INV502499,2023-01-19,10490,France,STK009,Vase en verre,5,17.01,85.05000000000001
INV502500,2023-07-10,10490,France,STK008,Tapis de bain,4,27.64,110.56
INV502501,2023-10-02,10490,France,STK005,Bougie parfumee,5,13.78,68.89999999999999
INV502501,2023-10-02,10490,France,STK005,Bougie parfumee,2,8.54,17.08
INV502502,2023-05-14,10490,France,STK004,Plaid tricote,3,36.87,110.60999999999999
INV502503,2023-03-05,10490,France,STK001,Lampe de bureau design,4,26.66,106.64
INV502504,2023-03-24,10490,France,STK011,Plateau en bambou,4,20.45,81.8
INV502504,2023-03-24,10490,France,STK006,Cadre photo bois,1,8.49,8.49
INV502505,2023-01-02,10490,France,STK008,Tapis de bain,1,24.29,24.29
INV502505,2023-01-02,10490,France,STK012,Miroir mural rond,1,39.49,39.49
INV502505,2023-01-02,10490,France,STK011,Plateau en bambou,4,12.32,49.28
INV502506,2023-07-09,10490,France,STK008,Tapis de bain,4,27.44,109.76
INV502506,2023-07-09,10490,France,STK010,Guirlande lumineuse,3,14.67,44.01
INV502507,2023-11-22,10491,France,STK007,Panier de rangement,4,24.2,96.8
INV502508,2023-10-31,10491,France,STK009,Vase en verre,3,24.84,74.52
INV502508,2023-10-31,10491,France,STK006,Cadre photo bois,2,12.0,24.0
INV502508,2023-10-31,10491,France,STK011,Plateau en bambou,2,19.09,38.18
INV502509,2023-09-15,10491,France,STK005,Bougie parfumee,1,8.89,8.89
INV502510,2023-10-08,10491,France,STK009,Vase en verre,2,20.66,41.32
INV502510,2023-10-08,10491,France,STK008,Tapis de bain,5,30.09,150.45
INV502510,2023-10-08,10491,France,STK012,Miroir mural rond,5,47.87,239.35
INV502511,2023-11-17,10491,France,STK008,Tapis de bain,4,25.89,103.56
INV502511,2023-11-17,10491,France,STK010,Guirlande lumineuse,5,16.5,82.5
INV502511,2023-11-17,10491,France,STK002,Coussin en lin,3,19.43,58.29
INV502512,2023-02-05,10492,France,STK006,Cadre photo bois,4,10.39,41.56
INV502512,2023-02-05,10492,France,STK005,Bougie parfumee,2,9.91,19.82
INV502512,2023-02-05,10492,France,STK010,Guirlande lumineuse,5,12.67,63.35
INV502512,2023-02-05,10492,France,STK010,Guirlande lumineuse,4,11.9,47.6
INV502513,2023-09-23,10492,France,STK004,Plaid tricote,2,25.11,50.22
INV502513,2023-09-23,10492,France,STK012,Miroir mural rond,4,34.67,138.68
INV502513,2023-09-23,10492,France,STK010,Guirlande lumineuse,5,14.77,73.85
INV502513,2023-09-23,10492,France,STK009,Vase en verre,4,28.88,115.52
INV502514,2023-05-04,10492,France,STK001,Lampe de bureau design,1,23.53,23.53
INV502514,2023-05-04,10492,France,STK006,Cadre photo bois,2,10.33,20.66
INV502514,2023-05-04,10492,France,STK004,Plaid tricote,4,27.31,109.24
INV502514,2023-05-04,10492,France,STK001,Lampe de bureau design,2,23.07,46.14
INV502515,2023-04-30,10492,France,STK008,Tapis de bain,2,26.32,52.64
INV502515,2023-04-30,10492,France,STK007,Panier de rangement,3,21.6,64.80000000000001
INV502515,2023-04-30,10492,France,STK009,Vase en verre,5,19.49,97.44999999999999
INV502515,2023-04-30,10492,France,STK012,Miroir mural rond,3,45.63,136.89000000000001
INV502516,2023-02-24,10493,France,STK008,Tapis de bain,1,32.48,32.48
INV502516,2023-02-24,10493,France,STK011,Plateau en bambou,2,20.41,40.82
INV502516,2023-02-24,10493,France,STK011,Plateau en bambou,1,20.8,20.8
INV502517,2023-11-24,10493,France,STK005,Bougie parfumee,1,11.9,11.9
INV502517,2023-11-24,10493,France,STK006,Cadre photo bois,5,9.88,49.400000000000006
INV502517,2023-11-24,10493,France,STK001,Lampe de bureau design,1,28.32,28.32
INV502517,2023-11-24,10493,France,STK006,Cadre photo bois,2,9.1,18.2
INV502518,2023-10-19,10493,France,STK004,Plaid tricote,2,33.88,67.76
INV502518,2023-10-19,10493,France,STK002,Coussin en lin,4,23.69,94.76
INV502518,2023-10-19,10493,France,STK011,Plateau en bambou,4,23.7,94.8
INV502518,2023-10-19,10493,France,STK011,Plateau en bambou,4,25.97,103.88
INV502519,2023-07-26,10494,France,STK010,Guirlande lumineuse,2,12.04,24.08
INV502520,2023-07-17,10494,France,STK012,Miroir mural rond,1,43.46,43.46
INV502521,2023-01-08,10494,France,STK005,Bougie parfumee,2,13.15,26.3
INV502521,2023-01-08,10494,France,STK008,Tapis de bain,1,27.46,27.46
INV502521,2023-01-08,10494,France,STK001,Lampe de bureau design,2,20.8,41.6
INV502521,2023-01-08,10494,France,STK001,Lampe de bureau design,3,27.54,82.62
INV502522,2023-04-21,10494,France,STK011,Plateau en bambou,1,21.85,21.85
INV502523,2023-12-25,10495,Spain,STK002,Coussin en lin,1,21.03,21.03
INV502523,2023-12-25,10495,Spain,STK007,Panier de rangement,4,21.45,85.8
INV502523,2023-12-25,10495,Spain,STK005,Bougie parfumee,3,12.65,37.95
INV502524,2023-11-18,10495,Spain,STK004,Plaid tricote,5,33.21,166.05
INV502524,2023-11-18,10495,Spain,STK001,Lampe de bureau design,1,24.7,24.7
INV502524,2023-11-18,10495,Spain,STK003,Set de tasses ceramique,3,14.96,44.88
INV502524,2023-11-18,10495,Spain,STK004,Plaid tricote,1,28.35,28.35
INV502525,2023-06-09,10495,Spain,STK008,Tapis de bain,3,28.82,86.46000000000001
INV502526,2023-05-18,10495,Spain,STK002,Coussin en lin,1,16.63,16.63
INV502526,2023-05-18,10495,Spain,STK012,Miroir mural rond,5,43.73,218.64999999999998
INV502527,2023-04-02,10495,Spain,STK010,Guirlande lumineuse,5,14.25,71.25
INV502527,2023-04-02,10495,Spain,STK001,Lampe de bureau design,5,30.29,151.45
INV502527,2023-04-02,10495,Spain,STK006,Cadre photo bois,4,10.61,42.44
INV502527,2023-04-02,10495,Spain,STK008,Tapis de bain,2,18.59,37.18
INV502528,2023-10-20,10495,Spain,STK001,Lampe de bureau design,5,26.05,130.25
INV502528,2023-10-20,10495,Spain,STK007,Panier de rangement,1,21.21,21.21
INV502528,2023-10-20,10495,Spain,STK006,Cadre photo bois,3,9.01,27.03
INV502528,2023-10-20,10495,Spain,STK001,Lampe de bureau design,3,31.47,94.41
INV502529,2023-03-05,10495,Spain,STK008,Tapis de bain,1,31.03,31.03
INV502530,2023-12-28,10495,Spain,STK012,Miroir mural rond,5,43.65,218.25
INV502531,2023-11-15,10495,Spain,STK005,Bougie parfumee,2,12.74,25.48
INV502531,2023-11-15,10495,Spain,STK010,Guirlande lumineuse,3,13.17,39.51
INV502532,2023-10-21,10495,Spain,STK004,Plaid tricote,4,31.54,126.16
INV502533,2023-12-18,10495,Spain,STK004,Plaid tricote,1,35.5,35.5
INV502533,2023-12-18,10495,Spain,STK002,Coussin en lin,2,21.33,42.66
INV502534,2023-01-07,10495,Spain,STK007,Panier de rangement,1,20.69,20.69
INV502534,2023-01-07,10495,Spain,STK001,Lampe de bureau design,2,28.42,56.84
INV502534,2023-01-07,10495,Spain,STK004,Plaid tricote,3,28.29,84.87
INV502534,2023-01-07,10495,Spain,STK004,Plaid tricote,3,29.87,89.61
INV502535,2023-03-28,10495,Spain,STK007,Panier de rangement,1,21.91,21.91
INV502535,2023-03-28,10495,Spain,STK011,Plateau en bambou,4,27.7,110.8
INV502536,2023-08-16,10495,Spain,STK012,Miroir mural rond,3,31.83,95.49
INV502537,2023-10-05,10495,Spain,STK009,Vase en verre,5,24.69,123.45
INV502537,2023-10-05,10495,Spain,STK007,Panier de rangement,4,20.32,81.28
INV502537,2023-10-05,10495,Spain,STK004,Plaid tricote,4,27.92,111.68
INV502537,2023-10-05,10495,Spain,STK003,Set de tasses ceramique,3,18.14,54.42
INV502538,2023-09-04,10496,France,STK007,Panier de rangement,4,22.55,90.2
INV502538,2023-09-04,10496,France,STK010,Guirlande lumineuse,2,8.96,17.92
INV502539,2023-01-05,10496,France,STK004,Plaid tricote,3,24.38,73.14
INV502540,2023-02-05,10496,France,STK008,Tapis de bain,3,25.74,77.22
INV502540,2023-02-05,10496,France,STK002,Coussin en lin,1,17.83,17.83
INV502541,2023-08-11,10496,France,STK002,Coussin en lin,2,13.62,27.24
INV502541,2023-08-11,10496,France,STK003,Set de tasses ceramique,4,13.82,55.28
INV502541,2023-08-11,10496,France,STK002,Coussin en lin,3,20.95,62.849999999999994
INV502541,2023-08-11,10496,France,STK012,Miroir mural rond,3,31.39,94.17
INV502542,2023-09-03,10496,France,STK002,Coussin en lin,3,21.29,63.87
INV502543,2023-07-21,10496,France,STK008,Tapis de bain,2,30.25,60.5
INV502544,2023-04-27,10497,France,STK010,Guirlande lumineuse,5,13.77,68.85
INV502544,2023-04-27,10497,France,STK004,Plaid tricote,5,29.75,148.75
INV502544,2023-04-27,10497,France,STK010,Guirlande lumineuse,4,13.41,53.64
INV502545,2023-02-13,10497,France,STK001,Lampe de bureau design,2,25.56,51.12
INV502545,2023-02-13,10497,France,STK010,Guirlande lumineuse,5,11.86,59.3
INV502545,2023-02-13,10497,France,STK012,Miroir mural rond,4,38.47,153.88
INV502545,2023-02-13,10497,France,STK006,Cadre photo bois,5,10.83,54.15
INV502546,2023-02-11,10497,France,STK003,Set de tasses ceramique,5,14.55,72.75
INV502546,2023-02-11,10497,France,STK012,Miroir mural rond,5,36.32,181.6
INV502546,2023-02-11,10497,France,STK003,Set de tasses ceramique,4,13.25,53.0
INV502547,2023-08-28,10498,France,STK004,Plaid tricote,4,31.53,126.12
INV502547,2023-08-28,10498,France,STK006,Cadre photo bois,2,10.89,21.78
INV502547,2023-08-28,10498,France,STK004,Plaid tricote,2,32.82,65.64
INV502548,2023-11-15,10498,France,STK004,Plaid tricote,1,25.72,25.72
INV502548,2023-11-15,10498,France,STK009,Vase en verre,5,16.91,84.55
INV502548,2023-11-15,10498,France,STK009,Vase en verre,2,18.85,37.7
INV502549,2023-12-09,10498,France,STK008,Tapis de bain,2,29.5,59.0
INV502549,2023-12-09,10498,France,STK005,Bougie parfumee,1,14.14,14.14
INV502549,2023-12-09,10498,France,STK010,Guirlande lumineuse,1,16.45,16.45
INV502550,2023-10-06,10499,Germany,STK012,Miroir mural rond,3,41.37,124.10999999999999
INV502551,2023-11-16,10499,Germany,STK002,Coussin en lin,2,22.31,44.62
INV502551,2023-11-16,10499,Germany,STK001,Lampe de bureau design,5,22.31,111.55
INV502551,2023-11-16,10499,Germany,STK004,Plaid tricote,5,23.59,117.95
INV502552,2023-12-24,10499,Germany,STK003,Set de tasses ceramique,4,15.6,62.4
INV502552,2023-12-24,10499,Germany,STK008,Tapis de bain,2,34.61,69.22
INV502553,2023-02-27,10499,Germany,STK006,Cadre photo bois,2,6.47,12.94
INV502553,2023-02-27,10499,Germany,STK005,Bougie parfumee,3,13.51,40.53
INV502554,2023-12-22,10499,Germany,STK009,Vase en verre,1,23.15,23.15
INV502554,2023-12-22,10499,Germany,STK011,Plateau en bambou,2,19.78,39.56
INV502554,2023-12-22,10499,Germany,STK009,Vase en verre,4,25.21,100.84
INV502554,2023-12-22,10499,Germany,STK004,Plaid tricote,2,32.42,64.84
INV502555,2023-01-30,10499,Germany,STK009,Vase en verre,5,18.1,90.5
INV502556,2023-10-30,10499,Germany,STK006,Cadre photo bois,5,9.02,45.099999999999994
INV502556,2023-10-30,10499,Germany,STK002,Coussin en lin,4,18.34,73.36
INV502556,2023-10-30,10499,Germany,STK010,Guirlande lumineuse,2,10.97,21.94
INV502556,2023-10-30,10499,Germany,STK003,Set de tasses ceramique,5,12.19,60.949999999999996
INV502557,2023-02-16,10499,Germany,STK010,Guirlande lumineuse,1,12.28,12.28
INV502557,2023-02-16,10499,Germany,STK006,Cadre photo bois,5,8.48,42.400000000000006
INV502557,2023-02-16,10499,Germany,STK002,Coussin en lin,5,16.45,82.25
INV502558,2023-03-05,10499,Germany,STK006,Cadre photo bois,4,6.49,25.96
INV502558,2023-03-05,10499,Germany,STK012,Miroir mural rond,3,40.1,120.30000000000001
INV502559,2023-06-30,10499,Germany,STK010,Guirlande lumineuse,3,15.05,45.150000000000006
INV502559,2023-06-30,10499,Germany,STK005,Bougie parfumee,5,9.75,48.75
INV502559,2023-06-30,10499,Germany,STK008,Tapis de bain,3,26.24,78.72
INV502559,2023-06-30,10499,Germany,STK005,Bougie parfumee,3,14.08,42.24
INV502560,2023-11-18,10499,Germany,STK005,Bougie parfumee,5,8.57,42.85
INV502561,2023-06-15,10499,Germany,STK012,Miroir mural rond,2,25.72,51.44
INV502562,2023-01-06,10499,Germany,STK011,Plateau en bambou,4,20.46,81.84
INV502563,2023-09-13,10500,Belgium,STK004,Plaid tricote,1,30.14,30.14
INV502563,2023-09-13,10500,Belgium,STK010,Guirlande lumineuse,5,11.1,55.5
INV502563,2023-09-13,10500,Belgium,STK005,Bougie parfumee,5,13.46,67.30000000000001
INV502564,2023-06-15,10501,Germany,STK007,Panier de rangement,4,16.97,67.88
INV502564,2023-06-15,10501,Germany,STK006,Cadre photo bois,2,5.75,11.5
INV502564,2023-06-15,10501,Germany,STK003,Set de tasses ceramique,4,15.92,63.68
INV502565,2023-06-14,10501,Germany,STK009,Vase en verre,2,24.81,49.62
INV502565,2023-06-14,10501,Germany,STK010,Guirlande lumineuse,3,13.73,41.19
INV502566,2023-03-11,10501,Germany,STK012,Miroir mural rond,3,36.56,109.68
INV502567,2023-06-16,10501,Germany,STK005,Bougie parfumee,2,16.1,32.2
INV502567,2023-06-16,10501,Germany,STK006,Cadre photo bois,5,10.04,50.199999999999996
INV502568,2023-10-01,10501,Germany,STK012,Miroir mural rond,2,35.72,71.44
INV502568,2023-10-01,10501,Germany,STK001,Lampe de bureau design,4,23.02,92.08
INV502569,2023-03-04,10501,Germany,STK009,Vase en verre,5,14.31,71.55
INV502569,2023-03-04,10501,Germany,STK008,Tapis de bain,2,25.84,51.68
INV502570,2023-06-23,10502,France,STK012,Miroir mural rond,4,43.46,173.84
INV502570,2023-06-23,10502,France,STK007,Panier de rangement,1,20.33,20.33
INV502570,2023-06-23,10502,France,STK010,Guirlande lumineuse,2,14.03,28.06
INV502571,2023-06-20,10503,France,STK003,Set de tasses ceramique,3,14.38,43.14
INV502571,2023-06-20,10503,France,STK002,Coussin en lin,4,17.9,71.6
INV502572,2023-06-30,10503,France,STK012,Miroir mural rond,5,38.88,194.4
INV502572,2023-06-30,10503,France,STK007,Panier de rangement,5,20.18,100.9
INV502573,2023-01-14,10504,France,STK005,Bougie parfumee,1,9.52,9.52
INV502573,2023-01-14,10504,France,STK012,Miroir mural rond,3,35.88,107.64000000000001
INV502574,2023-08-09,10504,France,STK003,Set de tasses ceramique,4,16.47,65.88
INV502574,2023-08-09,10504,France,STK003,Set de tasses ceramique,2,12.08,24.16
INV502574,2023-08-09,10504,France,STK001,Lampe de bureau design,3,24.69,74.07000000000001
INV502575,2023-07-15,10504,France,STK005,Bougie parfumee,2,15.35,30.7
INV502575,2023-07-15,10504,France,STK006,Cadre photo bois,4,9.86,39.44
INV502575,2023-07-15,10504,France,STK001,Lampe de bureau design,5,18.61,93.05
INV502576,2023-10-15,10504,France,STK004,Plaid tricote,1,31.77,31.77
INV502576,2023-10-15,10504,France,STK007,Panier de rangement,3,17.92,53.760000000000005
INV502576,2023-10-15,10504,France,STK005,Bougie parfumee,5,12.71,63.550000000000004
INV502577,2023-03-01,10504,France,STK004,Plaid tricote,5,34.9,174.5
INV502577,2023-03-01,10504,France,STK008,Tapis de bain,4,29.22,116.88
INV502577,2023-03-01,10504,France,STK011,Plateau en bambou,1,19.06,19.06
INV502578,2023-02-21,10504,France,STK001,Lampe de bureau design,2,24.89,49.78
INV502578,2023-02-21,10504,France,STK008,Tapis de bain,1,32.36,32.36
INV502578,2023-02-21,10504,France,STK003,Set de tasses ceramique,2,14.5,29.0
INV502579,2023-07-17,10504,France,STK010,Guirlande lumineuse,5,15.6,78.0
INV502579,2023-07-17,10504,France,STK002,Coussin en lin,5,17.01,85.05000000000001
INV502579,2023-07-17,10504,France,STK011,Plateau en bambou,4,19.45,77.8
INV502580,2023-01-26,10504,France,STK008,Tapis de bain,1,25.54,25.54
INV502580,2023-01-26,10504,France,STK004,Plaid tricote,4,35.59,142.36
INV502581,2023-07-06,10505,France,STK001,Lampe de bureau design,4,24.31,97.24
INV502581,2023-07-06,10505,France,STK005,Bougie parfumee,3,12.73,38.19
INV502581,2023-07-06,10505,France,STK005,Bougie parfumee,3,12.34,37.019999999999996
INV502582,2023-09-03,10505,France,STK007,Panier de rangement,3,20.4,61.199999999999996
INV502582,2023-09-03,10505,France,STK010,Guirlande lumineuse,3,14.87,44.61
INV502582,2023-09-03,10505,France,STK006,Cadre photo bois,3,9.91,29.73
INV502583,2023-03-10,10505,France,STK008,Tapis de bain,1,26.59,26.59
INV502583,2023-03-10,10505,France,STK007,Panier de rangement,2,22.86,45.72
INV502584,2023-11-16,10505,France,STK005,Bougie parfumee,4,11.9,47.6
INV502584,2023-11-16,10505,France,STK006,Cadre photo bois,1,11.67,11.67
INV502585,2023-05-28,10505,France,STK011,Plateau en bambou,3,21.23,63.69
INV502585,2023-05-28,10505,France,STK002,Coussin en lin,3,20.19,60.57000000000001
INV502585,2023-05-28,10505,France,STK005,Bougie parfumee,4,12.7,50.8
INV502585,2023-05-28,10505,France,STK007,Panier de rangement,5,19.46,97.30000000000001
INV502586,2023-10-01,10505,France,STK003,Set de tasses ceramique,4,15.31,61.24
INV502586,2023-10-01,10505,France,STK011,Plateau en bambou,3,23.15,69.44999999999999
INV502586,2023-10-01,10505,France,STK009,Vase en verre,1,19.89,19.89
INV502587,2023-03-21,10506,Germany,STK012,Miroir mural rond,1,24.24,24.24
INV502587,2023-03-21,10506,Germany,STK002,Coussin en lin,1,20.73,20.73
INV502588,2023-06-11,10506,Germany,STK003,Set de tasses ceramique,2,19.01,38.02
INV502588,2023-06-11,10506,Germany,STK006,Cadre photo bois,5,9.79,48.949999999999996
INV502588,2023-06-11,10506,Germany,STK009,Vase en verre,3,22.96,68.88
INV502588,2023-06-11,10506,Germany,STK007,Panier de rangement,1,21.26,21.26
INV502589,2023-11-10,10507,Portugal,STK006,Cadre photo bois,4,10.24,40.96
INV502589,2023-11-10,10507,Portugal,STK005,Bougie parfumee,2,10.07,20.14
INV502589,2023-11-10,10507,Portugal,STK006,Cadre photo bois,5,10.6,53.0
INV502590,2023-11-18,10508,Germany,STK008,Tapis de bain,5,27.79,138.95
INV502590,2023-11-18,10508,Germany,STK011,Plateau en bambou,4,17.87,71.48
INV502590,2023-11-18,10508,Germany,STK002,Coussin en lin,2,17.18,34.36
INV502591,2023-04-30,10508,Germany,STK001,Lampe de bureau design,4,28.73,114.92
INV502591,2023-04-30,10508,Germany,STK002,Coussin en lin,5,18.47,92.35
INV502591,2023-04-30,10508,Germany,STK008,Tapis de bain,3,27.61,82.83
INV502591,2023-04-30,10508,Germany,STK001,Lampe de bureau design,2,28.57,57.14
INV502592,2023-11-22,10508,Germany,STK001,Lampe de bureau design,4,22.33,89.32
INV502592,2023-11-22,10508,Germany,STK009,Vase en verre,1,25.94,25.94
INV502592,2023-11-22,10508,Germany,STK012,Miroir mural rond,5,36.39,181.95
INV502593,2023-09-29,10508,Germany,STK003,Set de tasses ceramique,1,16.87,16.87
INV502593,2023-09-29,10508,Germany,STK010,Guirlande lumineuse,5,11.51,57.55
INV502593,2023-09-29,10508,Germany,STK010,Guirlande lumineuse,1,14.75,14.75
INV502594,2023-06-21,10508,Germany,STK009,Vase en verre,5,21.58,107.89999999999999
INV502595,2023-11-27,10508,Germany,STK005,Bougie parfumee,5,13.63,68.15
INV502595,2023-11-27,10508,Germany,STK002,Coussin en lin,3,19.09,57.269999999999996
INV502595,2023-11-27,10508,Germany,STK007,Panier de rangement,5,25.25,126.25
INV502595,2023-11-27,10508,Germany,STK002,Coussin en lin,1,21.58,21.58
INV502596,2023-05-03,10508,Germany,STK008,Tapis de bain,3,33.72,101.16
INV502597,2023-03-28,10508,Germany,STK004,Plaid tricote,3,31.83,95.49
INV502597,2023-03-28,10508,Germany,STK002,Coussin en lin,3,16.33,48.989999999999995
INV502597,2023-03-28,10508,Germany,STK012,Miroir mural rond,5,41.76,208.79999999999998
INV502597,2023-03-28,10508,Germany,STK012,Miroir mural rond,4,48.68,194.72
INV502598,2023-10-30,10508,Germany,STK010,Guirlande lumineuse,1,11.27,11.27
INV502598,2023-10-30,10508,Germany,STK009,Vase en verre,3,22.12,66.36
INV502599,2023-12-26,10508,Germany,STK004,Plaid tricote,5,32.3,161.5
INV502599,2023-12-26,10508,Germany,STK005,Bougie parfumee,2,17.13,34.26
INV502599,2023-12-26,10508,Germany,STK006,Cadre photo bois,3,10.71,32.13
INV502599,2023-12-26,10508,Germany,STK006,Cadre photo bois,1,8.64,8.64
INV502600,2023-06-12,10508,Germany,STK003,Set de tasses ceramique,5,18.15,90.75
INV502600,2023-06-12,10508,Germany,STK009,Vase en verre,1,20.33,20.33
INV502601,2023-08-19,10508,Germany,STK012,Miroir mural rond,2,44.88,89.76
INV502602,2023-06-24,10508,Germany,STK004,Plaid tricote,5,27.75,138.75
INV502602,2023-06-24,10508,Germany,STK007,Panier de rangement,2,12.91,25.82
INV502602,2023-06-24,10508,Germany,STK006,Cadre photo bois,1,9.63,9.63
INV502603,2023-09-22,10508,Germany,STK012,Miroir mural rond,5,44.98,224.89999999999998
INV502603,2023-09-22,10508,Germany,STK006,Cadre photo bois,1,11.07,11.07
INV502603,2023-09-22,10508,Germany,STK004,Plaid tricote,5,30.12,150.6
INV502604,2023-06-22,10509,France,STK007,Panier de rangement,4,18.8,75.2
INV502604,2023-06-22,10509,France,STK012,Miroir mural rond,4,34.39,137.56
INV502604,2023-06-22,10509,France,STK007,Panier de rangement,2,25.5,51.0
INV502604,2023-06-22,10509,France,STK009,Vase en verre,5,16.59,82.95
INV502605,2023-05-20,10509,France,STK004,Plaid tricote,2,37.76,75.52
INV502606,2023-10-12,10509,France,STK005,Bougie parfumee,4,10.62,42.48
INV502606,2023-10-12,10509,France,STK010,Guirlande lumineuse,3,14.54,43.62
INV502606,2023-10-12,10509,France,STK001,Lampe de bureau design,3,23.98,71.94
INV502607,2023-04-04,10510,France,STK008,Tapis de bain,4,28.13,112.52
INV502607,2023-04-04,10510,France,STK004,Plaid tricote,3,33.74,101.22
INV502607,2023-04-04,10510,France,STK007,Panier de rangement,3,22.08,66.24
INV502607,2023-04-04,10510,France,STK002,Coussin en lin,5,17.96,89.80000000000001
INV502608,2023-12-26,10510,France,STK004,Plaid tricote,4,22.37,89.48
INV502608,2023-12-26,10510,France,STK007,Panier de rangement,5,20.81,104.05
INV502609,2023-09-17,10510,France,STK005,Bougie parfumee,2,13.21,26.42
INV502609,2023-09-17,10510,France,STK001,Lampe de bureau design,1,28.78,28.78
INV502610,2023-11-06,10510,France,STK011,Plateau en bambou,2,17.3,34.6
INV502610,2023-11-06,10510,France,STK003,Set de tasses ceramique,2,14.71,29.42
INV502610,2023-11-06,10510,France,STK006,Cadre photo bois,1,7.61,7.61
INV502611,2023-09-11,10510,France,STK009,Vase en verre,4,19.46,77.84
INV502611,2023-09-11,10510,France,STK006,Cadre photo bois,3,11.86,35.58
INV502611,2023-09-11,10510,France,STK007,Panier de rangement,5,21.4,107.0
INV502612,2023-09-25,10510,France,STK009,Vase en verre,5,25.31,126.55
INV502612,2023-09-25,10510,France,STK004,Plaid tricote,4,36.63,146.52
INV502612,2023-09-25,10510,France,STK011,Plateau en bambou,3,21.68,65.03999999999999
INV502613,2023-06-26,10510,France,STK004,Plaid tricote,2,33.71,67.42
INV502613,2023-06-26,10510,France,STK002,Coussin en lin,2,18.21,36.42
INV502613,2023-06-26,10510,France,STK009,Vase en verre,4,25.91,103.64
INV502613,2023-06-26,10510,France,STK004,Plaid tricote,2,32.34,64.68
INV502614,2023-07-22,10511,Spain,STK001,Lampe de bureau design,1,21.58,21.58
INV502614,2023-07-22,10511,Spain,STK006,Cadre photo bois,2,11.46,22.92
INV502614,2023-07-22,10511,Spain,STK012,Miroir mural rond,3,34.84,104.52000000000001
INV502614,2023-07-22,10511,Spain,STK009,Vase en verre,3,18.71,56.13
INV502615,2023-07-17,10511,Spain,STK008,Tapis de bain,1,28.92,28.92
INV502616,2023-02-14,10511,Spain,STK012,Miroir mural rond,2,27.54,55.08
INV502616,2023-02-14,10511,Spain,STK011,Plateau en bambou,1,25.15,25.15
INV502616,2023-02-14,10511,Spain,STK006,Cadre photo bois,5,11.16,55.8
INV502616,2023-02-14,10511,Spain,STK009,Vase en verre,5,20.23,101.15
INV502617,2023-04-05,10511,Spain,STK007,Panier de rangement,1,23.93,23.93
INV502617,2023-04-05,10511,Spain,STK009,Vase en verre,5,23.0,115.0
INV502618,2023-06-15,10512,Netherlands,STK008,Tapis de bain,5,32.37,161.85
INV502618,2023-06-15,10512,Netherlands,STK011,Plateau en bambou,2,22.05,44.1
INV502618,2023-06-15,10512,Netherlands,STK003,Set de tasses ceramique,5,15.88,79.4
INV502618,2023-06-15,10512,Netherlands,STK001,Lampe de bureau design,5,23.21,116.05000000000001
INV502619,2023-02-17,10512,Netherlands,STK002,Coussin en lin,2,18.44,36.88
INV502619,2023-02-17,10512,Netherlands,STK001,Lampe de bureau design,5,23.3,116.5
INV502620,2023-03-05,10512,Netherlands,STK003,Set de tasses ceramique,1,11.81,11.81
INV502620,2023-03-05,10512,Netherlands,STK010,Guirlande lumineuse,1,11.82,11.82
INV502620,2023-03-05,10512,Netherlands,STK007,Panier de rangement,4,18.68,74.72
INV502621,2023-10-06,10512,Netherlands,STK005,Bougie parfumee,2,11.42,22.84
INV502621,2023-10-06,10512,Netherlands,STK004,Plaid tricote,4,28.73,114.92
INV502622,2023-05-26,10512,Netherlands,STK007,Panier de rangement,3,23.42,70.26
INV502623,2023-12-19,10512,Netherlands,STK011,Plateau en bambou,2,23.42,46.84
INV502623,2023-12-19,10512,Netherlands,STK002,Coussin en lin,2,18.52,37.04
INV502624,2023-12-07,10512,Netherlands,STK007,Panier de rangement,1,23.36,23.36
INV502624,2023-12-07,10512,Netherlands,STK002,Coussin en lin,1,18.43,18.43
INV502624,2023-12-07,10512,Netherlands,STK010,Guirlande lumineuse,4,14.55,58.2
INV502624,2023-12-07,10512,Netherlands,STK011,Plateau en bambou,1,25.55,25.55
INV502625,2023-10-22,10512,Netherlands,STK009,Vase en verre,4,24.01,96.04
INV502625,2023-10-22,10512,Netherlands,STK006,Cadre photo bois,2,7.37,14.74
INV502626,2023-08-16,10512,Netherlands,STK006,Cadre photo bois,5,11.59,57.95
INV502627,2023-11-01,10512,Netherlands,STK001,Lampe de bureau design,5,24.68,123.4
INV502627,2023-11-01,10512,Netherlands,STK011,Plateau en bambou,1,20.1,20.1
INV502627,2023-11-01,10512,Netherlands,STK009,Vase en verre,4,21.35,85.4
INV502627,2023-11-01,10512,Netherlands,STK001,Lampe de bureau design,4,24.3,97.2
INV502628,2023-01-10,10512,Netherlands,STK009,Vase en verre,5,16.7,83.5
INV502628,2023-01-10,10512,Netherlands,STK004,Plaid tricote,2,29.08,58.16
INV502628,2023-01-10,10512,Netherlands,STK010,Guirlande lumineuse,5,14.99,74.95
INV502628,2023-01-10,10512,Netherlands,STK009,Vase en verre,3,20.88,62.64
INV502629,2023-12-18,10512,Netherlands,STK009,Vase en verre,5,17.9,89.5
INV502630,2023-12-25,10512,Netherlands,STK006,Cadre photo bois,5,7.83,39.15
INV502630,2023-12-25,10512,Netherlands,STK005,Bougie parfumee,4,13.87,55.48
INV502630,2023-12-25,10512,Netherlands,STK008,Tapis de bain,2,26.96,53.92
INV502630,2023-12-25,10512,Netherlands,STK012,Miroir mural rond,2,33.67,67.34
INV502631,2023-09-14,10512,Netherlands,STK004,Plaid tricote,1,37.5,37.5
INV502632,2023-09-07,10512,Netherlands,STK007,Panier de rangement,2,19.07,38.14
INV502633,2023-10-27,10512,Netherlands,STK002,Coussin en lin,2,18.44,36.88
INV502634,2023-01-02,10512,Netherlands,STK006,Cadre photo bois,4,12.57,50.28
INV502634,2023-01-02,10512,Netherlands,STK010,Guirlande lumineuse,1,12.26,12.26
INV502634,2023-01-02,10512,Netherlands,STK006,Cadre photo bois,2,10.27,20.54
INV502634,2023-01-02,10512,Netherlands,STK003,Set de tasses ceramique,4,12.65,50.6
INV502635,2023-10-14,10512,Netherlands,STK011,Plateau en bambou,5,21.67,108.35000000000001
INV502636,2023-07-06,10512,Netherlands,STK006,Cadre photo bois,1,6.24,6.24
INV502636,2023-07-06,10512,Netherlands,STK007,Panier de rangement,1,27.28,27.28
INV502636,2023-07-06,10512,Netherlands,STK012,Miroir mural rond,4,36.27,145.08
INV502637,2023-01-04,10512,Netherlands,STK006,Cadre photo bois,2,9.9,19.8
INV502637,2023-01-04,10512,Netherlands,STK002,Coussin en lin,3,16.97,50.91
INV502637,2023-01-04,10512,Netherlands,STK005,Bougie parfumee,5,11.31,56.550000000000004
INV502638,2023-07-26,10512,Netherlands,STK011,Plateau en bambou,3,24.0,72.0
INV502639,2023-02-01,10513,Belgium,STK008,Tapis de bain,3,30.5,91.5
INV502639,2023-02-01,10513,Belgium,STK001,Lampe de bureau design,3,32.5,97.5
INV502640,2023-05-01,10513,Belgium,STK005,Bougie parfumee,4,9.85,39.4
INV502641,2023-06-27,10513,Belgium,STK002,Coussin en lin,2,15.63,31.26
INV502641,2023-06-27,10513,Belgium,STK009,Vase en verre,1,17.28,17.28
INV502641,2023-06-27,10513,Belgium,STK003,Set de tasses ceramique,3,15.37,46.11
INV502641,2023-06-27,10513,Belgium,STK006,Cadre photo bois,2,11.09,22.18
INV502642,2023-02-23,10513,Belgium,STK009,Vase en verre,5,21.85,109.25
INV502642,2023-02-23,10513,Belgium,STK006,Cadre photo bois,5,12.49,62.45
INV502642,2023-02-23,10513,Belgium,STK010,Guirlande lumineuse,3,13.45,40.349999999999994
INV502642,2023-02-23,10513,Belgium,STK006,Cadre photo bois,2,9.33,18.66
INV502643,2023-01-27,10513,Belgium,STK010,Guirlande lumineuse,5,11.3,56.5
INV502643,2023-01-27,10513,Belgium,STK010,Guirlande lumineuse,2,16.36,32.72
INV502644,2023-01-15,10513,Belgium,STK009,Vase en verre,2,21.7,43.4
INV502645,2023-04-15,10513,Belgium,STK010,Guirlande lumineuse,5,12.76,63.8
INV502645,2023-04-15,10513,Belgium,STK010,Guirlande lumineuse,1,12.04,12.04
INV502646,2023-01-22,10513,Belgium,STK006,Cadre photo bois,5,8.37,41.849999999999994
INV502647,2023-04-02,10513,Belgium,STK005,Bougie parfumee,5,15.04,75.19999999999999
INV502647,2023-04-02,10513,Belgium,STK009,Vase en verre,3,23.66,70.98
INV502647,2023-04-02,10513,Belgium,STK010,Guirlande lumineuse,3,11.36,34.08
INV502648,2023-04-11,10514,France,STK006,Cadre photo bois,4,8.15,32.6
INV502648,2023-04-11,10514,France,STK001,Lampe de bureau design,5,27.46,137.3
INV502648,2023-04-11,10514,France,STK002,Coussin en lin,1,11.77,11.77
INV502649,2023-01-17,10515,France,STK009,Vase en verre,1,21.27,21.27
INV502649,2023-01-17,10515,France,STK002,Coussin en lin,4,16.58,66.32
INV502649,2023-01-17,10515,France,STK002,Coussin en lin,1,17.36,17.36
INV502650,2023-08-23,10515,France,STK010,Guirlande lumineuse,5,15.58,77.9
INV502650,2023-08-23,10515,France,STK001,Lampe de bureau design,2,26.64,53.28
INV502651,2023-02-01,10515,France,STK007,Panier de rangement,2,23.3,46.6
INV502651,2023-02-01,10515,France,STK005,Bougie parfumee,1,12.56,12.56
INV502651,2023-02-01,10515,France,STK005,Bougie parfumee,4,11.72,46.88
INV502651,2023-02-01,10515,France,STK003,Set de tasses ceramique,4,13.72,54.88
INV502652,2023-11-25,10516,Belgium,STK001,Lampe de bureau design,2,20.46,40.92
INV502653,2023-09-13,10516,Belgium,STK010,Guirlande lumineuse,4,14.41,57.64
INV502653,2023-09-13,10516,Belgium,STK003,Set de tasses ceramique,5,15.74,78.7
INV502653,2023-09-13,10516,Belgium,STK010,Guirlande lumineuse,3,11.99,35.97
INV502653,2023-09-13,10516,Belgium,STK011,Plateau en bambou,3,22.07,66.21000000000001
INV502654,2023-11-22,10516,Belgium,STK012,Miroir mural rond,3,38.41,115.22999999999999
INV502654,2023-11-22,10516,Belgium,STK002,Coussin en lin,4,17.34,69.36
INV502655,2023-03-26,10516,Belgium,STK011,Plateau en bambou,2,24.25,48.5
INV502655,2023-03-26,10516,Belgium,STK008,Tapis de bain,1,22.64,22.64
INV502655,2023-03-26,10516,Belgium,STK003,Set de tasses ceramique,5,13.12,65.6
INV502655,2023-03-26,10516,Belgium,STK008,Tapis de bain,3,23.47,70.41
INV502656,2023-04-21,10516,Belgium,STK007,Panier de rangement,1,18.66,18.66
INV502657,2023-09-30,10516,Belgium,STK008,Tapis de bain,3,25.15,75.44999999999999
INV502657,2023-09-30,10516,Belgium,STK011,Plateau en bambou,4,28.01,112.04
INV502657,2023-09-30,10516,Belgium,STK007,Panier de rangement,1,21.69,21.69
INV502657,2023-09-30,10516,Belgium,STK008,Tapis de bain,3,29.78,89.34
INV502658,2023-07-05,10516,Belgium,STK009,Vase en verre,2,19.67,39.34
INV502659,2023-04-22,10516,Belgium,STK011,Plateau en bambou,3,18.16,54.480000000000004
INV502659,2023-04-22,10516,Belgium,STK010,Guirlande lumineuse,2,15.43,30.86
INV502659,2023-04-22,10516,Belgium,STK007,Panier de rangement,3,25.9,77.69999999999999
INV502659,2023-04-22,10516,Belgium,STK012,Miroir mural rond,1,41.03,41.03
INV502660,2023-07-04,10516,Belgium,STK010,Guirlande lumineuse,4,13.92,55.68
INV502660,2023-07-04,10516,Belgium,STK006,Cadre photo bois,2,9.08,18.16
INV502660,2023-07-04,10516,Belgium,STK002,Coussin en lin,5,20.37,101.85000000000001
INV502660,2023-07-04,10516,Belgium,STK002,Coussin en lin,5,20.27,101.35
INV502661,2023-07-13,10516,Belgium,STK012,Miroir mural rond,4,35.65,142.6
INV502662,2023-12-04,10516,Belgium,STK002,Coussin en lin,3,22.16,66.48
INV502662,2023-12-04,10516,Belgium,STK010,Guirlande lumineuse,3,10.34,31.02
INV502662,2023-12-04,10516,Belgium,STK009,Vase en verre,3,19.98,59.94
INV502663,2023-07-25,10516,Belgium,STK001,Lampe de bureau design,3,27.39,82.17
INV502663,2023-07-25,10516,Belgium,STK006,Cadre photo bois,1,11.0,11.0
INV502663,2023-07-25,10516,Belgium,STK012,Miroir mural rond,5,34.08,170.39999999999998
INV502663,2023-07-25,10516,Belgium,STK004,Plaid tricote,3,36.66,109.97999999999999
INV502664,2023-12-05,10516,Belgium,STK010,Guirlande lumineuse,3,16.54,49.62
INV502665,2023-08-20,10517,Italy,STK005,Bougie parfumee,5,13.0,65.0
INV502665,2023-08-20,10517,Italy,STK007,Panier de rangement,2,24.16,48.32
INV502666,2023-06-22,10517,Italy,STK011,Plateau en bambou,1,23.37,23.37
INV502666,2023-06-22,10517,Italy,STK001,Lampe de bureau design,2,28.87,57.74
INV502666,2023-06-22,10517,Italy,STK011,Plateau en bambou,3,23.93,71.78999999999999
INV502667,2023-04-17,10517,Italy,STK003,Set de tasses ceramique,5,18.5,92.5
INV502667,2023-04-17,10517,Italy,STK002,Coussin en lin,5,18.32,91.6
INV502668,2023-01-18,10517,Italy,STK001,Lampe de bureau design,1,28.43,28.43
INV502668,2023-01-18,10517,Italy,STK004,Plaid tricote,4,30.66,122.64
INV502668,2023-01-18,10517,Italy,STK012,Miroir mural rond,1,47.49,47.49
INV502669,2023-09-14,10517,Italy,STK006,Cadre photo bois,4,7.56,30.24
INV502669,2023-09-14,10517,Italy,STK010,Guirlande lumineuse,5,16.03,80.15
INV502670,2023-01-03,10517,Italy,STK009,Vase en verre,4,20.75,83.0
INV502670,2023-01-03,10517,Italy,STK003,Set de tasses ceramique,3,14.99,44.97
INV502671,2023-02-12,10517,Italy,STK002,Coussin en lin,2,22.22,44.44
INV502672,2023-09-19,10517,Italy,STK001,Lampe de bureau design,3,28.58,85.74
INV502672,2023-09-19,10517,Italy,STK001,Lampe de bureau design,3,25.87,77.61
INV502673,2023-04-28,10517,Italy,STK002,Coussin en lin,5,15.74,78.7
INV502673,2023-04-28,10517,Italy,STK005,Bougie parfumee,3,15.64,46.92
INV502673,2023-04-28,10517,Italy,STK003,Set de tasses ceramique,4,14.94,59.76
INV502673,2023-04-28,10517,Italy,STK001,Lampe de bureau design,3,20.3,60.900000000000006
INV502674,2023-07-23,10518,France,STK010,Guirlande lumineuse,3,12.23,36.69
INV502675,2023-03-10,10518,France,STK012,Miroir mural rond,5,42.65,213.25
INV502675,2023-03-10,10518,France,STK002,Coussin en lin,2,16.5,33.0
INV502675,2023-03-10,10518,France,STK007,Panier de rangement,5,22.03,110.15
INV502676,2023-07-18,10518,France,STK006,Cadre photo bois,2,11.84,23.68
INV502677,2023-04-02,10518,France,STK009,Vase en verre,3,22.39,67.17
INV502677,2023-04-02,10518,France,STK012,Miroir mural rond,2,37.19,74.38
INV502678,2023-01-21,10518,France,STK010,Guirlande lumineuse,5,12.43,62.15
INV502678,2023-01-21,10518,France,STK002,Coussin en lin,4,22.19,88.76
INV502678,2023-01-21,10518,France,STK007,Panier de rangement,1,20.81,20.81
INV502678,2023-01-21,10518,France,STK006,Cadre photo bois,1,9.48,9.48
INV502679,2023-05-30,10518,France,STK010,Guirlande lumineuse,2,16.95,33.9
INV502679,2023-05-30,10518,France,STK005,Bougie parfumee,4,15.97,63.88
INV502679,2023-05-30,10518,France,STK010,Guirlande lumineuse,4,14.63,58.52
INV502680,2023-12-13,10518,France,STK001,Lampe de bureau design,5,23.68,118.4
INV502680,2023-12-13,10518,France,STK011,Plateau en bambou,2,22.35,44.7
INV502681,2023-06-10,10518,France,STK010,Guirlande lumineuse,4,13.86,55.44
INV502681,2023-06-10,10518,France,STK007,Panier de rangement,2,21.47,42.94
INV502681,2023-06-10,10518,France,STK012,Miroir mural rond,5,50.84,254.20000000000002
INV502681,2023-06-10,10518,France,STK007,Panier de rangement,1,24.7,24.7
INV502682,2023-09-29,10518,France,STK010,Guirlande lumineuse,4,14.47,57.88
INV502683,2023-02-09,10518,France,STK011,Plateau en bambou,3,17.7,53.099999999999994
INV502683,2023-02-09,10518,France,STK001,Lampe de bureau design,2,32.87,65.74
INV502683,2023-02-09,10518,France,STK008,Tapis de bain,2,26.65,53.3
INV502683,2023-02-09,10518,France,STK012,Miroir mural rond,1,44.05,44.05
INV502684,2023-03-01,10519,France,STK003,Set de tasses ceramique,1,12.92,12.92
INV502685,2023-06-04,10519,France,STK006,Cadre photo bois,1,10.98,10.98
INV502685,2023-06-04,10519,France,STK009,Vase en verre,5,18.24,91.19999999999999
INV502686,2023-02-17,10519,France,STK008,Tapis de bain,2,22.09,44.18
INV502686,2023-02-17,10519,France,STK005,Bougie parfumee,3,11.11,33.33
INV502687,2023-12-23,10519,France,STK009,Vase en verre,1,17.3,17.3
INV502688,2023-03-15,10519,France,STK005,Bougie parfumee,1,14.89,14.89
INV502688,2023-03-15,10519,France,STK002,Coussin en lin,5,14.95,74.75
INV502688,2023-03-15,10519,France,STK003,Set de tasses ceramique,5,13.37,66.85
INV502689,2023-05-22,10519,France,STK011,Plateau en bambou,5,20.35,101.75
INV502689,2023-05-22,10519,France,STK006,Cadre photo bois,1,12.73,12.73
INV502689,2023-05-22,10519,France,STK008,Tapis de bain,5,32.43,162.15
INV502690,2023-10-09,10519,France,STK006,Cadre photo bois,2,9.78,19.56
INV502691,2023-06-17,10519,France,STK002,Coussin en lin,1,13.84,13.84
INV502691,2023-06-17,10519,France,STK001,Lampe de bureau design,3,28.94,86.82000000000001
INV502692,2023-05-15,10519,France,STK012,Miroir mural rond,1,39.73,39.73
INV502692,2023-05-15,10519,France,STK010,Guirlande lumineuse,4,14.67,58.68
INV502692,2023-05-15,10519,France,STK005,Bougie parfumee,5,12.07,60.35
INV502693,2023-07-21,10520,France,STK003,Set de tasses ceramique,3,12.37,37.11
INV502693,2023-07-21,10520,France,STK007,Panier de rangement,1,31.63,31.63
INV502694,2023-11-28,10520,France,STK001,Lampe de bureau design,4,27.54,110.16
INV502694,2023-11-28,10520,France,STK004,Plaid tricote,2,30.42,60.84
INV502695,2023-08-16,10520,France,STK004,Plaid tricote,1,31.61,31.61
INV502696,2023-04-07,10521,France,STK005,Bougie parfumee,5,9.43,47.15
INV502696,2023-04-07,10521,France,STK004,Plaid tricote,3,39.22,117.66
INV502696,2023-04-07,10521,France,STK009,Vase en verre,5,26.38,131.9
INV502697,2023-03-21,10521,France,STK007,Panier de rangement,4,21.35,85.4
INV502697,2023-03-21,10521,France,STK003,Set de tasses ceramique,2,15.6,31.2
INV502698,2023-01-23,10521,France,STK005,Bougie parfumee,5,15.52,77.6
INV502698,2023-01-23,10521,France,STK009,Vase en verre,4,21.07,84.28
INV502698,2023-01-23,10521,France,STK001,Lampe de bureau design,5,26.02,130.1
INV502698,2023-01-23,10521,France,STK006,Cadre photo bois,4,11.43,45.72
INV502699,2023-01-20,10521,France,STK009,Vase en verre,4,19.89,79.56
INV502699,2023-01-20,10521,France,STK007,Panier de rangement,5,18.01,90.05000000000001
INV502699,2023-01-20,10521,France,STK007,Panier de rangement,2,18.51,37.02
INV502700,2023-04-15,10521,France,STK007,Panier de rangement,5,22.42,112.10000000000001
INV502701,2023-08-07,10521,France,STK012,Miroir mural rond,1,48.15,48.15
INV502702,2023-05-22,10521,France,STK007,Panier de rangement,4,23.77,95.08
INV502702,2023-05-22,10521,France,STK010,Guirlande lumineuse,4,12.58,50.32
INV502703,2023-09-01,10522,Italy,STK004,Plaid tricote,5,36.09,180.45000000000002
INV502703,2023-09-01,10522,Italy,STK003,Set de tasses ceramique,2,15.75,31.5
INV502703,2023-09-01,10522,Italy,STK009,Vase en verre,5,16.74,83.69999999999999
INV502703,2023-09-01,10522,Italy,STK003,Set de tasses ceramique,2,14.53,29.06
INV502704,2023-03-22,10522,Italy,STK005,Bougie parfumee,2,10.9,21.8
INV502704,2023-03-22,10522,Italy,STK005,Bougie parfumee,3,13.43,40.29
INV502704,2023-03-22,10522,Italy,STK009,Vase en verre,4,17.26,69.04
INV502705,2023-03-21,10522,Italy,STK010,Guirlande lumineuse,5,14.63,73.15
INV502706,2023-07-06,10522,Italy,STK011,Plateau en bambou,5,21.0,105.0
INV502706,2023-07-06,10522,Italy,STK011,Plateau en bambou,2,17.97,35.94
INV502706,2023-07-06,10522,Italy,STK009,Vase en verre,1,21.37,21.37
INV502706,2023-07-06,10522,Italy,STK011,Plateau en bambou,1,23.19,23.19
INV502707,2023-01-23,10523,Belgium,STK006,Cadre photo bois,4,8.07,32.28
INV502707,2023-01-23,10523,Belgium,STK004,Plaid tricote,3,37.49,112.47
INV502707,2023-01-23,10523,Belgium,STK005,Bougie parfumee,3,13.71,41.13
INV502708,2023-09-30,10523,Belgium,STK004,Plaid tricote,1,36.6,36.6
INV502708,2023-09-30,10523,Belgium,STK006,Cadre photo bois,5,9.89,49.45
INV502708,2023-09-30,10523,Belgium,STK002,Coussin en lin,2,18.65,37.3
INV502709,2023-11-08,10524,Portugal,STK011,Plateau en bambou,3,25.99,77.97
INV502710,2023-06-22,10525,France,STK009,Vase en verre,1,19.7,19.7
INV502710,2023-06-22,10525,France,STK006,Cadre photo bois,4,9.15,36.6
INV502710,2023-06-22,10525,France,STK012,Miroir mural rond,4,47.6,190.4
INV502710,2023-06-22,10525,France,STK010,Guirlande lumineuse,1,16.26,16.26
INV502711,2023-05-18,10525,France,STK006,Cadre photo bois,4,9.48,37.92
INV502711,2023-05-18,10525,France,STK004,Plaid tricote,1,35.68,35.68
INV502711,2023-05-18,10525,France,STK003,Set de tasses ceramique,5,15.63,78.15
INV502712,2023-01-28,10525,France,STK005,Bougie parfumee,3,14.33,42.99
INV502712,2023-01-28,10525,France,STK006,Cadre photo bois,4,11.65,46.6
INV502712,2023-01-28,10525,France,STK008,Tapis de bain,2,24.81,49.62
INV502713,2023-06-24,10525,France,STK004,Plaid tricote,2,29.95,59.9
INV502713,2023-06-24,10525,France,STK001,Lampe de bureau design,4,25.17,100.68
INV502714,2023-03-01,10526,France,STK002,Coussin en lin,5,19.16,95.8
INV502715,2023-01-21,10526,France,STK004,Plaid tricote,5,25.63,128.15
INV502715,2023-01-21,10526,France,STK003,Set de tasses ceramique,5,13.4,67.0
INV502715,2023-01-21,10526,France,STK008,Tapis de bain,5,28.69,143.45000000000002
INV502716,2023-02-25,10526,France,STK009,Vase en verre,3,19.12,57.36
INV502717,2023-08-02,10526,France,STK010,Guirlande lumineuse,2,11.87,23.74
INV502718,2023-07-24,10526,France,STK009,Vase en verre,4,15.3,61.2
INV502718,2023-07-24,10526,France,STK011,Plateau en bambou,5,22.42,112.10000000000001
INV502719,2023-09-12,10526,France,STK004,Plaid tricote,1,29.72,29.72
INV502719,2023-09-12,10526,France,STK007,Panier de rangement,4,19.34,77.36
INV502720,2023-09-18,10526,France,STK002,Coussin en lin,1,18.83,18.83
INV502721,2023-12-23,10526,France,STK004,Plaid tricote,3,35.54,106.62
INV502721,2023-12-23,10526,France,STK010,Guirlande lumineuse,1,15.55,15.55
INV502721,2023-12-23,10526,France,STK004,Plaid tricote,4,29.35,117.4
INV502722,2023-03-10,10526,France,STK004,Plaid tricote,5,37.35,186.75
INV502722,2023-03-10,10526,France,STK005,Bougie parfumee,1,9.38,9.38
INV502722,2023-03-10,10526,France,STK004,Plaid tricote,5,36.78,183.9
INV502723,2023-02-16,10526,France,STK010,Guirlande lumineuse,5,14.97,74.85000000000001
INV502724,2023-10-20,10526,France,STK009,Vase en verre,3,22.22,66.66
INV502725,2023-05-09,10527,Spain,STK012,Miroir mural rond,5,32.38,161.9
INV502725,2023-05-09,10527,Spain,STK002,Coussin en lin,2,18.78,37.56
INV502725,2023-05-09,10527,Spain,STK005,Bougie parfumee,3,8.45,25.349999999999998
INV502725,2023-05-09,10527,Spain,STK008,Tapis de bain,5,28.07,140.35
INV502726,2023-05-11,10527,Spain,STK012,Miroir mural rond,1,39.59,39.59
INV502726,2023-05-11,10527,Spain,STK005,Bougie parfumee,2,9.06,18.12
INV502726,2023-05-11,10527,Spain,STK008,Tapis de bain,3,22.62,67.86
INV502726,2023-05-11,10527,Spain,STK001,Lampe de bureau design,5,22.55,112.75
INV502727,2023-01-11,10527,Spain,STK003,Set de tasses ceramique,3,12.61,37.83
INV502728,2023-12-02,10527,Spain,STK007,Panier de rangement,1,19.15,19.15
INV502728,2023-12-02,10527,Spain,STK006,Cadre photo bois,5,9.06,45.300000000000004
INV502728,2023-12-02,10527,Spain,STK004,Plaid tricote,2,37.42,74.84
INV502728,2023-12-02,10527,Spain,STK003,Set de tasses ceramique,5,16.35,81.75
INV502729,2023-11-08,10527,Spain,STK010,Guirlande lumineuse,1,13.15,13.15
INV502729,2023-11-08,10527,Spain,STK005,Bougie parfumee,2,13.05,26.1
INV502729,2023-11-08,10527,Spain,STK005,Bougie parfumee,3,10.26,30.78
INV502730,2023-11-04,10527,Spain,STK007,Panier de rangement,5,24.44,122.2
INV502730,2023-11-04,10527,Spain,STK004,Plaid tricote,3,30.78,92.34
INV502730,2023-11-04,10527,Spain,STK001,Lampe de bureau design,3,31.02,93.06
INV502731,2023-11-14,10527,Spain,STK003,Set de tasses ceramique,2,9.18,18.36
INV502732,2023-04-26,10528,Germany,STK007,Panier de rangement,3,19.14,57.42
INV502732,2023-04-26,10528,Germany,STK009,Vase en verre,5,23.86,119.3
INV502732,2023-04-26,10528,Germany,STK011,Plateau en bambou,5,25.44,127.2
INV502733,2023-01-08,10528,Germany,STK010,Guirlande lumineuse,1,10.0,10.0
INV502733,2023-01-08,10528,Germany,STK004,Plaid tricote,4,35.0,140.0
INV502734,2023-08-11,10528,Germany,STK010,Guirlande lumineuse,1,14.7,14.7
INV502734,2023-08-11,10528,Germany,STK006,Cadre photo bois,4,8.87,35.48
INV502734,2023-08-11,10528,Germany,STK010,Guirlande lumineuse,2,20.67,41.34
INV502735,2023-02-07,10528,Germany,STK006,Cadre photo bois,2,10.27,20.54
INV502735,2023-02-07,10528,Germany,STK005,Bougie parfumee,3,9.31,27.93
INV502735,2023-02-07,10528,Germany,STK002,Coussin en lin,1,19.93,19.93
INV502735,2023-02-07,10528,Germany,STK008,Tapis de bain,2,34.02,68.04
INV502736,2023-03-10,10528,Germany,STK001,Lampe de bureau design,2,23.52,47.04
INV502736,2023-03-10,10528,Germany,STK004,Plaid tricote,2,32.87,65.74
INV502737,2023-06-15,10529,France,STK011,Plateau en bambou,3,22.88,68.64
INV502738,2023-01-21,10529,France,STK010,Guirlande lumineuse,4,14.79,59.16
INV502739,2023-05-17,10529,France,STK008,Tapis de bain,5,31.43,157.15
INV502739,2023-05-17,10529,France,STK008,Tapis de bain,5,25.65,128.25
INV502739,2023-05-17,10529,France,STK008,Tapis de bain,4,29.31,117.24
INV502740,2023-11-22,10530,France,STK011,Plateau en bambou,2,24.13,48.26
INV502741,2023-11-12,10530,France,STK010,Guirlande lumineuse,3,16.13,48.39
INV502741,2023-11-12,10530,France,STK002,Coussin en lin,3,9.88,29.64
INV502742,2023-10-21,10530,France,STK003,Set de tasses ceramique,4,12.69,50.76
INV502742,2023-10-21,10530,France,STK010,Guirlande lumineuse,1,14.54,14.54
INV502742,2023-10-21,10530,France,STK012,Miroir mural rond,5,43.69,218.45
INV502742,2023-10-21,10530,France,STK003,Set de tasses ceramique,5,17.99,89.94999999999999
INV502743,2023-04-27,10530,France,STK005,Bougie parfumee,2,13.56,27.12
INV502743,2023-04-27,10530,France,STK010,Guirlande lumineuse,5,15.98,79.9
INV502744,2023-04-09,10531,Belgium,STK006,Cadre photo bois,1,9.9,9.9
INV502744,2023-04-09,10531,Belgium,STK009,Vase en verre,1,19.74,19.74
INV502744,2023-04-09,10531,Belgium,STK002,Coussin en lin,1,13.37,13.37
INV502744,2023-04-09,10531,Belgium,STK010,Guirlande lumineuse,5,16.12,80.60000000000001
INV502745,2023-07-15,10531,Belgium,STK007,Panier de rangement,1,20.27,20.27
INV502745,2023-07-15,10531,Belgium,STK001,Lampe de bureau design,3,20.48,61.44
INV502745,2023-07-15,10531,Belgium,STK008,Tapis de bain,5,33.44,167.2
INV502745,2023-07-15,10531,Belgium,STK007,Panier de rangement,2,24.47,48.94
INV502746,2023-06-01,10531,Belgium,STK004,Plaid tricote,2,29.17,58.34
INV502746,2023-06-01,10531,Belgium,STK008,Tapis de bain,1,23.59,23.59
INV502747,2023-08-05,10531,Belgium,STK005,Bougie parfumee,5,12.28,61.4
INV502747,2023-08-05,10531,Belgium,STK005,Bougie parfumee,2,11.0,22.0
INV502747,2023-08-05,10531,Belgium,STK004,Plaid tricote,3,24.59,73.77
INV502747,2023-08-05,10531,Belgium,STK008,Tapis de bain,3,22.14,66.42
INV502748,2023-04-16,10531,Belgium,STK012,Miroir mural rond,4,38.42,153.68
INV502748,2023-04-16,10531,Belgium,STK005,Bougie parfumee,1,13.77,13.77
INV502749,2023-10-06,10531,Belgium,STK005,Bougie parfumee,4,13.57,54.28
INV502749,2023-10-06,10531,Belgium,STK007,Panier de rangement,5,19.47,97.35
INV502749,2023-10-06,10531,Belgium,STK010,Guirlande lumineuse,2,13.44,26.88
INV502750,2023-08-29,10531,Belgium,STK004,Plaid tricote,5,29.28,146.4
INV502750,2023-08-29,10531,Belgium,STK004,Plaid tricote,3,24.96,74.88
INV502750,2023-08-29,10531,Belgium,STK011,Plateau en bambou,5,20.18,100.9
INV502751,2023-04-18,10531,Belgium,STK005,Bougie parfumee,4,12.5,50.0
INV502751,2023-04-18,10531,Belgium,STK010,Guirlande lumineuse,5,17.54,87.69999999999999
INV502751,2023-04-18,10531,Belgium,STK002,Coussin en lin,2,18.35,36.7
INV502752,2023-02-24,10531,Belgium,STK002,Coussin en lin,3,24.09,72.27
INV502752,2023-02-24,10531,Belgium,STK009,Vase en verre,5,23.2,116.0
INV502752,2023-02-24,10531,Belgium,STK003,Set de tasses ceramique,2,10.68,21.36
INV502753,2023-09-11,10531,Belgium,STK011,Plateau en bambou,3,19.86,59.58
INV502753,2023-09-11,10531,Belgium,STK011,Plateau en bambou,3,20.01,60.03
INV502753,2023-09-11,10531,Belgium,STK011,Plateau en bambou,1,14.9,14.9
INV502753,2023-09-11,10531,Belgium,STK005,Bougie parfumee,5,13.66,68.3
INV502754,2023-12-27,10531,Belgium,STK001,Lampe de bureau design,3,26.18,78.53999999999999
INV502754,2023-12-27,10531,Belgium,STK001,Lampe de bureau design,2,21.33,42.66
INV502755,2023-12-21,10531,Belgium,STK004,Plaid tricote,2,31.74,63.48
INV502755,2023-12-21,10531,Belgium,STK004,Plaid tricote,4,29.53,118.12
INV502755,2023-12-21,10531,Belgium,STK002,Coussin en lin,4,16.78,67.12
INV502756,2023-12-29,10531,Belgium,STK001,Lampe de bureau design,4,26.43,105.72
INV502756,2023-12-29,10531,Belgium,STK010,Guirlande lumineuse,1,14.0,14.0
INV502757,2023-07-21,10531,Belgium,STK009,Vase en verre,2,19.93,39.86
INV502757,2023-07-21,10531,Belgium,STK011,Plateau en bambou,5,26.21,131.05
INV502757,2023-07-21,10531,Belgium,STK001,Lampe de bureau design,2,26.57,53.14
INV502758,2023-12-08,10531,Belgium,STK011,Plateau en bambou,1,19.32,19.32
INV502758,2023-12-08,10531,Belgium,STK005,Bougie parfumee,5,12.73,63.650000000000006
INV502758,2023-12-08,10531,Belgium,STK005,Bougie parfumee,1,11.4,11.4
INV502759,2023-08-26,10532,Germany,STK011,Plateau en bambou,4,24.08,96.32
INV502759,2023-08-26,10532,Germany,STK006,Cadre photo bois,1,9.48,9.48
INV502759,2023-08-26,10532,Germany,STK004,Plaid tricote,2,32.6,65.2
INV502760,2023-01-12,10532,Germany,STK007,Panier de rangement,3,21.32,63.96
INV502760,2023-01-12,10532,Germany,STK012,Miroir mural rond,1,42.6,42.6
INV502760,2023-01-12,10532,Germany,STK011,Plateau en bambou,3,18.42,55.260000000000005
INV502760,2023-01-12,10532,Germany,STK012,Miroir mural rond,3,44.21,132.63
INV502761,2023-06-18,10532,Germany,STK003,Set de tasses ceramique,3,13.38,40.14
INV502761,2023-06-18,10532,Germany,STK012,Miroir mural rond,5,47.22,236.1
INV502761,2023-06-18,10532,Germany,STK006,Cadre photo bois,2,8.7,17.4
INV502762,2023-03-24,10532,Germany,STK007,Panier de rangement,4,20.72,82.88
INV502762,2023-03-24,10532,Germany,STK002,Coussin en lin,2,18.06,36.12
INV502763,2023-03-01,10533,France,STK001,Lampe de bureau design,5,24.45,122.25
INV502763,2023-03-01,10533,France,STK003,Set de tasses ceramique,2,14.45,28.9
INV502764,2023-03-24,10533,France,STK004,Plaid tricote,3,26.43,79.28999999999999
INV502764,2023-03-24,10533,France,STK002,Coussin en lin,3,21.59,64.77
INV502764,2023-03-24,10533,France,STK008,Tapis de bain,2,28.25,56.5
INV502765,2023-01-28,10533,France,STK006,Cadre photo bois,4,9.84,39.36
INV502765,2023-01-28,10533,France,STK004,Plaid tricote,5,36.02,180.10000000000002
INV502765,2023-01-28,10533,France,STK007,Panier de rangement,5,17.64,88.2
INV502765,2023-01-28,10533,France,STK004,Plaid tricote,1,28.38,28.38
INV502766,2023-01-12,10533,France,STK009,Vase en verre,2,22.04,44.08
INV502767,2023-06-22,10533,France,STK004,Plaid tricote,5,23.11,115.55
INV502767,2023-06-22,10533,France,STK012,Miroir mural rond,4,40.26,161.04
INV502767,2023-06-22,10533,France,STK001,Lampe de bureau design,4,24.31,97.24
INV502767,2023-06-22,10533,France,STK006,Cadre photo bois,5,8.48,42.400000000000006
INV502768,2023-01-22,10533,France,STK009,Vase en verre,1,15.12,15.12
INV502768,2023-01-22,10533,France,STK008,Tapis de bain,2,32.13,64.26
INV502769,2023-04-10,10534,France,STK005,Bougie parfumee,1,10.73,10.73
INV502769,2023-04-10,10534,France,STK010,Guirlande lumineuse,4,15.19,60.76
INV502769,2023-04-10,10534,France,STK004,Plaid tricote,4,37.99,151.96
INV502769,2023-04-10,10534,France,STK006,Cadre photo bois,1,12.07,12.07
INV502770,2023-06-22,10534,France,STK012,Miroir mural rond,3,48.55,145.64999999999998
INV502770,2023-06-22,10534,France,STK006,Cadre photo bois,2,11.57,23.14
INV502770,2023-06-22,10534,France,STK001,Lampe de bureau design,4,20.63,82.52
INV502770,2023-06-22,10534,France,STK008,Tapis de bain,2,25.05,50.1
INV502771,2023-09-05,10534,France,STK002,Coussin en lin,4,20.36,81.44
INV502771,2023-09-05,10534,France,STK006,Cadre photo bois,4,11.18,44.72
INV502771,2023-09-05,10534,France,STK012,Miroir mural rond,5,46.19,230.95
INV502772,2023-01-13,10534,France,STK001,Lampe de bureau design,1,24.88,24.88
INV502772,2023-01-13,10534,France,STK010,Guirlande lumineuse,1,11.39,11.39
INV502773,2023-02-12,10534,France,STK001,Lampe de bureau design,3,22.49,67.47
INV502773,2023-02-12,10534,France,STK011,Plateau en bambou,3,14.31,42.93
INV502774,2023-07-05,10535,Portugal,STK002,Coussin en lin,5,16.81,84.05
INV502775,2023-09-16,10535,Portugal,STK007,Panier de rangement,4,23.95,95.8
INV502775,2023-09-16,10535,Portugal,STK005,Bougie parfumee,2,12.68,25.36
INV502775,2023-09-16,10535,Portugal,STK002,Coussin en lin,3,19.09,57.269999999999996
INV502776,2023-02-27,10535,Portugal,STK002,Coussin en lin,2,17.55,35.1
INV502777,2023-09-22,10535,Portugal,STK005,Bougie parfumee,1,14.15,14.15
INV502777,2023-09-22,10535,Portugal,STK005,Bougie parfumee,1,8.35,8.35
INV502777,2023-09-22,10535,Portugal,STK006,Cadre photo bois,2,12.22,24.44
INV502777,2023-09-22,10535,Portugal,STK007,Panier de rangement,3,18.5,55.5
INV502778,2023-06-22,10535,Portugal,STK002,Coussin en lin,1,18.31,18.31
INV502778,2023-06-22,10535,Portugal,STK002,Coussin en lin,5,17.4,87.0
INV502778,2023-06-22,10535,Portugal,STK002,Coussin en lin,3,14.61,43.83
INV502778,2023-06-22,10535,Portugal,STK003,Set de tasses ceramique,4,15.86,63.44
INV502779,2023-11-23,10535,Portugal,STK008,Tapis de bain,3,27.13,81.39
INV502779,2023-11-23,10535,Portugal,STK003,Set de tasses ceramique,2,20.03,40.06
INV502780,2023-09-18,10535,Portugal,STK004,Plaid tricote,4,29.91,119.64
INV502780,2023-09-18,10535,Portugal,STK009,Vase en verre,3,16.82,50.46
INV502780,2023-09-18,10535,Portugal,STK004,Plaid tricote,1,28.11,28.11
INV502781,2023-02-08,10535,Portugal,STK009,Vase en verre,5,20.99,104.94999999999999
INV502781,2023-02-08,10535,Portugal,STK008,Tapis de bain,4,32.05,128.2
INV502782,2023-02-04,10536,France,STK012,Miroir mural rond,5,40.66,203.29999999999998
INV502782,2023-02-04,10536,France,STK011,Plateau en bambou,1,25.15,25.15
INV502782,2023-02-04,10536,France,STK009,Vase en verre,3,16.15,48.449999999999996
INV502783,2023-03-14,10536,France,STK002,Coussin en lin,2,16.0,32.0
INV502784,2023-03-12,10536,France,STK009,Vase en verre,3,19.31,57.92999999999999
INV502784,2023-03-12,10536,France,STK010,Guirlande lumineuse,5,15.25,76.25
INV502785,2023-02-02,10536,France,STK006,Cadre photo bois,5,8.27,41.349999999999994
INV502785,2023-02-02,10536,France,STK001,Lampe de bureau design,4,21.49,85.96
INV502785,2023-02-02,10536,France,STK004,Plaid tricote,1,34.55,34.55
INV502785,2023-02-02,10536,France,STK003,Set de tasses ceramique,3,16.8,50.400000000000006
INV502786,2023-02-06,10536,France,STK010,Guirlande lumineuse,5,11.78,58.9
INV502786,2023-02-06,10536,France,STK002,Coussin en lin,4,18.22,72.88
INV502786,2023-02-06,10536,France,STK004,Plaid tricote,2,29.33,58.66
INV502786,2023-02-06,10536,France,STK008,Tapis de bain,5,31.36,156.8
INV502787,2023-08-22,10536,France,STK010,Guirlande lumineuse,3,13.65,40.95
INV502787,2023-08-22,10536,France,STK003,Set de tasses ceramique,2,15.27,30.54
INV502787,2023-08-22,10536,France,STK001,Lampe de bureau design,3,30.2,90.6
INV502788,2023-10-19,10536,France,STK003,Set de tasses ceramique,2,11.32,22.64
INV502788,2023-10-19,10536,France,STK010,Guirlande lumineuse,5,12.0,60.0
INV502788,2023-10-19,10536,France,STK007,Panier de rangement,3,21.45,64.35
INV502788,2023-10-19,10536,France,STK006,Cadre photo bois,1,9.97,9.97
INV502789,2023-01-03,10536,France,STK007,Panier de rangement,3,14.0,42.0
INV502789,2023-01-03,10536,France,STK008,Tapis de bain,1,32.56,32.56
INV502789,2023-01-03,10536,France,STK005,Bougie parfumee,5,12.05,60.25
INV502789,2023-01-03,10536,France,STK008,Tapis de bain,4,26.06,104.24
INV502790,2023-03-26,10536,France,STK003,Set de tasses ceramique,1,14.09,14.09
INV502790,2023-03-26,10536,France,STK009,Vase en verre,5,20.81,104.05
INV502790,2023-03-26,10536,France,STK008,Tapis de bain,3,25.35,76.05000000000001
INV502790,2023-03-26,10536,France,STK010,Guirlande lumineuse,1,16.97,16.97
INV502791,2023-08-27,10536,France,STK011,Plateau en bambou,2,26.02,52.04
INV502791,2023-08-27,10536,France,STK003,Set de tasses ceramique,1,12.32,12.32
INV502792,2023-03-02,10536,France,STK010,Guirlande lumineuse,4,16.73,66.92
INV502792,2023-03-02,10536,France,STK008,Tapis de bain,4,35.15,140.6
INV502792,2023-03-02,10536,France,STK009,Vase en verre,3,20.64,61.92
INV502792,2023-03-02,10536,France,STK008,Tapis de bain,5,24.93,124.65
INV502793,2023-01-05,10536,France,STK005,Bougie parfumee,3,12.4,37.2
INV502793,2023-01-05,10536,France,STK004,Plaid tricote,2,29.72,59.44
INV502793,2023-01-05,10536,France,STK001,Lampe de bureau design,3,21.52,64.56
INV502793,2023-01-05,10536,France,STK003,Set de tasses ceramique,5,15.66,78.3
INV502794,2023-07-23,10537,Germany,STK004,Plaid tricote,5,27.42,137.10000000000002
INV502794,2023-07-23,10537,Germany,STK001,Lampe de bureau design,1,23.89,23.89
INV502795,2023-12-03,10538,France,STK003,Set de tasses ceramique,2,14.11,28.22
INV502795,2023-12-03,10538,France,STK003,Set de tasses ceramique,5,14.58,72.9
INV502795,2023-12-03,10538,France,STK001,Lampe de bureau design,4,18.19,72.76
INV502795,2023-12-03,10538,France,STK009,Vase en verre,4,18.53,74.12
INV502796,2023-03-29,10538,France,STK006,Cadre photo bois,1,9.07,9.07
INV502796,2023-03-29,10538,France,STK009,Vase en verre,4,25.05,100.2
INV502797,2023-10-03,10539,France,STK007,Panier de rangement,2,16.17,32.34
INV502797,2023-10-03,10539,France,STK012,Miroir mural rond,1,30.97,30.97
INV502798,2023-02-06,10539,France,STK007,Panier de rangement,4,26.56,106.24
INV502798,2023-02-06,10539,France,STK010,Guirlande lumineuse,2,14.19,28.38
INV502798,2023-02-06,10539,France,STK012,Miroir mural rond,5,41.4,207.0
INV502798,2023-02-06,10539,France,STK010,Guirlande lumineuse,3,14.73,44.19
INV502799,2023-06-05,10540,France,STK006,Cadre photo bois,5,10.07,50.35
INV502799,2023-06-05,10540,France,STK011,Plateau en bambou,1,25.8,25.8
INV502800,2023-02-13,10540,France,STK009,Vase en verre,3,22.24,66.72
INV502800,2023-02-13,10540,France,STK012,Miroir mural rond,3,45.08,135.24
INV502800,2023-02-13,10540,France,STK001,Lampe de bureau design,1,25.6,25.6
INV502801,2023-08-02,10541,France,STK005,Bougie parfumee,5,10.72,53.6
INV502801,2023-08-02,10541,France,STK006,Cadre photo bois,4,9.46,37.84
INV502801,2023-08-02,10541,France,STK010,Guirlande lumineuse,5,13.7,68.5
INV502801,2023-08-02,10541,France,STK004,Plaid tricote,4,35.47,141.88
INV502802,2023-01-27,10541,France,STK007,Panier de rangement,5,19.24,96.19999999999999
INV502802,2023-01-27,10541,France,STK005,Bougie parfumee,1,11.87,11.87
INV502803,2023-01-27,10541,France,STK003,Set de tasses ceramique,1,14.04,14.04
INV502803,2023-01-27,10541,France,STK003,Set de tasses ceramique,1,13.96,13.96
INV502803,2023-01-27,10541,France,STK005,Bougie parfumee,4,12.76,51.04
INV502804,2023-02-15,10541,France,STK001,Lampe de bureau design,5,34.99,174.95000000000002
INV502804,2023-02-15,10541,France,STK001,Lampe de bureau design,2,25.14,50.28
INV502804,2023-02-15,10541,France,STK002,Coussin en lin,2,17.06,34.12
INV502804,2023-02-15,10541,France,STK004,Plaid tricote,2,27.98,55.96
INV502805,2023-03-02,10541,France,STK002,Coussin en lin,2,16.95,33.9
INV502805,2023-03-02,10541,France,STK009,Vase en verre,4,16.2,64.8
INV502805,2023-03-02,10541,France,STK004,Plaid tricote,3,28.06,84.17999999999999
INV502806,2023-01-26,10541,France,STK005,Bougie parfumee,5,10.98,54.900000000000006
INV502807,2023-10-18,10541,France,STK012,Miroir mural rond,2,33.33,66.66
INV502807,2023-10-18,10541,France,STK004,Plaid tricote,1,34.69,34.69
INV502807,2023-10-18,10541,France,STK011,Plateau en bambou,5,20.54,102.69999999999999
INV502808,2023-04-25,10541,France,STK008,Tapis de bain,1,25.79,25.79
INV502808,2023-04-25,10541,France,STK006,Cadre photo bois,5,11.25,56.25
INV502808,2023-04-25,10541,France,STK005,Bougie parfumee,2,13.71,27.42
INV502809,2023-01-09,10541,France,STK004,Plaid tricote,5,29.72,148.6
INV502809,2023-01-09,10541,France,STK003,Set de tasses ceramique,5,12.21,61.050000000000004
INV502809,2023-01-09,10541,France,STK001,Lampe de bureau design,1,33.27,33.27
INV502810,2023-02-01,10542,France,STK004,Plaid tricote,2,31.93,63.86
INV502810,2023-02-01,10542,France,STK011,Plateau en bambou,2,23.86,47.72
INV502811,2023-03-13,10542,France,STK005,Bougie parfumee,4,16.15,64.6
INV502811,2023-03-13,10542,France,STK012,Miroir mural rond,1,35.78,35.78
INV502811,2023-03-13,10542,France,STK011,Plateau en bambou,4,26.3,105.2
INV502812,2023-04-30,10542,France,STK009,Vase en verre,5,23.12,115.60000000000001
INV502812,2023-04-30,10542,France,STK011,Plateau en bambou,3,24.42,73.26
INV502812,2023-04-30,10542,France,STK012,Miroir mural rond,3,39.9,119.69999999999999
INV502812,2023-04-30,10542,France,STK003,Set de tasses ceramique,4,10.35,41.4
INV502813,2023-09-05,10542,France,STK003,Set de tasses ceramique,2,13.02,26.04
INV502813,2023-09-05,10542,France,STK005,Bougie parfumee,1,13.51,13.51
INV502814,2023-08-24,10542,France,STK009,Vase en verre,1,20.01,20.01
INV502814,2023-08-24,10542,France,STK001,Lampe de bureau design,5,26.53,132.65
INV502815,2023-03-14,10542,France,STK011,Plateau en bambou,5,21.04,105.19999999999999
INV502815,2023-03-14,10542,France,STK010,Guirlande lumineuse,5,15.41,77.05
INV502815,2023-03-14,10542,France,STK002,Coussin en lin,4,16.38,65.52
INV502815,2023-03-14,10542,France,STK012,Miroir mural rond,3,40.2,120.60000000000001
INV502816,2023-05-26,10542,France,STK001,Lampe de bureau design,3,24.35,73.05000000000001
INV502816,2023-05-26,10542,France,STK010,Guirlande lumineuse,2,15.27,30.54
INV502817,2023-04-28,10543,France,STK009,Vase en verre,3,17.55,52.650000000000006
INV502817,2023-04-28,10543,France,STK012,Miroir mural rond,1,41.77,41.77
INV502817,2023-04-28,10543,France,STK008,Tapis de bain,1,31.07,31.07
INV502818,2023-01-10,10543,France,STK004,Plaid tricote,5,37.66,188.29999999999998
INV502819,2023-04-21,10543,France,STK012,Miroir mural rond,3,43.87,131.60999999999999
INV502819,2023-04-21,10543,France,STK008,Tapis de bain,1,29.7,29.7
INV502819,2023-04-21,10543,France,STK008,Tapis de bain,4,27.07,108.28
INV502820,2023-02-08,10543,France,STK011,Plateau en bambou,3,20.6,61.800000000000004
INV502820,2023-02-08,10543,France,STK006,Cadre photo bois,2,6.24,12.48
INV502820,2023-02-08,10543,France,STK002,Coussin en lin,2,16.11,32.22
INV502820,2023-02-08,10543,France,STK004,Plaid tricote,2,27.08,54.16
INV502821,2023-08-14,10544,France,STK006,Cadre photo bois,1,8.29,8.29
INV502821,2023-08-14,10544,France,STK012,Miroir mural rond,1,40.49,40.49
INV502822,2023-10-26,10544,France,STK004,Plaid tricote,4,28.55,114.2
INV502822,2023-10-26,10544,France,STK008,Tapis de bain,1,31.14,31.14
INV502823,2023-09-30,10544,France,STK003,Set de tasses ceramique,4,16.69,66.76
INV502823,2023-09-30,10544,France,STK003,Set de tasses ceramique,4,13.92,55.68
INV502823,2023-09-30,10544,France,STK001,Lampe de bureau design,3,21.75,65.25
INV502823,2023-09-30,10544,France,STK011,Plateau en bambou,2,17.39,34.78
INV502824,2023-12-10,10544,France,STK005,Bougie parfumee,1,13.46,13.46
INV502825,2023-09-29,10544,France,STK007,Panier de rangement,4,18.53,74.12
INV502825,2023-09-29,10544,France,STK011,Plateau en bambou,4,17.27,69.08
INV502825,2023-09-29,10544,France,STK008,Tapis de bain,3,31.65,94.94999999999999
INV502825,2023-09-29,10544,France,STK012,Miroir mural rond,2,50.99,101.98
INV502826,2023-06-28,10544,France,STK009,Vase en verre,1,18.48,18.48
INV502826,2023-06-28,10544,France,STK005,Bougie parfumee,5,8.92,44.6
INV502827,2023-05-18,10544,France,STK005,Bougie parfumee,4,19.77,79.08
INV502828,2023-12-27,10544,France,STK003,Set de tasses ceramique,4,15.72,62.88
INV502828,2023-12-27,10544,France,STK012,Miroir mural rond,2,29.37,58.74
INV502828,2023-12-27,10544,France,STK009,Vase en verre,4,19.79,79.16
INV502829,2023-09-29,10544,France,STK003,Set de tasses ceramique,2,17.15,34.3
INV502829,2023-09-29,10544,France,STK005,Bougie parfumee,5,12.4,62.0
INV502829,2023-09-29,10544,France,STK006,Cadre photo bois,1,11.38,11.38
INV502830,2023-01-04,10544,France,STK007,Panier de rangement,4,17.41,69.64
INV502830,2023-01-04,10544,France,STK012,Miroir mural rond,1,33.73,33.73
INV502831,2023-06-19,10544,France,STK008,Tapis de bain,2,30.05,60.1
INV502831,2023-06-19,10544,France,STK001,Lampe de bureau design,3,21.53,64.59
INV502831,2023-06-19,10544,France,STK008,Tapis de bain,4,27.89,111.56
INV502831,2023-06-19,10544,France,STK004,Plaid tricote,4,38.38,153.52
INV502832,2023-08-07,10544,France,STK007,Panier de rangement,5,27.3,136.5
INV502832,2023-08-07,10544,France,STK003,Set de tasses ceramique,2,11.41,22.82
INV502833,2023-06-04,10545,France,STK008,Tapis de bain,2,31.23,62.46
INV502833,2023-06-04,10545,France,STK008,Tapis de bain,5,28.77,143.85
INV502834,2023-04-04,10545,France,STK012,Miroir mural rond,3,50.87,152.60999999999999
INV502834,2023-04-04,10545,France,STK007,Panier de rangement,1,24.57,24.57
INV502834,2023-04-04,10545,France,STK004,Plaid tricote,5,39.02,195.10000000000002
INV502835,2023-10-08,10546,France,STK011,Plateau en bambou,5,23.56,117.8
INV502835,2023-10-08,10546,France,STK005,Bougie parfumee,5,9.93,49.65
INV502835,2023-10-08,10546,France,STK001,Lampe de bureau design,4,26.41,105.64
INV502836,2023-07-26,10547,Spain,STK005,Bougie parfumee,2,13.36,26.72
INV502836,2023-07-26,10547,Spain,STK003,Set de tasses ceramique,3,17.14,51.42
INV502836,2023-07-26,10547,Spain,STK007,Panier de rangement,5,23.42,117.10000000000001
INV502836,2023-07-26,10547,Spain,STK008,Tapis de bain,5,31.33,156.64999999999998
INV502837,2023-08-08,10547,Spain,STK007,Panier de rangement,1,15.07,15.07
INV502838,2023-09-21,10547,Spain,STK010,Guirlande lumineuse,2,7.14,14.28
INV502838,2023-09-21,10547,Spain,STK007,Panier de rangement,1,17.43,17.43
INV502838,2023-09-21,10547,Spain,STK004,Plaid tricote,5,28.51,142.55
INV502838,2023-09-21,10547,Spain,STK006,Cadre photo bois,2,8.55,17.1
INV502839,2023-12-23,10548,France,STK001,Lampe de bureau design,3,26.0,78.0
INV502839,2023-12-23,10548,France,STK012,Miroir mural rond,3,45.63,136.89000000000001
INV502839,2023-12-23,10548,France,STK002,Coussin en lin,4,16.7,66.8
INV502839,2023-12-23,10548,France,STK004,Plaid tricote,3,28.05,84.15
INV502840,2023-05-03,10548,France,STK009,Vase en verre,3,16.31,48.92999999999999
INV502840,2023-05-03,10548,France,STK011,Plateau en bambou,2,22.55,45.1
INV502840,2023-05-03,10548,France,STK007,Panier de rangement,4,24.07,96.28
INV502840,2023-05-03,10548,France,STK011,Plateau en bambou,4,22.64,90.56
INV502841,2023-08-17,10549,France,STK005,Bougie parfumee,1,11.13,11.13
INV502841,2023-08-17,10549,France,STK009,Vase en verre,2,18.15,36.3
INV502842,2023-11-30,10549,France,STK008,Tapis de bain,5,25.87,129.35
INV502842,2023-11-30,10549,France,STK005,Bougie parfumee,5,7.27,36.349999999999994
INV502842,2023-11-30,10549,France,STK001,Lampe de bureau design,5,16.59,82.95
INV502842,2023-11-30,10549,France,STK002,Coussin en lin,5,15.34,76.7
INV502843,2023-01-21,10549,France,STK006,Cadre photo bois,3,8.42,25.259999999999998
INV502843,2023-01-21,10549,France,STK008,Tapis de bain,3,22.22,66.66
INV502843,2023-01-21,10549,France,STK008,Tapis de bain,2,29.1,58.2
INV502843,2023-01-21,10549,France,STK003,Set de tasses ceramique,5,9.03,45.15
INV502844,2023-08-15,10549,France,STK003,Set de tasses ceramique,4,16.29,65.16
INV502844,2023-08-15,10549,France,STK004,Plaid tricote,5,28.15,140.75
INV502844,2023-08-15,10549,France,STK004,Plaid tricote,4,40.9,163.6
INV502844,2023-08-15,10549,France,STK006,Cadre photo bois,3,13.02,39.06
INV502845,2023-08-18,10549,France,STK003,Set de tasses ceramique,1,15.03,15.03
INV502845,2023-08-18,10549,France,STK004,Plaid tricote,5,35.02,175.10000000000002
INV502845,2023-08-18,10549,France,STK002,Coussin en lin,5,19.39,96.95
INV502846,2023-07-10,10549,France,STK011,Plateau en bambou,3,19.1,57.300000000000004
INV502846,2023-07-10,10549,France,STK007,Panier de rangement,4,22.82,91.28
INV502846,2023-07-10,10549,France,STK008,Tapis de bain,5,21.16,105.8
INV502847,2023-02-28,10549,France,STK001,Lampe de bureau design,2,26.32,52.64
INV502847,2023-02-28,10549,France,STK004,Plaid tricote,3,35.03,105.09
INV502848,2023-09-30,10550,Spain,STK010,Guirlande lumineuse,3,14.87,44.61
INV502849,2023-08-03,10550,Spain,STK006,Cadre photo bois,1,14.09,14.09
INV502849,2023-08-03,10550,Spain,STK006,Cadre photo bois,1,10.12,10.12
INV502850,2023-02-19,10551,France,STK005,Bougie parfumee,4,14.82,59.28
INV502850,2023-02-19,10551,France,STK003,Set de tasses ceramique,4,15.66,62.64
INV502851,2023-05-18,10551,France,STK005,Bougie parfumee,5,11.68,58.4
INV502851,2023-05-18,10551,France,STK010,Guirlande lumineuse,2,16.91,33.82
INV502851,2023-05-18,10551,France,STK006,Cadre photo bois,4,9.93,39.72
INV502851,2023-05-18,10551,France,STK002,Coussin en lin,3,21.07,63.21
INV502852,2023-12-05,10552,France,STK007,Panier de rangement,3,18.53,55.59
INV502852,2023-12-05,10552,France,STK004,Plaid tricote,5,24.81,124.05
INV502852,2023-12-05,10552,France,STK007,Panier de rangement,2,26.07,52.14
INV502852,2023-12-05,10552,France,STK002,Coussin en lin,5,21.97,109.85
INV502853,2023-12-18,10552,France,STK001,Lampe de bureau design,2,27.57,55.14
INV502853,2023-12-18,10552,France,STK004,Plaid tricote,5,28.28,141.4
INV502854,2023-12-21,10552,France,STK005,Bougie parfumee,4,14.15,56.6
INV502854,2023-12-21,10552,France,STK007,Panier de rangement,2,16.59,33.18
INV502854,2023-12-21,10552,France,STK008,Tapis de bain,2,31.91,63.82
INV502855,2023-12-13,10552,France,STK008,Tapis de bain,3,31.62,94.86
INV502855,2023-12-13,10552,France,STK002,Coussin en lin,4,17.05,68.2
INV502855,2023-12-13,10552,France,STK011,Plateau en bambou,5,21.64,108.2
INV502855,2023-12-13,10552,France,STK011,Plateau en bambou,5,17.91,89.55
INV502856,2023-08-22,10552,France,STK005,Bougie parfumee,1,16.53,16.53
INV502857,2023-05-20,10552,France,STK007,Panier de rangement,5,24.16,120.8
INV502857,2023-05-20,10552,France,STK012,Miroir mural rond,4,48.06,192.24
INV502858,2023-11-25,10552,France,STK009,Vase en verre,4,23.4,93.6
INV502858,2023-11-25,10552,France,STK010,Guirlande lumineuse,2,12.4,24.8
INV502859,2023-08-29,10552,France,STK010,Guirlande lumineuse,2,11.18,22.36
INV502859,2023-08-29,10552,France,STK005,Bougie parfumee,3,13.78,41.339999999999996
INV502859,2023-08-29,10552,France,STK005,Bougie parfumee,1,14.33,14.33
INV502859,2023-08-29,10552,France,STK002,Coussin en lin,5,14.97,74.85000000000001
INV502860,2023-06-07,10552,France,STK001,Lampe de bureau design,4,27.97,111.88
INV502860,2023-06-07,10552,France,STK008,Tapis de bain,1,36.7,36.7
INV502861,2023-08-20,10552,France,STK005,Bougie parfumee,4,12.72,50.88
INV502861,2023-08-20,10552,France,STK011,Plateau en bambou,2,18.3,36.6
INV502861,2023-08-20,10552,France,STK005,Bougie parfumee,3,12.53,37.589999999999996
INV502861,2023-08-20,10552,France,STK006,Cadre photo bois,2,7.42,14.84
INV502862,2023-02-10,10553,France,STK010,Guirlande lumineuse,1,14.51,14.51
INV502862,2023-02-10,10553,France,STK012,Miroir mural rond,1,40.99,40.99
INV502862,2023-02-10,10553,France,STK006,Cadre photo bois,2,10.82,21.64
INV502863,2023-03-12,10553,France,STK006,Cadre photo bois,4,11.28,45.12
INV502863,2023-03-12,10553,France,STK003,Set de tasses ceramique,3,16.41,49.230000000000004
INV502863,2023-03-12,10553,France,STK006,Cadre photo bois,4,11.54,46.16
INV502863,2023-03-12,10553,France,STK001,Lampe de bureau design,4,28.57,114.28
INV502864,2023-05-24,10553,France,STK009,Vase en verre,4,21.62,86.48
INV502865,2023-06-25,10553,France,STK003,Set de tasses ceramique,2,14.62,29.24
INV502865,2023-06-25,10553,France,STK006,Cadre photo bois,1,10.02,10.02
INV502866,2023-08-18,10553,France,STK001,Lampe de bureau design,2,27.67,55.34
INV502866,2023-08-18,10553,France,STK007,Panier de rangement,2,21.55,43.1
INV502867,2023-04-30,10554,France,STK006,Cadre photo bois,5,11.62,58.099999999999994
INV502867,2023-04-30,10554,France,STK004,Plaid tricote,4,40.49,161.96
INV502868,2023-06-02,10554,France,STK002,Coussin en lin,3,15.13,45.39
INV502868,2023-06-02,10554,France,STK002,Coussin en lin,3,14.06,42.18
INV502868,2023-06-02,10554,France,STK012,Miroir mural rond,5,36.71,183.55
INV502869,2023-12-03,10554,France,STK006,Cadre photo bois,5,9.45,47.25
INV502869,2023-12-03,10554,France,STK008,Tapis de bain,2,29.3,58.6
INV502869,2023-12-03,10554,France,STK007,Panier de rangement,3,25.26,75.78
INV502870,2023-12-09,10554,France,STK011,Plateau en bambou,1,20.75,20.75
INV502870,2023-12-09,10554,France,STK003,Set de tasses ceramique,2,13.58,27.16
INV502870,2023-12-09,10554,France,STK005,Bougie parfumee,3,15.01,45.03
INV502871,2023-05-15,10554,France,STK008,Tapis de bain,4,35.72,142.88
INV502871,2023-05-15,10554,France,STK002,Coussin en lin,5,25.37,126.85000000000001
INV502872,2023-05-18,10554,France,STK006,Cadre photo bois,2,6.61,13.22
INV502872,2023-05-18,10554,France,STK001,Lampe de bureau design,3,20.69,62.07000000000001
INV502873,2023-02-24,10555,France,STK012,Miroir mural rond,4,37.86,151.44
INV502874,2023-01-14,10555,France,STK002,Coussin en lin,3,19.45,58.349999999999994
INV502874,2023-01-14,10555,France,STK004,Plaid tricote,4,40.17,160.68
INV502874,2023-01-14,10555,France,STK005,Bougie parfumee,5,10.5,52.5
INV502874,2023-01-14,10555,France,STK005,Bougie parfumee,4,11.58,46.32
INV502875,2023-02-04,10555,France,STK009,Vase en verre,2,19.01,38.02
INV502876,2023-03-25,10555,France,STK002,Coussin en lin,4,15.43,61.72
INV502876,2023-03-25,10555,France,STK005,Bougie parfumee,1,14.19,14.19
INV502876,2023-03-25,10555,France,STK012,Miroir mural rond,4,43.39,173.56
INV502876,2023-03-25,10555,France,STK001,Lampe de bureau design,4,29.49,117.96
INV502877,2023-09-22,10555,France,STK009,Vase en verre,3,18.11,54.33
INV502877,2023-09-22,10555,France,STK007,Panier de rangement,2,17.1,34.2
INV502877,2023-09-22,10555,France,STK010,Guirlande lumineuse,1,9.85,9.85
INV502877,2023-09-22,10555,France,STK003,Set de tasses ceramique,4,17.51,70.04
INV502878,2023-04-28,10555,France,STK012,Miroir mural rond,2,36.6,73.2
INV502878,2023-04-28,10555,France,STK008,Tapis de bain,4,28.49,113.96
INV502878,2023-04-28,10555,France,STK011,Plateau en bambou,2,23.23,46.46
INV502878,2023-04-28,10555,France,STK006,Cadre photo bois,1,10.15,10.15
INV502879,2023-06-13,10556,Italy,STK005,Bougie parfumee,3,12.59,37.769999999999996
INV502879,2023-06-13,10556,Italy,STK002,Coussin en lin,4,17.14,68.56
INV502880,2023-09-18,10556,Italy,STK012,Miroir mural rond,3,44.28,132.84
INV502880,2023-09-18,10556,Italy,STK010,Guirlande lumineuse,4,14.91,59.64
INV502881,2023-04-13,10556,Italy,STK003,Set de tasses ceramique,5,18.88,94.39999999999999
INV502881,2023-04-13,10556,Italy,STK007,Panier de rangement,5,19.01,95.05000000000001
INV502882,2023-09-15,10556,Italy,STK001,Lampe de bureau design,5,26.12,130.6
INV502882,2023-09-15,10556,Italy,STK003,Set de tasses ceramique,2,9.42,18.84
INV502882,2023-09-15,10556,Italy,STK006,Cadre photo bois,5,7.3,36.5
INV502883,2023-08-29,10556,Italy,STK012,Miroir mural rond,4,44.09,176.36
INV502883,2023-08-29,10556,Italy,STK007,Panier de rangement,1,21.97,21.97
INV502884,2023-07-17,10557,Spain,STK012,Miroir mural rond,1,39.81,39.81
INV502885,2023-01-06,10557,Spain,STK001,Lampe de bureau design,4,31.61,126.44
INV502885,2023-01-06,10557,Spain,STK003,Set de tasses ceramique,1,12.45,12.45
INV502885,2023-01-06,10557,Spain,STK006,Cadre photo bois,1,8.39,8.39
INV502886,2023-12-07,10557,Spain,STK012,Miroir mural rond,1,32.44,32.44
INV502886,2023-12-07,10557,Spain,STK009,Vase en verre,5,20.76,103.80000000000001
INV502886,2023-12-07,10557,Spain,STK012,Miroir mural rond,3,31.76,95.28
INV502887,2023-07-29,10557,Spain,STK003,Set de tasses ceramique,2,17.82,35.64
INV502887,2023-07-29,10557,Spain,STK006,Cadre photo bois,4,10.02,40.08
INV502887,2023-07-29,10557,Spain,STK005,Bougie parfumee,2,10.94,21.88
INV502888,2023-06-27,10557,Spain,STK005,Bougie parfumee,1,11.59,11.59
INV502888,2023-06-27,10557,Spain,STK003,Set de tasses ceramique,1,10.7,10.7
INV502889,2023-12-29,10557,Spain,STK003,Set de tasses ceramique,3,15.27,45.81
INV502889,2023-12-29,10557,Spain,STK004,Plaid tricote,4,30.82,123.28
INV502889,2023-12-29,10557,Spain,STK012,Miroir mural rond,3,39.38,118.14000000000001
INV502890,2023-07-28,10557,Spain,STK001,Lampe de bureau design,1,27.45,27.45
INV502890,2023-07-28,10557,Spain,STK005,Bougie parfumee,2,12.18,24.36
INV502890,2023-07-28,10557,Spain,STK011,Plateau en bambou,4,18.88,75.52
INV502891,2023-04-13,10557,Spain,STK005,Bougie parfumee,5,14.23,71.15
INV502892,2023-06-30,10557,Spain,STK002,Coussin en lin,3,21.89,65.67
INV502892,2023-06-30,10557,Spain,STK007,Panier de rangement,3,23.75,71.25
INV502892,2023-06-30,10557,Spain,STK007,Panier de rangement,1,21.64,21.64
INV502893,2023-09-05,10557,Spain,STK003,Set de tasses ceramique,4,14.37,57.48
INV502893,2023-09-05,10557,Spain,STK005,Bougie parfumee,4,10.22,40.88
INV502894,2023-12-18,10557,Spain,STK001,Lampe de bureau design,4,26.71,106.84
INV502894,2023-12-18,10557,Spain,STK005,Bougie parfumee,1,9.59,9.59
INV502894,2023-12-18,10557,Spain,STK007,Panier de rangement,3,16.01,48.03
INV502895,2023-11-19,10557,Spain,STK006,Cadre photo bois,5,8.87,44.349999999999994
INV502895,2023-11-19,10557,Spain,STK012,Miroir mural rond,5,32.17,160.85000000000002
INV502895,2023-11-19,10557,Spain,STK002,Coussin en lin,4,16.39,65.56
INV502896,2023-07-18,10557,Spain,STK007,Panier de rangement,5,23.37,116.85000000000001
INV502896,2023-07-18,10557,Spain,STK011,Plateau en bambou,1,16.39,16.39
INV502896,2023-07-18,10557,Spain,STK009,Vase en verre,3,21.13,63.39
INV502896,2023-07-18,10557,Spain,STK009,Vase en verre,5,22.88,114.39999999999999
INV502897,2023-12-11,10557,Spain,STK011,Plateau en bambou,4,20.49,81.96
INV502898,2023-09-23,10557,Spain,STK009,Vase en verre,3,22.3,66.9
INV502899,2023-05-18,10557,Spain,STK005,Bougie parfumee,5,10.7,53.5
INV502899,2023-05-18,10557,Spain,STK004,Plaid tricote,5,39.89,199.45
INV502900,2023-04-25,10557,Spain,STK002,Coussin en lin,4,18.93,75.72
INV502900,2023-04-25,10557,Spain,STK007,Panier de rangement,2,15.33,30.66
INV502900,2023-04-25,10557,Spain,STK007,Panier de rangement,1,22.69,22.69
INV502901,2023-02-10,10557,Spain,STK003,Set de tasses ceramique,4,13.39,53.56
INV502902,2023-04-26,10557,Spain,STK009,Vase en verre,5,19.42,97.10000000000001
INV502902,2023-04-26,10557,Spain,STK005,Bougie parfumee,5,13.41,67.05
INV502902,2023-04-26,10557,Spain,STK007,Panier de rangement,1,22.09,22.09
INV502903,2023-04-16,10557,Spain,STK006,Cadre photo bois,5,8.33,41.65
INV502903,2023-04-16,10557,Spain,STK003,Set de tasses ceramique,5,13.99,69.95
INV502903,2023-04-16,10557,Spain,STK004,Plaid tricote,2,33.36,66.72
INV502904,2023-04-11,10557,Spain,STK010,Guirlande lumineuse,1,11.82,11.82
INV502905,2023-03-21,10558,France,STK001,Lampe de bureau design,1,22.81,22.81
INV502905,2023-03-21,10558,France,STK005,Bougie parfumee,1,10.7,10.7
INV502905,2023-03-21,10558,France,STK012,Miroir mural rond,2,42.21,84.42
INV502905,2023-03-21,10558,France,STK004,Plaid tricote,5,32.01,160.04999999999998
INV502906,2023-06-02,10558,France,STK003,Set de tasses ceramique,3,15.26,45.78
INV502906,2023-06-02,10558,France,STK001,Lampe de bureau design,4,15.44,61.76
INV502906,2023-06-02,10558,France,STK007,Panier de rangement,2,26.06,52.12
INV502906,2023-06-02,10558,France,STK009,Vase en verre,1,25.53,25.53
INV502907,2023-06-30,10558,France,STK008,Tapis de bain,1,23.37,23.37
INV502907,2023-06-30,10558,France,STK012,Miroir mural rond,5,34.87,174.35
INV502907,2023-06-30,10558,France,STK005,Bougie parfumee,3,10.78,32.339999999999996
INV502907,2023-06-30,10558,France,STK008,Tapis de bain,3,19.53,58.59
INV502908,2023-10-02,10558,France,STK001,Lampe de bureau design,3,22.19,66.57000000000001
INV502908,2023-10-02,10558,France,STK004,Plaid tricote,2,40.1,80.2
INV502908,2023-10-02,10558,France,STK002,Coussin en lin,4,21.46,85.84
INV502908,2023-10-02,10558,France,STK004,Plaid tricote,4,33.04,132.16
INV502909,2023-02-22,10558,France,STK002,Coussin en lin,3,20.38,61.14
INV502910,2023-10-29,10558,France,STK007,Panier de rangement,5,19.42,97.10000000000001
INV502910,2023-10-29,10558,France,STK009,Vase en verre,1,22.75,22.75
INV502910,2023-10-29,10558,France,STK010,Guirlande lumineuse,5,12.75,63.75
INV502910,2023-10-29,10558,France,STK010,Guirlande lumineuse,1,14.36,14.36
INV502911,2023-03-22,10558,France,STK008,Tapis de bain,3,23.45,70.35
INV502912,2023-05-24,10558,France,STK003,Set de tasses ceramique,4,15.67,62.68
INV502912,2023-05-24,10558,France,STK001,Lampe de bureau design,1,23.78,23.78
INV502912,2023-05-24,10558,France,STK008,Tapis de bain,5,26.82,134.1
INV502912,2023-05-24,10558,France,STK011,Plateau en bambou,4,22.96,91.84
INV502913,2023-07-31,10558,France,STK007,Panier de rangement,3,24.52,73.56
INV502913,2023-07-31,10558,France,STK006,Cadre photo bois,3,10.66,31.98
INV502914,2023-01-26,10559,France,STK004,Plaid tricote,5,26.81,134.04999999999998
INV502914,2023-01-26,10559,France,STK007,Panier de rangement,2,23.77,47.54
INV502915,2023-02-16,10559,France,STK007,Panier de rangement,3,19.25,57.75
INV502915,2023-02-16,10559,France,STK001,Lampe de bureau design,2,24.71,49.42
INV502916,2023-02-27,10559,France,STK002,Coussin en lin,2,23.17,46.34
INV502917,2023-01-05,10559,France,STK011,Plateau en bambou,5,22.32,111.6
INV502918,2023-02-17,10559,France,STK007,Panier de rangement,4,16.85,67.4
INV502919,2023-03-28,10559,France,STK012,Miroir mural rond,3,47.57,142.71
INV502919,2023-03-28,10559,France,STK012,Miroir mural rond,1,39.29,39.29
INV502919,2023-03-28,10559,France,STK012,Miroir mural rond,5,40.1,200.5
INV502920,2023-02-03,10559,France,STK004,Plaid tricote,2,31.45,62.9
INV502921,2023-12-22,10560,Italy,STK004,Plaid tricote,2,37.46,74.92
INV502922,2023-02-15,10561,France,STK006,Cadre photo bois,4,11.11,44.44
INV502922,2023-02-15,10561,France,STK011,Plateau en bambou,1,24.55,24.55
INV502922,2023-02-15,10561,France,STK005,Bougie parfumee,3,12.08,36.24
INV502922,2023-02-15,10561,France,STK003,Set de tasses ceramique,3,14.25,42.75
INV502923,2023-04-30,10561,France,STK011,Plateau en bambou,5,24.56,122.8
INV502923,2023-04-30,10561,France,STK008,Tapis de bain,2,35.7,71.4
INV502923,2023-04-30,10561,France,STK005,Bougie parfumee,5,14.94,74.7
INV502924,2023-09-04,10561,France,STK005,Bougie parfumee,4,13.87,55.48
INV502924,2023-09-04,10561,France,STK001,Lampe de bureau design,4,29.08,116.32
INV502924,2023-09-04,10561,France,STK001,Lampe de bureau design,5,23.18,115.9
INV502925,2023-06-29,10561,France,STK001,Lampe de bureau design,4,25.25,101.0
INV502925,2023-06-29,10561,France,STK008,Tapis de bain,3,25.78,77.34
INV502926,2023-08-19,10561,France,STK001,Lampe de bureau design,1,24.91,24.91
INV502926,2023-08-19,10561,France,STK010,Guirlande lumineuse,2,14.88,29.76
INV502926,2023-08-19,10561,France,STK004,Plaid tricote,2,17.14,34.28
INV502926,2023-08-19,10561,France,STK012,Miroir mural rond,1,39.84,39.84
INV502927,2023-04-14,10561,France,STK003,Set de tasses ceramique,4,17.24,68.96
INV502928,2023-12-20,10561,France,STK001,Lampe de bureau design,5,28.46,142.3
INV502928,2023-12-20,10561,France,STK011,Plateau en bambou,3,24.85,74.55000000000001
INV502929,2023-07-25,10561,France,STK012,Miroir mural rond,5,40.47,202.35
INV502929,2023-07-25,10561,France,STK011,Plateau en bambou,1,17.56,17.56
INV502929,2023-07-25,10561,France,STK005,Bougie parfumee,5,14.92,74.6
INV502930,2023-05-13,10561,France,STK007,Panier de rangement,1,16.19,16.19
INV502930,2023-05-13,10561,France,STK006,Cadre photo bois,2,11.63,23.26
INV502930,2023-05-13,10561,France,STK008,Tapis de bain,4,35.42,141.68
INV502930,2023-05-13,10561,France,STK004,Plaid tricote,3,41.79,125.37
INV502931,2023-02-02,10561,France,STK009,Vase en verre,2,18.9,37.8
INV502931,2023-02-02,10561,France,STK006,Cadre photo bois,4,7.78,31.12
INV502932,2023-09-10,10561,France,STK001,Lampe de bureau design,3,23.36,70.08
INV502932,2023-09-10,10561,France,STK010,Guirlande lumineuse,3,12.83,38.49
INV502933,2023-07-18,10561,France,STK006,Cadre photo bois,3,5.11,15.330000000000002
INV502933,2023-07-18,10561,France,STK009,Vase en verre,4,20.78,83.12
INV502933,2023-07-18,10561,France,STK012,Miroir mural rond,2,43.89,87.78
INV502933,2023-07-18,10561,France,STK003,Set de tasses ceramique,4,16.41,65.64
INV502934,2023-10-10,10561,France,STK006,Cadre photo bois,1,11.03,11.03
INV502935,2023-08-30,10562,Germany,STK004,Plaid tricote,1,32.03,32.03
INV502936,2023-11-20,10562,Germany,STK001,Lampe de bureau design,2,23.25,46.5
INV502936,2023-11-20,10562,Germany,STK004,Plaid tricote,2,33.22,66.44
INV502937,2023-10-11,10562,Germany,STK012,Miroir mural rond,5,40.05,200.25
INV502938,2023-07-07,10562,Germany,STK002,Coussin en lin,5,16.69,83.45
INV502938,2023-07-07,10562,Germany,STK003,Set de tasses ceramique,4,15.24,60.96
INV502939,2023-11-21,10563,Italy,STK010,Guirlande lumineuse,4,13.74,54.96
INV502939,2023-11-21,10563,Italy,STK011,Plateau en bambou,2,19.67,39.34
INV502939,2023-11-21,10563,Italy,STK002,Coussin en lin,1,22.53,22.53
INV502939,2023-11-21,10563,Italy,STK004,Plaid tricote,3,25.14,75.42
INV502940,2023-07-31,10563,Italy,STK005,Bougie parfumee,2,14.57,29.14
INV502940,2023-07-31,10563,Italy,STK005,Bougie parfumee,3,12.78,38.339999999999996
INV502940,2023-07-31,10563,Italy,STK005,Bougie parfumee,1,10.02,10.02
INV502941,2023-03-19,10563,Italy,STK004,Plaid tricote,2,28.93,57.86
INV502941,2023-03-19,10563,Italy,STK007,Panier de rangement,1,18.91,18.91
INV502942,2023-12-06,10563,Italy,STK010,Guirlande lumineuse,3,15.47,46.410000000000004
INV502942,2023-12-06,10563,Italy,STK001,Lampe de bureau design,5,25.16,125.8
INV502943,2023-09-01,10563,Italy,STK007,Panier de rangement,5,22.06,110.3
INV502944,2023-11-15,10564,Spain,STK004,Plaid tricote,5,25.67,128.35000000000002
INV502944,2023-11-15,10564,Spain,STK004,Plaid tricote,1,28.73,28.73
INV502944,2023-11-15,10564,Spain,STK004,Plaid tricote,3,29.89,89.67
INV502944,2023-11-15,10564,Spain,STK008,Tapis de bain,4,32.3,129.2
INV502945,2023-11-10,10564,Spain,STK003,Set de tasses ceramique,5,12.25,61.25
INV502945,2023-11-10,10564,Spain,STK002,Coussin en lin,1,18.87,18.87
INV502946,2023-05-22,10564,Spain,STK002,Coussin en lin,5,17.07,85.35
INV502946,2023-05-22,10564,Spain,STK010,Guirlande lumineuse,4,12.37,49.48
INV502946,2023-05-22,10564,Spain,STK004,Plaid tricote,1,35.18,35.18
INV502947,2023-09-10,10564,Spain,STK009,Vase en verre,2,23.68,47.36
INV502947,2023-09-10,10564,Spain,STK005,Bougie parfumee,5,14.11,70.55
INV502947,2023-09-10,10564,Spain,STK006,Cadre photo bois,2,8.32,16.64
INV502947,2023-09-10,10564,Spain,STK006,Cadre photo bois,2,13.11,26.22
INV502948,2023-04-25,10565,Italy,STK009,Vase en verre,5,21.73,108.65
INV502949,2023-05-12,10565,Italy,STK001,Lampe de bureau design,3,28.05,84.15
INV502949,2023-05-12,10565,Italy,STK005,Bougie parfumee,4,13.99,55.96
INV502949,2023-05-12,10565,Italy,STK011,Plateau en bambou,3,17.85,53.550000000000004
INV502949,2023-05-12,10565,Italy,STK003,Set de tasses ceramique,4,13.06,52.24
INV502950,2023-07-28,10565,Italy,STK004,Plaid tricote,2,27.32,54.64
INV502951,2023-04-26,10565,Italy,STK002,Coussin en lin,1,15.73,15.73
INV502951,2023-04-26,10565,Italy,STK005,Bougie parfumee,4,10.09,40.36
INV502951,2023-04-26,10565,Italy,STK008,Tapis de bain,5,28.44,142.20000000000002
INV502952,2023-01-28,10566,France,STK010,Guirlande lumineuse,4,13.3,53.2
INV502953,2023-04-19,10566,France,STK012,Miroir mural rond,5,31.38,156.9
INV502953,2023-04-19,10566,France,STK004,Plaid tricote,3,33.52,100.56
INV502953,2023-04-19,10566,France,STK008,Tapis de bain,4,27.4,109.6
INV502953,2023-04-19,10566,France,STK009,Vase en verre,3,24.36,73.08
INV502954,2023-02-13,10566,France,STK010,Guirlande lumineuse,1,15.87,15.87
INV502954,2023-02-13,10566,France,STK009,Vase en verre,3,16.09,48.269999999999996
INV502954,2023-02-13,10566,France,STK012,Miroir mural rond,3,34.58,103.74
INV502954,2023-02-13,10566,France,STK010,Guirlande lumineuse,3,13.7,41.099999999999994
INV502955,2023-02-13,10566,France,STK009,Vase en verre,4,23.24,92.96
INV502955,2023-02-13,10566,France,STK007,Panier de rangement,4,14.8,59.2
INV502955,2023-02-13,10566,France,STK011,Plateau en bambou,2,21.48,42.96
INV502956,2023-04-14,10566,France,STK002,Coussin en lin,4,24.47,97.88
INV502956,2023-04-14,10566,France,STK003,Set de tasses ceramique,3,18.83,56.489999999999995
INV502956,2023-04-14,10566,France,STK001,Lampe de bureau design,3,27.72,83.16
INV502956,2023-04-14,10566,France,STK005,Bougie parfumee,1,12.71,12.71
INV502957,2023-08-31,10566,France,STK012,Miroir mural rond,1,28.09,28.09
INV502957,2023-08-31,10566,France,STK010,Guirlande lumineuse,1,19.87,19.87
INV502957,2023-08-31,10566,France,STK012,Miroir mural rond,2,27.13,54.26
INV502957,2023-08-31,10566,France,STK006,Cadre photo bois,4,8.75,35.0
INV502958,2023-10-17,10567,Spain,STK008,Tapis de bain,4,24.91,99.64
INV502959,2023-02-02,10567,Spain,STK006,Cadre photo bois,5,9.01,45.05
INV502960,2023-06-17,10567,Spain,STK010,Guirlande lumineuse,5,13.42,67.1
INV502961,2023-03-23,10567,Spain,STK005,Bougie parfumee,3,9.46,28.380000000000003
INV502961,2023-03-23,10567,Spain,STK003,Set de tasses ceramique,3,17.59,52.769999999999996
INV502962,2023-12-08,10567,Spain,STK004,Plaid tricote,4,32.47,129.88
INV502963,2023-11-18,10567,Spain,STK010,Guirlande lumineuse,4,16.52,66.08
INV502964,2023-04-22,10568,France,STK005,Bougie parfumee,3,12.96,38.88
INV502964,2023-04-22,10568,France,STK007,Panier de rangement,2,19.47,38.94
INV502965,2023-10-03,10568,France,STK011,Plateau en bambou,2,25.28,50.56
INV502966,2023-12-28,10568,France,STK004,Plaid tricote,3,30.02,90.06
INV502967,2023-07-15,10568,France,STK012,Miroir mural rond,1,35.54,35.54
INV502967,2023-07-15,10568,France,STK009,Vase en verre,2,18.66,37.32
INV502967,2023-07-15,10568,France,STK006,Cadre photo bois,2,7.46,14.92
INV502968,2023-03-24,10568,France,STK010,Guirlande lumineuse,5,16.49,82.44999999999999
INV502968,2023-03-24,10568,France,STK001,Lampe de bureau design,4,18.87,75.48
INV502969,2023-11-10,10568,France,STK007,Panier de rangement,1,23.86,23.86
INV502969,2023-11-10,10568,France,STK009,Vase en verre,1,21.25,21.25
INV502969,2023-11-10,10568,France,STK011,Plateau en bambou,4,27.12,108.48
INV502969,2023-11-10,10568,France,STK009,Vase en verre,3,16.42,49.260000000000005
INV502970,2023-12-28,10568,France,STK003,Set de tasses ceramique,3,12.42,37.26
INV502971,2023-02-20,10568,France,STK009,Vase en verre,5,16.67,83.35000000000001
INV502971,2023-02-20,10568,France,STK010,Guirlande lumineuse,3,16.65,49.949999999999996
INV502971,2023-02-20,10568,France,STK001,Lampe de bureau design,1,18.92,18.92
INV502971,2023-02-20,10568,France,STK009,Vase en verre,1,19.32,19.32
INV502972,2023-10-07,10568,France,STK002,Coussin en lin,5,24.21,121.05000000000001
INV502972,2023-10-07,10568,France,STK002,Coussin en lin,2,18.75,37.5
INV502972,2023-10-07,10568,France,STK005,Bougie parfumee,1,13.29,13.29
INV502973,2023-04-25,10569,France,STK009,Vase en verre,1,21.41,21.41
INV502974,2023-05-24,10569,France,STK003,Set de tasses ceramique,5,15.12,75.6
INV502974,2023-05-24,10569,France,STK007,Panier de rangement,5,16.84,84.2
INV502975,2023-09-27,10569,France,STK010,Guirlande lumineuse,4,11.66,46.64
INV502976,2023-04-29,10569,France,STK003,Set de tasses ceramique,4,13.17,52.68
INV502976,2023-04-29,10569,France,STK001,Lampe de bureau design,4,30.32,121.28
INV502976,2023-04-29,10569,France,STK007,Panier de rangement,2,18.55,37.1
INV502976,2023-04-29,10569,France,STK003,Set de tasses ceramique,4,11.24,44.96
INV502977,2023-02-25,10570,France,STK004,Plaid tricote,1,28.87,28.87
INV502977,2023-02-25,10570,France,STK001,Lampe de bureau design,2,27.73,55.46
INV502978,2023-06-28,10571,France,STK006,Cadre photo bois,4,9.9,39.6
INV502978,2023-06-28,10571,France,STK001,Lampe de bureau design,3,28.67,86.01
INV502978,2023-06-28,10571,France,STK005,Bougie parfumee,2,8.69,17.38
INV502979,2023-11-04,10571,France,STK007,Panier de rangement,2,14.29,28.58
INV502980,2023-06-14,10571,France,STK005,Bougie parfumee,3,13.48,40.44
INV502980,2023-06-14,10571,France,STK010,Guirlande lumineuse,2,14.11,28.22
INV502980,2023-06-14,10571,France,STK003,Set de tasses ceramique,2,11.77,23.54
INV502980,2023-06-14,10571,France,STK010,Guirlande lumineuse,5,14.73,73.65
INV502981,2023-05-06,10571,France,STK003,Set de tasses ceramique,5,15.23,76.15
INV502981,2023-05-06,10571,France,STK007,Panier de rangement,2,24.58,49.16
INV502982,2023-06-22,10571,France,STK012,Miroir mural rond,1,42.66,42.66
INV502982,2023-06-22,10571,France,STK008,Tapis de bain,3,23.97,71.91
INV502983,2023-01-20,10572,Germany,STK001,Lampe de bureau design,3,22.6,67.80000000000001
INV502983,2023-01-20,10572,Germany,STK012,Miroir mural rond,5,42.15,210.75
INV502983,2023-01-20,10572,Germany,STK002,Coussin en lin,4,21.44,85.76
INV502984,2023-08-15,10572,Germany,STK007,Panier de rangement,1,22.8,22.8
INV502984,2023-08-15,10572,Germany,STK008,Tapis de bain,4,29.53,118.12
INV502984,2023-08-15,10572,Germany,STK001,Lampe de bureau design,3,24.13,72.39
INV502985,2023-08-15,10572,Germany,STK003,Set de tasses ceramique,5,15.32,76.6
INV502986,2023-07-29,10572,Germany,STK005,Bougie parfumee,5,12.83,64.15
INV502987,2023-06-24,10573,Spain,STK012,Miroir mural rond,1,50.52,50.52
INV502988,2023-02-02,10574,France,STK011,Plateau en bambou,1,15.46,15.46
INV502988,2023-02-02,10574,France,STK008,Tapis de bain,1,29.18,29.18
INV502989,2023-01-06,10574,France,STK010,Guirlande lumineuse,2,11.24,22.48
INV502989,2023-01-06,10574,France,STK006,Cadre photo bois,5,8.76,43.8
INV502990,2023-04-09,10574,France,STK008,Tapis de bain,2,26.01,52.02
INV502990,2023-04-09,10574,France,STK004,Plaid tricote,3,32.22,96.66
INV502990,2023-04-09,10574,France,STK006,Cadre photo bois,5,9.05,45.25
INV502990,2023-04-09,10574,France,STK008,Tapis de bain,3,29.54,88.62
INV502991,2023-06-05,10574,France,STK004,Plaid tricote,4,38.36,153.44
INV502992,2023-05-02,10574,France,STK009,Vase en verre,4,24.67,98.68
INV502992,2023-05-02,10574,France,STK004,Plaid tricote,4,30.72,122.88
INV502993,2023-05-18,10574,France,STK008,Tapis de bain,2,25.49,50.98
INV502993,2023-05-18,10574,France,STK005,Bougie parfumee,1,14.83,14.83
INV502993,2023-05-18,10574,France,STK009,Vase en verre,2,22.35,44.7
INV502993,2023-05-18,10574,France,STK010,Guirlande lumineuse,3,12.54,37.62
INV502994,2023-02-28,10574,France,STK010,Guirlande lumineuse,4,13.0,52.0
INV502995,2023-06-08,10574,France,STK007,Panier de rangement,4,18.22,72.88
INV502995,2023-06-08,10574,France,STK001,Lampe de bureau design,1,24.23,24.23
INV502995,2023-06-08,10574,France,STK005,Bougie parfumee,2,14.8,29.6
INV502995,2023-06-08,10574,France,STK006,Cadre photo bois,2,9.07,18.14
INV502996,2023-03-01,10575,France,STK006,Cadre photo bois,3,7.65,22.950000000000003
INV502997,2023-06-30,10575,France,STK007,Panier de rangement,1,26.17,26.17
INV502997,2023-06-30,10575,France,STK009,Vase en verre,3,24.51,73.53
INV502997,2023-06-30,10575,France,STK006,Cadre photo bois,3,11.54,34.62
INV502998,2023-11-28,10575,France,STK010,Guirlande lumineuse,4,12.82,51.28
INV502998,2023-11-28,10575,France,STK009,Vase en verre,5,19.18,95.9
INV502999,2023-11-30,10575,France,STK006,Cadre photo bois,1,8.21,8.21
INV502999,2023-11-30,10575,France,STK004,Plaid tricote,2,39.48,78.96
INV503000,2023-02-27,10575,France,STK011,Plateau en bambou,5,23.98,119.9
INV503000,2023-02-27,10575,France,STK005,Bougie parfumee,5,11.51,57.55
INV503000,2023-02-27,10575,France,STK009,Vase en verre,3,25.79,77.37
INV503000,2023-02-27,10575,France,STK004,Plaid tricote,3,33.56,100.68
INV503001,2023-12-09,10575,France,STK008,Tapis de bain,4,28.23,112.92
INV503001,2023-12-09,10575,France,STK001,Lampe de bureau design,1,24.04,24.04
INV503001,2023-12-09,10575,France,STK007,Panier de rangement,1,22.67,22.67
INV503001,2023-12-09,10575,France,STK006,Cadre photo bois,5,8.04,40.199999999999996
INV503002,2023-07-20,10575,France,STK007,Panier de rangement,3,23.65,70.94999999999999
INV503002,2023-07-20,10575,France,STK008,Tapis de bain,5,30.44,152.20000000000002
INV503002,2023-07-20,10575,France,STK008,Tapis de bain,5,27.03,135.15
INV503003,2023-05-20,10576,France,STK009,Vase en verre,2,21.66,43.32
INV503003,2023-05-20,10576,France,STK007,Panier de rangement,5,20.37,101.85000000000001
INV503003,2023-05-20,10576,France,STK005,Bougie parfumee,3,15.81,47.43
INV503004,2023-12-10,10576,France,STK012,Miroir mural rond,2,44.13,88.26
INV503004,2023-12-10,10576,France,STK005,Bougie parfumee,2,14.48,28.96
INV503004,2023-12-10,10576,France,STK003,Set de tasses ceramique,1,12.76,12.76
INV503005,2023-10-01,10576,France,STK003,Set de tasses ceramique,2,13.34,26.68
INV503005,2023-10-01,10576,France,STK012,Miroir mural rond,4,41.36,165.44
INV503005,2023-10-01,10576,France,STK001,Lampe de bureau design,4,24.93,99.72
INV503006,2023-03-16,10577,France,STK006,Cadre photo bois,3,8.22,24.660000000000004
INV503006,2023-03-16,10577,France,STK009,Vase en verre,1,18.84,18.84
INV503007,2023-05-23,10577,France,STK010,Guirlande lumineuse,1,11.75,11.75
INV503007,2023-05-23,10577,France,STK010,Guirlande lumineuse,3,14.46,43.38
INV503007,2023-05-23,10577,France,STK005,Bougie parfumee,2,16.21,32.42
INV503008,2023-01-05,10578,Netherlands,STK008,Tapis de bain,2,30.39,60.78
INV503008,2023-01-05,10578,Netherlands,STK009,Vase en verre,1,20.31,20.31
INV503008,2023-01-05,10578,Netherlands,STK010,Guirlande lumineuse,1,13.7,13.7
INV503009,2023-01-07,10578,Netherlands,STK003,Set de tasses ceramique,1,14.83,14.83
INV503009,2023-01-07,10578,Netherlands,STK001,Lampe de bureau design,4,25.64,102.56
INV503009,2023-01-07,10578,Netherlands,STK003,Set de tasses ceramique,3,14.05,42.150000000000006
INV503009,2023-01-07,10578,Netherlands,STK010,Guirlande lumineuse,5,12.24,61.2
INV503010,2023-08-25,10578,Netherlands,STK007,Panier de rangement,4,22.77,91.08
INV503010,2023-08-25,10578,Netherlands,STK007,Panier de rangement,4,22.96,91.84
INV503011,2023-11-24,10578,Netherlands,STK004,Plaid tricote,2,27.6,55.2
INV503011,2023-11-24,10578,Netherlands,STK011,Plateau en bambou,2,19.69,39.38
INV503012,2023-11-19,10579,Netherlands,STK010,Guirlande lumineuse,5,14.65,73.25
INV503013,2023-11-07,10579,Netherlands,STK002,Coussin en lin,2,18.28,36.56
INV503013,2023-11-07,10579,Netherlands,STK010,Guirlande lumineuse,2,13.67,27.34
INV503013,2023-11-07,10579,Netherlands,STK008,Tapis de bain,4,29.35,117.4
INV503013,2023-11-07,10579,Netherlands,STK005,Bougie parfumee,4,11.82,47.28
INV503014,2023-11-26,10579,Netherlands,STK006,Cadre photo bois,1,13.79,13.79
INV503014,2023-11-26,10579,Netherlands,STK003,Set de tasses ceramique,3,19.47,58.41
INV503014,2023-11-26,10579,Netherlands,STK009,Vase en verre,4,19.98,79.92
INV503015,2023-07-27,10579,Netherlands,STK001,Lampe de bureau design,5,25.3,126.5
INV503015,2023-07-27,10579,Netherlands,STK002,Coussin en lin,5,21.26,106.30000000000001
INV503016,2023-08-31,10579,Netherlands,STK007,Panier de rangement,5,18.88,94.39999999999999
INV503016,2023-08-31,10579,Netherlands,STK007,Panier de rangement,1,19.4,19.4
INV503016,2023-08-31,10579,Netherlands,STK010,Guirlande lumineuse,1,9.59,9.59
INV503017,2023-02-05,10580,Portugal,STK007,Panier de rangement,1,15.24,15.24
INV503018,2023-09-04,10580,Portugal,STK008,Tapis de bain,5,32.16,160.79999999999998
INV503018,2023-09-04,10580,Portugal,STK004,Plaid tricote,2,35.48,70.96
INV503018,2023-09-04,10580,Portugal,STK004,Plaid tricote,5,29.37,146.85
INV503019,2023-04-30,10581,Germany,STK004,Plaid tricote,4,26.04,104.16
INV503019,2023-04-30,10581,Germany,STK007,Panier de rangement,1,21.29,21.29
INV503020,2023-03-30,10581,Germany,STK008,Tapis de bain,1,27.02,27.02
INV503020,2023-03-30,10581,Germany,STK011,Plateau en bambou,4,22.12,88.48
INV503021,2023-02-02,10582,Germany,STK011,Plateau en bambou,4,22.04,88.16
INV503021,2023-02-02,10582,Germany,STK003,Set de tasses ceramique,2,15.26,30.52
INV503021,2023-02-02,10582,Germany,STK004,Plaid tricote,5,37.63,188.15
INV503021,2023-02-02,10582,Germany,STK012,Miroir mural rond,4,46.25,185.0
INV503022,2023-05-12,10582,Germany,STK007,Panier de rangement,5,18.28,91.4
INV503022,2023-05-12,10582,Germany,STK012,Miroir mural rond,2,37.02,74.04
INV503022,2023-05-12,10582,Germany,STK004,Plaid tricote,5,32.09,160.45000000000002
INV503022,2023-05-12,10582,Germany,STK008,Tapis de bain,5,30.37,151.85
INV503023,2023-02-05,10582,Germany,STK001,Lampe de bureau design,1,32.18,32.18
INV503023,2023-02-05,10582,Germany,STK012,Miroir mural rond,2,35.99,71.98
INV503023,2023-02-05,10582,Germany,STK002,Coussin en lin,2,14.03,28.06
INV503023,2023-02-05,10582,Germany,STK004,Plaid tricote,2,31.09,62.18
INV503024,2023-01-26,10582,Germany,STK009,Vase en verre,2,16.89,33.78
INV503024,2023-01-26,10582,Germany,STK010,Guirlande lumineuse,2,12.71,25.42
INV503024,2023-01-26,10582,Germany,STK001,Lampe de bureau design,5,22.62,113.10000000000001
INV503024,2023-01-26,10582,Germany,STK010,Guirlande lumineuse,5,15.6,78.0
INV503025,2023-05-02,10582,Germany,STK006,Cadre photo bois,4,11.83,47.32
INV503025,2023-05-02,10582,Germany,STK003,Set de tasses ceramique,4,14.32,57.28
INV503026,2023-05-17,10582,Germany,STK004,Plaid tricote,4,32.0,128.0
INV503026,2023-05-17,10582,Germany,STK012,Miroir mural rond,5,42.82,214.1
INV503026,2023-05-17,10582,Germany,STK002,Coussin en lin,3,21.91,65.73
INV503027,2023-09-11,10582,Germany,STK006,Cadre photo bois,3,10.28,30.839999999999996
INV503028,2023-07-17,10582,Germany,STK008,Tapis de bain,2,25.7,51.4
INV503028,2023-07-17,10582,Germany,STK011,Plateau en bambou,2,28.12,56.24
INV503028,2023-07-17,10582,Germany,STK009,Vase en verre,5,19.65,98.25
INV503029,2023-07-14,10582,Germany,STK001,Lampe de bureau design,5,23.11,115.55
INV503029,2023-07-14,10582,Germany,STK004,Plaid tricote,2,30.09,60.18
INV503030,2023-04-17,10582,Germany,STK007,Panier de rangement,1,26.01,26.01
INV503030,2023-04-17,10582,Germany,STK005,Bougie parfumee,5,16.8,84.0
INV503030,2023-04-17,10582,Germany,STK002,Coussin en lin,3,22.48,67.44
INV503030,2023-04-17,10582,Germany,STK011,Plateau en bambou,3,19.68,59.04
INV503031,2023-04-03,10582,Germany,STK010,Guirlande lumineuse,4,15.05,60.2
INV503032,2023-07-11,10582,Germany,STK010,Guirlande lumineuse,2,11.79,23.58
INV503032,2023-07-11,10582,Germany,STK008,Tapis de bain,2,23.79,47.58
INV503033,2023-06-28,10583,France,STK011,Plateau en bambou,5,20.82,104.1
INV503033,2023-06-28,10583,France,STK003,Set de tasses ceramique,4,19.95,79.8
INV503033,2023-06-28,10583,France,STK006,Cadre photo bois,2,10.38,20.76
INV503033,2023-06-28,10583,France,STK012,Miroir mural rond,1,46.11,46.11
INV503034,2023-01-25,10583,France,STK006,Cadre photo bois,4,7.51,30.04
INV503035,2023-11-08,10583,France,STK012,Miroir mural rond,3,41.14,123.42
INV503035,2023-11-08,10583,France,STK012,Miroir mural rond,5,27.93,139.65
INV503035,2023-11-08,10583,France,STK012,Miroir mural rond,5,30.24,151.2
INV503035,2023-11-08,10583,France,STK003,Set de tasses ceramique,3,14.5,43.5
INV503036,2023-09-23,10583,France,STK005,Bougie parfumee,5,15.15,75.75
INV503036,2023-09-23,10583,France,STK007,Panier de rangement,4,22.44,89.76
INV503036,2023-09-23,10583,France,STK003,Set de tasses ceramique,5,18.07,90.35
INV503037,2023-06-13,10583,France,STK005,Bougie parfumee,2,13.55,27.1
INV503037,2023-06-13,10583,France,STK007,Panier de rangement,1,21.51,21.51
INV503038,2023-09-12,10583,France,STK008,Tapis de bain,5,29.6,148.0
INV503038,2023-09-12,10583,France,STK002,Coussin en lin,3,17.08,51.239999999999995
INV503038,2023-09-12,10583,France,STK004,Plaid tricote,1,28.63,28.63
INV503038,2023-09-12,10583,France,STK002,Coussin en lin,3,19.28,57.84
INV503039,2023-09-30,10584,France,STK003,Set de tasses ceramique,1,15.18,15.18
INV503039,2023-09-30,10584,France,STK011,Plateau en bambou,3,20.02,60.06
INV503039,2023-09-30,10584,France,STK005,Bougie parfumee,3,13.12,39.36
INV503040,2023-10-16,10584,France,STK008,Tapis de bain,2,31.99,63.98
INV503040,2023-10-16,10584,France,STK011,Plateau en bambou,5,22.02,110.1
INV503040,2023-10-16,10584,France,STK009,Vase en verre,5,14.59,72.95
INV503040,2023-10-16,10584,France,STK005,Bougie parfumee,3,12.43,37.29
INV503041,2023-04-23,10584,France,STK006,Cadre photo bois,4,11.0,44.0
INV503042,2023-05-03,10584,France,STK006,Cadre photo bois,4,9.25,37.0
INV503042,2023-05-03,10584,France,STK011,Plateau en bambou,2,27.23,54.46
INV503042,2023-05-03,10584,France,STK009,Vase en verre,5,14.94,74.7
INV503043,2023-11-06,10584,France,STK005,Bougie parfumee,3,12.2,36.599999999999994
INV503043,2023-11-06,10584,France,STK005,Bougie parfumee,2,13.78,27.56
INV503043,2023-11-06,10584,France,STK005,Bougie parfumee,4,12.15,48.6
INV503043,2023-11-06,10584,France,STK004,Plaid tricote,5,34.38,171.9
INV503044,2023-12-22,10584,France,STK012,Miroir mural rond,3,39.37,118.10999999999999
INV503044,2023-12-22,10584,France,STK002,Coussin en lin,1,17.96,17.96
INV503045,2023-08-22,10584,France,STK003,Set de tasses ceramique,3,14.23,42.69
INV503046,2023-12-19,10584,France,STK004,Plaid tricote,5,34.25,171.25
INV503046,2023-12-19,10584,France,STK002,Coussin en lin,3,18.52,55.56
INV503047,2023-09-22,10584,France,STK002,Coussin en lin,4,14.14,56.56
INV503047,2023-09-22,10584,France,STK004,Plaid tricote,2,36.72,73.44
INV503047,2023-09-22,10584,France,STK007,Panier de rangement,1,21.53,21.53
INV503047,2023-09-22,10584,France,STK009,Vase en verre,1,17.13,17.13
INV503048,2023-05-30,10584,France,STK001,Lampe de bureau design,5,22.75,113.75
INV503048,2023-05-30,10584,France,STK006,Cadre photo bois,5,7.73,38.650000000000006
INV503048,2023-05-30,10584,France,STK007,Panier de rangement,1,19.34,19.34
INV503049,2023-12-21,10584,France,STK004,Plaid tricote,4,40.63,162.52
INV503049,2023-12-21,10584,France,STK012,Miroir mural rond,4,38.87,155.48
INV503049,2023-12-21,10584,France,STK007,Panier de rangement,1,16.84,16.84
INV503050,2023-12-04,10585,France,STK003,Set de tasses ceramique,1,14.63,14.63
INV503050,2023-12-04,10585,France,STK006,Cadre photo bois,5,8.03,40.15
INV503051,2023-01-30,10586,Spain,STK004,Plaid tricote,2,33.05,66.1
INV503051,2023-01-30,10586,Spain,STK012,Miroir mural rond,5,30.89,154.45
INV503051,2023-01-30,10586,Spain,STK010,Guirlande lumineuse,1,13.95,13.95
INV503051,2023-01-30,10586,Spain,STK010,Guirlande lumineuse,1,17.09,17.09
INV503052,2023-06-11,10586,Spain,STK008,Tapis de bain,2,28.37,56.74
INV503052,2023-06-11,10586,Spain,STK011,Plateau en bambou,1,17.75,17.75
INV503052,2023-06-11,10586,Spain,STK009,Vase en verre,4,20.11,80.44
INV503053,2023-10-20,10586,Spain,STK005,Bougie parfumee,5,11.85,59.25
INV503053,2023-10-20,10586,Spain,STK003,Set de tasses ceramique,3,14.89,44.67
INV503054,2023-01-20,10587,France,STK009,Vase en verre,1,18.53,18.53
INV503054,2023-01-20,10587,France,STK012,Miroir mural rond,4,29.63,118.52
INV503054,2023-01-20,10587,France,STK007,Panier de rangement,5,19.92,99.60000000000001
INV503054,2023-01-20,10587,France,STK002,Coussin en lin,1,16.47,16.47
INV503055,2023-03-23,10587,France,STK007,Panier de rangement,3,28.74,86.22
INV503055,2023-03-23,10587,France,STK010,Guirlande lumineuse,4,13.71,54.84
INV503055,2023-03-23,10587,France,STK012,Miroir mural rond,2,36.41,72.82
INV503056,2023-07-08,10587,France,STK005,Bougie parfumee,3,12.93,38.79
INV503056,2023-07-08,10587,France,STK002,Coussin en lin,5,13.85,69.25
INV503056,2023-07-08,10587,France,STK006,Cadre photo bois,4,7.8,31.2
INV503057,2023-08-17,10588,France,STK012,Miroir mural rond,5,44.27,221.35000000000002
INV503057,2023-08-17,10588,France,STK002,Coussin en lin,4,21.04,84.16
INV503057,2023-08-17,10588,France,STK010,Guirlande lumineuse,5,12.67,63.35
INV503057,2023-08-17,10588,France,STK011,Plateau en bambou,5,25.94,129.70000000000002
INV503058,2023-10-10,10588,France,STK005,Bougie parfumee,4,11.96,47.84
INV503059,2023-11-30,10588,France,STK004,Plaid tricote,5,27.14,135.7
INV503059,2023-11-30,10588,France,STK002,Coussin en lin,4,19.35,77.4
INV503059,2023-11-30,10588,France,STK010,Guirlande lumineuse,3,14.2,42.599999999999994
INV503060,2023-07-11,10588,France,STK004,Plaid tricote,1,27.46,27.46
INV503061,2023-07-26,10588,France,STK009,Vase en verre,5,22.59,112.95
INV503061,2023-07-26,10588,France,STK005,Bougie parfumee,4,17.0,68.0
INV503061,2023-07-26,10588,France,STK003,Set de tasses ceramique,2,11.54,23.08
INV503062,2023-05-28,10589,France,STK003,Set de tasses ceramique,3,18.08,54.239999999999995
INV503062,2023-05-28,10589,France,STK007,Panier de rangement,4,22.95,91.8
INV503063,2023-07-05,10589,France,STK005,Bougie parfumee,3,15.1,45.3
INV503063,2023-07-05,10589,France,STK009,Vase en verre,3,17.54,52.62
INV503063,2023-07-05,10589,France,STK011,Plateau en bambou,5,27.32,136.6
INV503063,2023-07-05,10589,France,STK008,Tapis de bain,2,31.9,63.8
INV503064,2023-06-15,10589,France,STK006,Cadre photo bois,4,9.92,39.68
INV503064,2023-06-15,10589,France,STK009,Vase en verre,5,19.68,98.4
INV503064,2023-06-15,10589,France,STK011,Plateau en bambou,5,22.23,111.15
INV503065,2023-07-12,10589,France,STK011,Plateau en bambou,1,21.25,21.25
INV503065,2023-07-12,10589,France,STK004,Plaid tricote,2,35.05,70.1
INV503065,2023-07-12,10589,France,STK011,Plateau en bambou,2,25.67,51.34
INV503065,2023-07-12,10589,France,STK004,Plaid tricote,1,30.42,30.42
INV503066,2023-10-08,10589,France,STK001,Lampe de bureau design,1,22.71,22.71
INV503066,2023-10-08,10589,France,STK007,Panier de rangement,2,26.5,53.0
INV503067,2023-02-03,10590,France,STK008,Tapis de bain,3,22.98,68.94
INV503067,2023-02-03,10590,France,STK010,Guirlande lumineuse,3,16.36,49.08
INV503068,2023-02-18,10590,France,STK012,Miroir mural rond,4,35.95,143.8
INV503069,2023-05-24,10590,France,STK012,Miroir mural rond,5,39.77,198.85000000000002
INV503070,2023-01-20,10590,France,STK011,Plateau en bambou,2,18.08,36.16
INV503070,2023-01-20,10590,France,STK012,Miroir mural rond,5,33.91,169.54999999999998
INV503070,2023-01-20,10590,France,STK006,Cadre photo bois,4,10.53,42.12
INV503070,2023-01-20,10590,France,STK010,Guirlande lumineuse,2,13.4,26.8
INV503071,2023-01-25,10590,France,STK009,Vase en verre,2,26.44,52.88
INV503071,2023-01-25,10590,France,STK010,Guirlande lumineuse,2,16.54,33.08
INV503072,2023-06-13,10590,France,STK001,Lampe de bureau design,4,24.16,96.64
INV503072,2023-06-13,10590,France,STK010,Guirlande lumineuse,1,10.22,10.22
INV503073,2023-04-21,10590,France,STK008,Tapis de bain,1,31.63,31.63
INV503073,2023-04-21,10590,France,STK008,Tapis de bain,4,24.75,99.0
INV503074,2023-01-28,10590,France,STK002,Coussin en lin,3,17.29,51.87
INV503074,2023-01-28,10590,France,STK004,Plaid tricote,5,28.19,140.95000000000002
INV503074,2023-01-28,10590,France,STK012,Miroir mural rond,1,47.98,47.98
INV503075,2023-05-25,10591,Germany,STK012,Miroir mural rond,4,44.47,177.88
INV503075,2023-05-25,10591,Germany,STK008,Tapis de bain,2,27.44,54.88
INV503075,2023-05-25,10591,Germany,STK007,Panier de rangement,5,18.88,94.39999999999999
INV503075,2023-05-25,10591,Germany,STK010,Guirlande lumineuse,4,14.23,56.92
INV503076,2023-08-24,10591,Germany,STK008,Tapis de bain,2,27.17,54.34
INV503076,2023-08-24,10591,Germany,STK012,Miroir mural rond,1,46.18,46.18
INV503076,2023-08-24,10591,Germany,STK008,Tapis de bain,4,21.87,87.48
INV503077,2023-11-08,10592,France,STK011,Plateau en bambou,2,26.09,52.18
INV503077,2023-11-08,10592,France,STK012,Miroir mural rond,4,40.72,162.88
INV503077,2023-11-08,10592,France,STK002,Coussin en lin,1,15.85,15.85
INV503078,2023-06-08,10592,France,STK007,Panier de rangement,2,27.01,54.02
INV503078,2023-06-08,10592,France,STK005,Bougie parfumee,2,9.21,18.42
INV503078,2023-06-08,10592,France,STK004,Plaid tricote,2,29.87,59.74
INV503078,2023-06-08,10592,France,STK005,Bougie parfumee,4,13.09,52.36
INV503079,2023-01-04,10592,France,STK010,Guirlande lumineuse,4,16.1,64.4
INV503079,2023-01-04,10592,France,STK008,Tapis de bain,1,27.59,27.59
INV503080,2023-04-28,10592,France,STK007,Panier de rangement,5,22.03,110.15
INV503080,2023-04-28,10592,France,STK011,Plateau en bambou,2,31.85,63.7
INV503081,2023-08-27,10592,France,STK012,Miroir mural rond,1,34.09,34.09
INV503082,2023-02-28,10593,France,STK010,Guirlande lumineuse,3,15.52,46.56
INV503082,2023-02-28,10593,France,STK002,Coussin en lin,4,19.85,79.4
INV503082,2023-02-28,10593,France,STK010,Guirlande lumineuse,4,16.65,66.6
INV503082,2023-02-28,10593,France,STK006,Cadre photo bois,4,10.79,43.16
INV503083,2023-05-15,10593,France,STK004,Plaid tricote,3,29.73,89.19
INV503083,2023-05-15,10593,France,STK005,Bougie parfumee,5,7.57,37.85
INV503083,2023-05-15,10593,France,STK004,Plaid tricote,3,34.97,104.91
INV503083,2023-05-15,10593,France,STK005,Bougie parfumee,1,14.67,14.67
INV503084,2023-02-07,10593,France,STK012,Miroir mural rond,1,36.82,36.82
INV503084,2023-02-07,10593,France,STK002,Coussin en lin,5,18.98,94.9
INV503085,2023-08-05,10593,France,STK009,Vase en verre,2,16.74,33.48
INV503085,2023-08-05,10593,France,STK006,Cadre photo bois,4,10.19,40.76
INV503086,2023-07-11,10593,France,STK006,Cadre photo bois,5,11.41,57.05
INV503087,2023-02-07,10593,France,STK009,Vase en verre,1,19.76,19.76
INV503087,2023-02-07,10593,France,STK005,Bougie parfumee,4,12.93,51.72
INV503088,2023-04-18,10593,France,STK004,Plaid tricote,4,32.25,129.0
INV503088,2023-04-18,10593,France,STK008,Tapis de bain,3,24.95,74.85
INV503089,2023-04-23,10593,France,STK004,Plaid tricote,3,26.84,80.52
INV503089,2023-04-23,10593,France,STK004,Plaid tricote,3,34.51,103.53
INV503090,2023-07-24,10594,Italy,STK003,Set de tasses ceramique,3,15.77,47.31
INV503091,2023-08-29,10594,Italy,STK003,Set de tasses ceramique,2,13.98,27.96
INV503091,2023-08-29,10594,Italy,STK012,Miroir mural rond,1,47.48,47.48
INV503092,2023-05-31,10594,Italy,STK001,Lampe de bureau design,1,18.51,18.51
INV503093,2023-06-13,10594,Italy,STK004,Plaid tricote,5,32.8,164.0
INV503093,2023-06-13,10594,Italy,STK005,Bougie parfumee,1,13.76,13.76
INV503094,2023-11-30,10594,Italy,STK005,Bougie parfumee,5,14.17,70.85
INV503094,2023-11-30,10594,Italy,STK012,Miroir mural rond,2,37.89,75.78
INV503095,2023-07-14,10595,Italy,STK008,Tapis de bain,3,26.86,80.58
INV503095,2023-07-14,10595,Italy,STK008,Tapis de bain,3,27.16,81.48
INV503096,2023-07-11,10596,Belgium,STK007,Panier de rangement,4,22.11,88.44
INV503096,2023-07-11,10596,Belgium,STK010,Guirlande lumineuse,2,10.06,20.12
INV503096,2023-07-11,10596,Belgium,STK009,Vase en verre,5,20.47,102.35
INV503096,2023-07-11,10596,Belgium,STK011,Plateau en bambou,2,21.75,43.5
INV503097,2023-05-30,10596,Belgium,STK011,Plateau en bambou,4,21.89,87.56
INV503097,2023-05-30,10596,Belgium,STK010,Guirlande lumineuse,5,12.83,64.15
INV503097,2023-05-30,10596,Belgium,STK005,Bougie parfumee,2,12.19,24.38
INV503097,2023-05-30,10596,Belgium,STK003,Set de tasses ceramique,2,17.61,35.22
INV503098,2023-05-20,10596,Belgium,STK005,Bougie parfumee,1,12.39,12.39
INV503098,2023-05-20,10596,Belgium,STK005,Bougie parfumee,3,13.98,41.94
INV503098,2023-05-20,10596,Belgium,STK003,Set de tasses ceramique,3,14.74,44.22
INV503098,2023-05-20,10596,Belgium,STK006,Cadre photo bois,3,10.63,31.89
INV503099,2023-03-14,10596,Belgium,STK004,Plaid tricote,2,27.86,55.72
INV503099,2023-03-14,10596,Belgium,STK002,Coussin en lin,3,18.58,55.739999999999995
INV503099,2023-03-14,10596,Belgium,STK006,Cadre photo bois,2,9.4,18.8
INV503100,2023-12-01,10596,Belgium,STK012,Miroir mural rond,1,37.88,37.88
INV503101,2023-05-16,10596,Belgium,STK004,Plaid tricote,1,27.12,27.12
INV503101,2023-05-16,10596,Belgium,STK002,Coussin en lin,1,17.27,17.27
INV503102,2023-12-07,10596,Belgium,STK008,Tapis de bain,2,26.17,52.34
INV503102,2023-12-07,10596,Belgium,STK010,Guirlande lumineuse,5,16.98,84.9
INV503102,2023-12-07,10596,Belgium,STK011,Plateau en bambou,2,16.37,32.74
INV503103,2023-12-09,10596,Belgium,STK002,Coussin en lin,3,14.17,42.51
INV503103,2023-12-09,10596,Belgium,STK008,Tapis de bain,4,29.6,118.4
INV503104,2023-12-28,10596,Belgium,STK012,Miroir mural rond,4,42.68,170.72
INV503104,2023-12-28,10596,Belgium,STK009,Vase en verre,5,18.6,93.0
INV503104,2023-12-28,10596,Belgium,STK007,Panier de rangement,4,27.81,111.24
INV503105,2023-06-28,10596,Belgium,STK011,Plateau en bambou,3,26.45,79.35
INV503105,2023-06-28,10596,Belgium,STK002,Coussin en lin,4,16.87,67.48
INV503105,2023-06-28,10596,Belgium,STK008,Tapis de bain,2,31.18,62.36
INV503105,2023-06-28,10596,Belgium,STK009,Vase en verre,3,22.37,67.11
INV503106,2023-01-21,10596,Belgium,STK012,Miroir mural rond,4,41.2,164.8
INV503106,2023-01-21,10596,Belgium,STK010,Guirlande lumineuse,5,15.16,75.8
INV503106,2023-01-21,10596,Belgium,STK010,Guirlande lumineuse,1,12.09,12.09
INV503106,2023-01-21,10596,Belgium,STK005,Bougie parfumee,2,15.66,31.32
INV503107,2023-11-06,10596,Belgium,STK005,Bougie parfumee,3,13.9,41.7
INV503107,2023-11-06,10596,Belgium,STK004,Plaid tricote,4,29.68,118.72
INV503107,2023-11-06,10596,Belgium,STK010,Guirlande lumineuse,5,17.19,85.95
INV503107,2023-11-06,10596,Belgium,STK009,Vase en verre,3,17.15,51.449999999999996
INV503108,2023-11-08,10596,Belgium,STK001,Lampe de bureau design,1,26.64,26.64
INV503108,2023-11-08,10596,Belgium,STK006,Cadre photo bois,3,9.84,29.52
INV503108,2023-11-08,10596,Belgium,STK009,Vase en verre,1,20.68,20.68
INV503109,2023-12-09,10596,Belgium,STK008,Tapis de bain,3,33.28,99.84
INV503109,2023-12-09,10596,Belgium,STK012,Miroir mural rond,4,40.14,160.56
INV503109,2023-12-09,10596,Belgium,STK005,Bougie parfumee,1,13.46,13.46
INV503110,2023-08-25,10596,Belgium,STK010,Guirlande lumineuse,5,12.83,64.15
INV503110,2023-08-25,10596,Belgium,STK005,Bougie parfumee,3,13.8,41.400000000000006
INV503110,2023-08-25,10596,Belgium,STK009,Vase en verre,1,19.85,19.85
INV503110,2023-08-25,10596,Belgium,STK003,Set de tasses ceramique,2,16.0,32.0
INV503111,2023-11-24,10596,Belgium,STK001,Lampe de bureau design,2,25.04,50.08
INV503111,2023-11-24,10596,Belgium,STK009,Vase en verre,1,20.46,20.46
INV503111,2023-11-24,10596,Belgium,STK004,Plaid tricote,5,27.88,139.4
INV503112,2023-06-17,10596,Belgium,STK012,Miroir mural rond,1,40.63,40.63
INV503112,2023-06-17,10596,Belgium,STK004,Plaid tricote,4,33.87,135.48
INV503112,2023-06-17,10596,Belgium,STK010,Guirlande lumineuse,1,14.77,14.77
INV503113,2023-02-10,10596,Belgium,STK008,Tapis de bain,2,33.41,66.82
INV503113,2023-02-10,10596,Belgium,STK006,Cadre photo bois,1,9.05,9.05
INV503113,2023-02-10,10596,Belgium,STK012,Miroir mural rond,4,38.23,152.92
INV503114,2023-05-09,10596,Belgium,STK003,Set de tasses ceramique,3,15.18,45.54
INV503114,2023-05-09,10596,Belgium,STK005,Bougie parfumee,4,10.71,42.84
INV503115,2023-11-29,10596,Belgium,STK001,Lampe de bureau design,5,25.03,125.15
INV503115,2023-11-29,10596,Belgium,STK010,Guirlande lumineuse,2,14.66,29.32
INV503115,2023-11-29,10596,Belgium,STK009,Vase en verre,5,23.3,116.5
INV503116,2023-03-19,10597,Belgium,STK007,Panier de rangement,4,20.19,80.76
INV503116,2023-03-19,10597,Belgium,STK011,Plateau en bambou,5,21.65,108.25
INV503116,2023-03-19,10597,Belgium,STK010,Guirlande lumineuse,3,13.43,40.29
INV503117,2023-07-17,10597,Belgium,STK001,Lampe de bureau design,4,31.43,125.72
INV503117,2023-07-17,10597,Belgium,STK011,Plateau en bambou,5,27.61,138.05
INV503117,2023-07-17,10597,Belgium,STK006,Cadre photo bois,3,12.52,37.56
INV503118,2023-01-10,10597,Belgium,STK006,Cadre photo bois,1,10.69,10.69
INV503118,2023-01-10,10597,Belgium,STK007,Panier de rangement,2,21.65,43.3
INV503119,2023-01-16,10597,Belgium,STK004,Plaid tricote,3,30.03,90.09
INV503120,2023-04-17,10597,Belgium,STK011,Plateau en bambou,1,19.02,19.02
INV503120,2023-04-17,10597,Belgium,STK012,Miroir mural rond,3,39.14,117.42
INV503120,2023-04-17,10597,Belgium,STK005,Bougie parfumee,5,14.96,74.80000000000001
INV503121,2023-03-30,10597,Belgium,STK010,Guirlande lumineuse,1,11.34,11.34
INV503121,2023-03-30,10597,Belgium,STK002,Coussin en lin,2,16.15,32.3
INV503121,2023-03-30,10597,Belgium,STK012,Miroir mural rond,2,35.48,70.96
INV503122,2023-01-01,10598,France,STK012,Miroir mural rond,2,40.56,81.12
INV503122,2023-01-01,10598,France,STK011,Plateau en bambou,2,28.05,56.1
INV503122,2023-01-01,10598,France,STK006,Cadre photo bois,4,7.87,31.48
INV503122,2023-01-01,10598,France,STK011,Plateau en bambou,3,18.07,54.21
INV503123,2023-04-23,10598,France,STK001,Lampe de bureau design,1,31.46,31.46
INV503123,2023-04-23,10598,France,STK010,Guirlande lumineuse,5,14.68,73.4
INV503124,2023-06-24,10598,France,STK005,Bougie parfumee,4,14.24,56.96
INV503125,2023-04-01,10598,France,STK007,Panier de rangement,5,23.26,116.30000000000001
INV503125,2023-04-01,10598,France,STK009,Vase en verre,1,19.72,19.72
INV503126,2023-09-28,10598,France,STK007,Panier de rangement,3,19.24,57.72
INV503126,2023-09-28,10598,France,STK003,Set de tasses ceramique,3,15.21,45.63
INV503126,2023-09-28,10598,France,STK006,Cadre photo bois,1,8.13,8.13
INV503127,2023-03-10,10599,Italy,STK001,Lampe de bureau design,1,25.37,25.37
INV503128,2023-02-10,10599,Italy,STK006,Cadre photo bois,5,9.14,45.7
INV503128,2023-02-10,10599,Italy,STK012,Miroir mural rond,3,39.62,118.85999999999999
INV503129,2023-11-08,10599,Italy,STK004,Plaid tricote,4,40.06,160.24
INV503129,2023-11-08,10599,Italy,STK004,Plaid tricote,2,29.15,58.3
INV503130,2023-02-22,10600,Germany,STK010,Guirlande lumineuse,2,13.33,26.66
INV503131,2023-01-15,10600,Germany,STK009,Vase en verre,4,21.73,86.92
INV503132,2023-01-23,10600,Germany,STK002,Coussin en lin,4,19.94,79.76
INV503132,2023-01-23,10600,Germany,STK009,Vase en verre,5,17.58,87.89999999999999
INV503132,2023-01-23,10600,Germany,STK001,Lampe de bureau design,5,26.93,134.65
INV503133,2023-04-24,10600,Germany,STK012,Miroir mural rond,3,41.65,124.94999999999999
INV503133,2023-04-24,10600,Germany,STK008,Tapis de bain,4,27.89,111.56
INV503133,2023-04-24,10600,Germany,STK001,Lampe de bureau design,1,20.97,20.97
INV503133,2023-04-24,10600,Germany,STK009,Vase en verre,1,18.23,18.23
INV503134,2023-06-29,10600,Germany,STK006,Cadre photo bois,2,8.59,17.18
INV503135,2023-01-08,10600,Germany,STK001,Lampe de bureau design,3,21.31,63.92999999999999
INV503135,2023-01-08,10600,Germany,STK004,Plaid tricote,2,29.8,59.6
INV503135,2023-01-08,10600,Germany,STK007,Panier de rangement,5,24.32,121.6
INV503135,2023-01-08,10600,Germany,STK005,Bougie parfumee,5,12.62,63.099999999999994
INV503136,2023-08-26,10601,France,STK012,Miroir mural rond,4,37.01,148.04
INV503136,2023-08-26,10601,France,STK003,Set de tasses ceramique,4,15.08,60.32
INV503136,2023-08-26,10601,France,STK011,Plateau en bambou,3,20.88,62.64
INV503136,2023-08-26,10601,France,STK001,Lampe de bureau design,1,26.71,26.71
INV503137,2023-05-27,10601,France,STK003,Set de tasses ceramique,1,16.6,16.6
INV503138,2023-07-27,10601,France,STK010,Guirlande lumineuse,3,11.35,34.05
INV503138,2023-07-27,10601,France,STK002,Coussin en lin,4,18.24,72.96
INV503138,2023-07-27,10601,France,STK010,Guirlande lumineuse,5,11.68,58.4
INV503138,2023-07-27,10601,France,STK004,Plaid tricote,1,24.16,24.16
INV503139,2023-03-15,10601,France,STK002,Coussin en lin,2,20.04,40.08
INV503139,2023-03-15,10601,France,STK011,Plateau en bambou,3,17.04,51.12
INV503140,2023-05-01,10602,France,STK005,Bougie parfumee,1,9.38,9.38
INV503141,2023-07-31,10603,France,STK007,Panier de rangement,4,26.38,105.52
INV503141,2023-07-31,10603,France,STK012,Miroir mural rond,3,51.93,155.79
INV503141,2023-07-31,10603,France,STK008,Tapis de bain,2,34.0,68.0
INV503142,2023-03-28,10603,France,STK002,Coussin en lin,1,17.88,17.88
INV503142,2023-03-28,10603,France,STK010,Guirlande lumineuse,5,14.14,70.7
INV503142,2023-03-28,10603,France,STK011,Plateau en bambou,4,22.95,91.8
INV503142,2023-03-28,10603,France,STK005,Bougie parfumee,2,8.76,17.52
INV503143,2023-08-12,10603,France,STK008,Tapis de bain,2,28.66,57.32
INV503144,2023-12-06,10603,France,STK004,Plaid tricote,4,33.78,135.12
INV503144,2023-12-06,10603,France,STK004,Plaid tricote,2,32.13,64.26
INV503144,2023-12-06,10603,France,STK011,Plateau en bambou,4,23.38,93.52
INV503144,2023-12-06,10603,France,STK011,Plateau en bambou,5,28.35,141.75
INV503145,2023-12-06,10603,France,STK002,Coussin en lin,5,19.39,96.95
INV503145,2023-12-06,10603,France,STK004,Plaid tricote,2,31.34,62.68
INV503145,2023-12-06,10603,France,STK007,Panier de rangement,1,25.76,25.76
INV503145,2023-12-06,10603,France,STK005,Bougie parfumee,2,12.94,25.88
INV503146,2023-12-27,10603,France,STK011,Plateau en bambou,2,20.01,40.02
INV503147,2023-09-09,10603,France,STK007,Panier de rangement,4,20.16,80.64
INV503147,2023-09-09,10603,France,STK012,Miroir mural rond,2,41.52,83.04
INV503147,2023-09-09,10603,France,STK007,Panier de rangement,4,18.18,72.72
INV503148,2023-03-28,10603,France,STK006,Cadre photo bois,1,6.29,6.29
INV503148,2023-03-28,10603,France,STK006,Cadre photo bois,3,9.55,28.650000000000002
INV503148,2023-03-28,10603,France,STK002,Coussin en lin,3,17.29,51.87
INV503148,2023-03-28,10603,France,STK006,Cadre photo bois,2,8.58,17.16
INV503149,2023-04-08,10603,France,STK002,Coussin en lin,3,21.79,65.37
INV503149,2023-04-08,10603,France,STK004,Plaid tricote,3,34.73,104.19
INV503149,2023-04-08,10603,France,STK001,Lampe de bureau design,3,22.65,67.94999999999999
INV503150,2023-11-07,10603,France,STK010,Guirlande lumineuse,4,12.17,48.68
INV503150,2023-11-07,10603,France,STK010,Guirlande lumineuse,3,15.7,47.099999999999994
INV503150,2023-11-07,10603,France,STK004,Plaid tricote,2,27.7,55.4
INV503150,2023-11-07,10603,France,STK002,Coussin en lin,5,18.35,91.75
INV503151,2023-09-07,10603,France,STK002,Coussin en lin,4,17.74,70.96
INV503152,2023-12-11,10603,France,STK001,Lampe de bureau design,3,25.2,75.6
INV503153,2023-12-02,10603,France,STK001,Lampe de bureau design,2,23.62,47.24
INV503153,2023-12-02,10603,France,STK008,Tapis de bain,3,31.49,94.47
INV503154,2023-10-09,10603,France,STK003,Set de tasses ceramique,5,15.82,79.1
INV503155,2023-11-21,10603,France,STK002,Coussin en lin,4,23.38,93.52
INV503155,2023-11-21,10603,France,STK007,Panier de rangement,2,17.6,35.2
INV503156,2023-12-11,10604,France,STK009,Vase en verre,3,22.76,68.28
INV503156,2023-12-11,10604,France,STK011,Plateau en bambou,3,22.24,66.72
INV503156,2023-12-11,10604,France,STK007,Panier de rangement,3,19.55,58.650000000000006
INV503156,2023-12-11,10604,France,STK002,Coussin en lin,2,19.71,39.42
INV503157,2023-12-20,10604,France,STK009,Vase en verre,3,18.01,54.03
INV503157,2023-12-20,10604,France,STK003,Set de tasses ceramique,1,13.7,13.7
INV503157,2023-12-20,10604,France,STK007,Panier de rangement,2,21.56,43.12
INV503157,2023-12-20,10604,France,STK009,Vase en verre,1,21.04,21.04
INV503158,2023-11-15,10604,France,STK004,Plaid tricote,4,34.1,136.4
INV503158,2023-11-15,10604,France,STK004,Plaid tricote,4,39.1,156.4
INV503159,2023-08-30,10604,France,STK011,Plateau en bambou,5,19.92,99.60000000000001
INV503159,2023-08-30,10604,France,STK004,Plaid tricote,2,35.11,70.22
INV503159,2023-08-30,10604,France,STK007,Panier de rangement,2,21.48,42.96
INV503159,2023-08-30,10604,France,STK001,Lampe de bureau design,1,23.18,23.18
INV503160,2023-10-08,10604,France,STK011,Plateau en bambou,4,22.53,90.12
INV503160,2023-10-08,10604,France,STK002,Coussin en lin,5,19.02,95.1
INV503160,2023-10-08,10604,France,STK005,Bougie parfumee,1,11.44,11.44
INV503161,2023-04-10,10604,France,STK006,Cadre photo bois,3,10.83,32.49
INV503161,2023-04-10,10604,France,STK009,Vase en verre,1,22.04,22.04
INV503161,2023-04-10,10604,France,STK009,Vase en verre,4,20.31,81.24
INV503162,2023-09-26,10604,France,STK012,Miroir mural rond,1,30.56,30.56
INV503162,2023-09-26,10604,France,STK007,Panier de rangement,5,16.73,83.65
INV503162,2023-09-26,10604,France,STK005,Bougie parfumee,3,10.68,32.04
INV503162,2023-09-26,10604,France,STK004,Plaid tricote,5,33.44,167.2
INV503163,2023-12-01,10604,France,STK012,Miroir mural rond,5,48.23,241.14999999999998
INV503163,2023-12-01,10604,France,STK010,Guirlande lumineuse,1,11.56,11.56
INV503163,2023-12-01,10604,France,STK009,Vase en verre,4,23.47,93.88
INV503163,2023-12-01,10604,France,STK004,Plaid tricote,3,36.64,109.92
INV503164,2023-09-25,10604,France,STK005,Bougie parfumee,4,12.84,51.36
INV503164,2023-09-25,10604,France,STK007,Panier de rangement,1,21.29,21.29
INV503164,2023-09-25,10604,France,STK010,Guirlande lumineuse,4,14.22,56.88
INV503165,2023-07-16,10605,France,STK005,Bougie parfumee,4,12.83,51.32
INV503165,2023-07-16,10605,France,STK011,Plateau en bambou,1,20.39,20.39
INV503165,2023-07-16,10605,France,STK001,Lampe de bureau design,1,28.34,28.34
INV503166,2023-10-28,10605,France,STK010,Guirlande lumineuse,4,13.12,52.48
INV503166,2023-10-28,10605,France,STK011,Plateau en bambou,2,14.43,28.86
INV503167,2023-11-02,10605,France,STK011,Plateau en bambou,1,22.96,22.96
INV503167,2023-11-02,10605,France,STK010,Guirlande lumineuse,3,15.87,47.61
INV503167,2023-11-02,10605,France,STK009,Vase en verre,5,22.09,110.45
INV503168,2023-11-23,10605,France,STK010,Guirlande lumineuse,4,14.15,56.6
INV503168,2023-11-23,10605,France,STK010,Guirlande lumineuse,3,17.76,53.28
INV503168,2023-11-23,10605,France,STK008,Tapis de bain,5,28.58,142.89999999999998
INV503168,2023-11-23,10605,France,STK005,Bougie parfumee,4,10.68,42.72
INV503169,2023-10-16,10605,France,STK005,Bougie parfumee,3,9.62,28.86
INV503169,2023-10-16,10605,France,STK007,Panier de rangement,4,20.37,81.48
INV503170,2023-08-07,10605,France,STK006,Cadre photo bois,5,8.3,41.5
INV503170,2023-08-07,10605,France,STK006,Cadre photo bois,5,13.33,66.65
INV503171,2023-10-08,10605,France,STK012,Miroir mural rond,5,41.94,209.7
INV503171,2023-10-08,10605,France,STK001,Lampe de bureau design,4,24.94,99.76
INV503172,2023-08-15,10605,France,STK010,Guirlande lumineuse,4,11.9,47.6
INV503172,2023-08-15,10605,France,STK010,Guirlande lumineuse,5,11.16,55.8
INV503172,2023-08-15,10605,France,STK003,Set de tasses ceramique,5,14.12,70.6
INV503172,2023-08-15,10605,France,STK003,Set de tasses ceramique,3,16.4,49.199999999999996
INV503173,2023-07-29,10605,France,STK009,Vase en verre,4,15.42,61.68
INV503173,2023-07-29,10605,France,STK010,Guirlande lumineuse,2,15.07,30.14
INV503174,2023-09-12,10606,France,STK006,Cadre photo bois,4,9.06,36.24
INV503174,2023-09-12,10606,France,STK004,Plaid tricote,2,29.24,58.48
INV503174,2023-09-12,10606,France,STK008,Tapis de bain,4,30.65,122.6
INV503174,2023-09-12,10606,France,STK006,Cadre photo bois,4,9.81,39.24
INV503175,2023-02-26,10606,France,STK010,Guirlande lumineuse,5,11.62,58.099999999999994
INV503175,2023-02-26,10606,France,STK004,Plaid tricote,2,27.73,55.46
INV503175,2023-02-26,10606,France,STK010,Guirlande lumineuse,2,15.73,31.46
INV503176,2023-07-01,10606,France,STK009,Vase en verre,4,21.59,86.36
INV503177,2023-10-26,10606,France,STK003,Set de tasses ceramique,4,18.15,72.6
INV503177,2023-10-26,10606,France,STK008,Tapis de bain,2,22.86,45.72
INV503178,2023-04-02,10606,France,STK010,Guirlande lumineuse,5,13.67,68.35
INV503178,2023-04-02,10606,France,STK009,Vase en verre,5,23.66,118.3
INV503178,2023-04-02,10606,France,STK003,Set de tasses ceramique,1,12.86,12.86
INV503178,2023-04-02,10606,France,STK010,Guirlande lumineuse,4,13.83,55.32
INV503179,2023-08-06,10606,France,STK002,Coussin en lin,3,14.83,44.49
INV503179,2023-08-06,10606,France,STK005,Bougie parfumee,5,15.63,78.15
INV503179,2023-08-06,10606,France,STK009,Vase en verre,3,17.68,53.04
INV503179,2023-08-06,10606,France,STK012,Miroir mural rond,5,35.68,178.4
INV503180,2023-02-19,10607,France,STK012,Miroir mural rond,2,40.94,81.88
INV503180,2023-02-19,10607,France,STK011,Plateau en bambou,5,25.78,128.9
INV503180,2023-02-19,10607,France,STK002,Coussin en lin,1,13.81,13.81
INV503181,2023-08-20,10607,France,STK010,Guirlande lumineuse,4,16.29,65.16
INV503181,2023-08-20,10607,France,STK007,Panier de rangement,4,22.97,91.88
INV503182,2023-02-22,10608,France,STK011,Plateau en bambou,5,27.35,136.75
INV503182,2023-02-22,10608,France,STK008,Tapis de bain,3,23.01,69.03
INV503182,2023-02-22,10608,France,STK010,Guirlande lumineuse,5,14.0,70.0
INV503182,2023-02-22,10608,France,STK008,Tapis de bain,1,26.9,26.9
INV503183,2023-07-03,10608,France,STK006,Cadre photo bois,2,10.54,21.08
INV503183,2023-07-03,10608,France,STK008,Tapis de bain,5,28.82,144.1
INV503183,2023-07-03,10608,France,STK003,Set de tasses ceramique,2,12.19,24.38
INV503184,2023-05-14,10608,France,STK011,Plateau en bambou,2,18.36,36.72
INV503184,2023-05-14,10608,France,STK010,Guirlande lumineuse,3,11.74,35.22
INV503184,2023-05-14,10608,France,STK005,Bougie parfumee,5,14.46,72.30000000000001
INV503184,2023-05-14,10608,France,STK009,Vase en verre,1,21.75,21.75
INV503185,2023-12-11,10609,France,STK002,Coussin en lin,2,17.05,34.1
INV503185,2023-12-11,10609,France,STK004,Plaid tricote,2,31.81,63.62
INV503186,2023-07-14,10609,France,STK005,Bougie parfumee,2,12.32,24.64
INV503186,2023-07-14,10609,France,STK008,Tapis de bain,1,25.6,25.6
INV503186,2023-07-14,10609,France,STK011,Plateau en bambou,2,27.33,54.66
INV503186,2023-07-14,10609,France,STK005,Bougie parfumee,2,14.61,29.22
INV503187,2023-02-15,10610,France,STK009,Vase en verre,5,16.9,84.5
INV503187,2023-02-15,10610,France,STK007,Panier de rangement,2,25.91,51.82
INV503187,2023-02-15,10610,France,STK007,Panier de rangement,2,19.08,38.16
INV503187,2023-02-15,10610,France,STK004,Plaid tricote,3,43.93,131.79
INV503188,2023-09-06,10610,France,STK001,Lampe de bureau design,2,16.03,32.06
INV503188,2023-09-06,10610,France,STK005,Bougie parfumee,3,13.34,40.019999999999996
INV503188,2023-09-06,10610,France,STK001,Lampe de bureau design,1,22.9,22.9
INV503189,2023-05-16,10610,France,STK004,Plaid tricote,2,29.64,59.28
INV503189,2023-05-16,10610,France,STK012,Miroir mural rond,5,40.26,201.29999999999998
INV503189,2023-05-16,10610,France,STK011,Plateau en bambou,2,22.65,45.3
INV503190,2023-03-10,10610,France,STK003,Set de tasses ceramique,4,14.33,57.32
INV503190,2023-03-10,10610,France,STK003,Set de tasses ceramique,1,10.26,10.26
INV503190,2023-03-10,10610,France,STK001,Lampe de bureau design,3,24.9,74.69999999999999
INV503191,2023-02-24,10611,France,STK010,Guirlande lumineuse,3,15.96,47.88
INV503192,2023-06-17,10611,France,STK002,Coussin en lin,3,19.13,57.39
INV503192,2023-06-17,10611,France,STK002,Coussin en lin,1,17.84,17.84
INV503192,2023-06-17,10611,France,STK007,Panier de rangement,1,20.45,20.45
INV503193,2023-01-09,10611,France,STK012,Miroir mural rond,1,53.53,53.53
INV503194,2023-09-27,10612,France,STK011,Plateau en bambou,1,24.02,24.02
INV503195,2023-01-29,10612,France,STK006,Cadre photo bois,1,8.11,8.11
INV503195,2023-01-29,10612,France,STK011,Plateau en bambou,4,22.74,90.96
INV503196,2023-12-02,10612,France,STK005,Bougie parfumee,2,16.46,32.92
INV503197,2023-10-24,10613,Belgium,STK001,Lampe de bureau design,3,23.08,69.24
INV503197,2023-10-24,10613,Belgium,STK008,Tapis de bain,3,32.87,98.60999999999999
INV503198,2023-03-23,10613,Belgium,STK010,Guirlande lumineuse,1,14.69,14.69
INV503198,2023-03-23,10613,Belgium,STK003,Set de tasses ceramique,2,16.22,32.44
INV503199,2023-01-24,10613,Belgium,STK006,Cadre photo bois,5,10.08,50.4
INV503199,2023-01-24,10613,Belgium,STK008,Tapis de bain,3,37.36,112.08
INV503199,2023-01-24,10613,Belgium,STK008,Tapis de bain,5,28.51,142.55
INV503200,2023-05-17,10613,Belgium,STK002,Coussin en lin,4,21.13,84.52
INV503200,2023-05-17,10613,Belgium,STK007,Panier de rangement,3,25.45,76.35
INV503200,2023-05-17,10613,Belgium,STK008,Tapis de bain,5,32.05,160.25
INV503201,2023-06-21,10613,Belgium,STK011,Plateau en bambou,3,22.5,67.5
INV503202,2023-03-04,10613,Belgium,STK010,Guirlande lumineuse,5,15.03,75.14999999999999
INV503202,2023-03-04,10613,Belgium,STK003,Set de tasses ceramique,5,14.39,71.95
INV503202,2023-03-04,10613,Belgium,STK004,Plaid tricote,1,32.01,32.01
INV503203,2023-07-28,10614,France,STK008,Tapis de bain,2,19.51,39.02
INV503203,2023-07-28,10614,France,STK005,Bougie parfumee,2,13.79,27.58
INV503203,2023-07-28,10614,France,STK002,Coussin en lin,4,20.72,82.88
INV503204,2023-11-17,10614,France,STK009,Vase en verre,5,16.93,84.65
INV503204,2023-11-17,10614,France,STK001,Lampe de bureau design,4,24.08,96.32
INV503204,2023-11-17,10614,France,STK006,Cadre photo bois,4,8.95,35.8
INV503205,2023-01-21,10614,France,STK012,Miroir mural rond,3,35.37,106.10999999999999
INV503206,2023-10-03,10614,France,STK004,Plaid tricote,1,27.28,27.28
INV503207,2023-06-05,10614,France,STK012,Miroir mural rond,2,42.82,85.64
INV503208,2023-10-03,10614,France,STK012,Miroir mural rond,5,47.38,236.9
INV503208,2023-10-03,10614,France,STK001,Lampe de bureau design,1,18.41,18.41
INV503208,2023-10-03,10614,France,STK012,Miroir mural rond,1,41.27,41.27
INV503208,2023-10-03,10614,France,STK003,Set de tasses ceramique,5,16.75,83.75
INV503209,2023-02-21,10614,France,STK012,Miroir mural rond,2,46.92,93.84
INV503209,2023-02-21,10614,France,STK005,Bougie parfumee,3,10.97,32.910000000000004
INV503209,2023-02-21,10614,France,STK009,Vase en verre,4,17.61,70.44
INV503209,2023-02-21,10614,France,STK011,Plateau en bambou,5,25.78,128.9
INV503210,2023-12-28,10614,France,STK009,Vase en verre,2,20.12,40.24
INV503210,2023-12-28,10614,France,STK011,Plateau en bambou,3,17.81,53.42999999999999
INV503210,2023-12-28,10614,France,STK004,Plaid tricote,3,28.88,86.64
INV503210,2023-12-28,10614,France,STK010,Guirlande lumineuse,5,14.73,73.65
INV503211,2023-12-14,10614,France,STK008,Tapis de bain,4,27.33,109.32
INV503211,2023-12-14,10614,France,STK001,Lampe de bureau design,4,27.55,110.2
INV503211,2023-12-14,10614,France,STK003,Set de tasses ceramique,5,14.22,71.10000000000001
INV503211,2023-12-14,10614,France,STK004,Plaid tricote,5,29.98,149.9
INV503212,2023-07-07,10614,France,STK003,Set de tasses ceramique,2,17.78,35.56
INV503212,2023-07-07,10614,France,STK009,Vase en verre,3,13.46,40.38
INV503212,2023-07-07,10614,France,STK009,Vase en verre,4,15.89,63.56
INV503212,2023-07-07,10614,France,STK002,Coussin en lin,4,16.43,65.72
INV503213,2023-08-01,10614,France,STK008,Tapis de bain,3,27.19,81.57000000000001
INV503213,2023-08-01,10614,France,STK009,Vase en verre,1,19.43,19.43
INV503214,2023-12-15,10614,France,STK010,Guirlande lumineuse,5,16.1,80.5
INV503214,2023-12-15,10614,France,STK009,Vase en verre,4,14.09,56.36
INV503214,2023-12-15,10614,France,STK010,Guirlande lumineuse,3,13.98,41.94
INV503215,2023-10-26,10614,France,STK012,Miroir mural rond,4,46.46,185.84
INV503215,2023-10-26,10614,France,STK006,Cadre photo bois,4,9.08,36.32
INV503215,2023-10-26,10614,France,STK005,Bougie parfumee,5,15.61,78.05
INV503215,2023-10-26,10614,France,STK001,Lampe de bureau design,5,25.22,126.1
INV503216,2023-08-15,10614,France,STK002,Coussin en lin,1,21.08,21.08
INV503217,2023-03-14,10614,France,STK001,Lampe de bureau design,5,31.29,156.45
INV503217,2023-03-14,10614,France,STK006,Cadre photo bois,2,9.37,18.74
INV503217,2023-03-14,10614,France,STK012,Miroir mural rond,5,41.69,208.45
INV503218,2023-05-28,10614,France,STK005,Bougie parfumee,5,10.78,53.9
INV503218,2023-05-28,10614,France,STK005,Bougie parfumee,3,11.86,35.58
INV503218,2023-05-28,10614,France,STK004,Plaid tricote,5,46.08,230.39999999999998
INV503219,2023-09-27,10614,France,STK003,Set de tasses ceramique,2,13.37,26.74
INV503219,2023-09-27,10614,France,STK002,Coussin en lin,2,14.65,29.3
INV503220,2023-11-30,10614,France,STK012,Miroir mural rond,3,46.25,138.75
INV503220,2023-11-30,10614,France,STK009,Vase en verre,1,22.29,22.29
INV503220,2023-11-30,10614,France,STK004,Plaid tricote,1,32.11,32.11
INV503221,2023-04-19,10614,France,STK002,Coussin en lin,2,19.23,38.46
INV503221,2023-04-19,10614,France,STK011,Plateau en bambou,4,20.67,82.68
INV503221,2023-04-19,10614,France,STK007,Panier de rangement,5,21.3,106.5
INV503221,2023-04-19,10614,France,STK004,Plaid tricote,5,26.51,132.55
INV503222,2023-07-19,10615,France,STK002,Coussin en lin,2,20.71,41.42
INV503222,2023-07-19,10615,France,STK001,Lampe de bureau design,4,32.8,131.2
INV503223,2023-01-04,10615,France,STK008,Tapis de bain,3,27.39,82.17
INV503223,2023-01-04,10615,France,STK009,Vase en verre,2,27.47,54.94
INV503223,2023-01-04,10615,France,STK007,Panier de rangement,4,24.32,97.28
INV503223,2023-01-04,10615,France,STK005,Bougie parfumee,1,12.28,12.28
INV503224,2023-04-29,10615,France,STK004,Plaid tricote,3,33.78,101.34
INV503224,2023-04-29,10615,France,STK003,Set de tasses ceramique,4,12.88,51.52
INV503224,2023-04-29,10615,France,STK001,Lampe de bureau design,5,37.77,188.85000000000002
INV503224,2023-04-29,10615,France,STK004,Plaid tricote,4,35.21,140.84
INV503225,2023-01-07,10615,France,STK007,Panier de rangement,4,16.61,66.44
INV503226,2023-02-22,10615,France,STK002,Coussin en lin,2,13.37,26.74
INV503227,2023-05-26,10616,Spain,STK004,Plaid tricote,5,29.16,145.8
INV503227,2023-05-26,10616,Spain,STK011,Plateau en bambou,4,16.33,65.32
INV503228,2023-06-16,10616,Spain,STK004,Plaid tricote,4,34.77,139.08
INV503228,2023-06-16,10616,Spain,STK003,Set de tasses ceramique,5,10.42,52.1
INV503229,2023-08-11,10616,Spain,STK003,Set de tasses ceramique,1,12.56,12.56
INV503229,2023-08-11,10616,Spain,STK012,Miroir mural rond,3,35.62,106.85999999999999
INV503229,2023-08-11,10616,Spain,STK001,Lampe de bureau design,5,28.21,141.05
INV503229,2023-08-11,10616,Spain,STK001,Lampe de bureau design,5,20.6,103.0
INV503230,2023-05-12,10616,Spain,STK009,Vase en verre,1,23.54,23.54
INV503230,2023-05-12,10616,Spain,STK005,Bougie parfumee,1,17.56,17.56
INV503230,2023-05-12,10616,Spain,STK005,Bougie parfumee,3,11.44,34.32
INV503231,2023-07-23,10616,Spain,STK004,Plaid tricote,3,35.2,105.60000000000001
INV503231,2023-07-23,10616,Spain,STK001,Lampe de bureau design,5,23.44,117.2
INV503231,2023-07-23,10616,Spain,STK008,Tapis de bain,3,27.22,81.66
INV503231,2023-07-23,10616,Spain,STK001,Lampe de bureau design,3,22.58,67.74
INV503232,2023-10-20,10616,Spain,STK011,Plateau en bambou,1,21.27,21.27
INV503232,2023-10-20,10616,Spain,STK006,Cadre photo bois,4,9.74,38.96
INV503232,2023-10-20,10616,Spain,STK011,Plateau en bambou,1,23.54,23.54
INV503233,2023-04-30,10616,Spain,STK002,Coussin en lin,1,15.29,15.29
INV503233,2023-04-30,10616,Spain,STK003,Set de tasses ceramique,4,15.06,60.24
INV503233,2023-04-30,10616,Spain,STK012,Miroir mural rond,4,35.82,143.28
INV503233,2023-04-30,10616,Spain,STK001,Lampe de bureau design,5,27.29,136.45
INV503234,2023-03-19,10617,France,STK001,Lampe de bureau design,4,18.81,75.24
INV503234,2023-03-19,10617,France,STK003,Set de tasses ceramique,5,16.68,83.4
INV503234,2023-03-19,10617,France,STK011,Plateau en bambou,2,22.89,45.78
INV503235,2023-05-26,10617,France,STK011,Plateau en bambou,1,25.97,25.97
INV503236,2023-03-26,10617,France,STK006,Cadre photo bois,1,10.93,10.93
INV503236,2023-03-26,10617,France,STK011,Plateau en bambou,2,25.35,50.7
INV503237,2023-07-25,10617,France,STK009,Vase en verre,3,16.89,50.67
INV503237,2023-07-25,10617,France,STK001,Lampe de bureau design,5,27.86,139.3
INV503237,2023-07-25,10617,France,STK001,Lampe de bureau design,1,28.46,28.46
INV503237,2023-07-25,10617,France,STK004,Plaid tricote,5,40.03,200.15
INV503238,2023-01-29,10617,France,STK002,Coussin en lin,5,25.76,128.8
INV503238,2023-01-29,10617,France,STK009,Vase en verre,4,19.78,79.12
INV503238,2023-01-29,10617,France,STK001,Lampe de bureau design,4,23.32,93.28
INV503239,2023-11-14,10618,France,STK003,Set de tasses ceramique,2,14.46,28.92
INV503239,2023-11-14,10618,France,STK002,Coussin en lin,1,22.5,22.5
INV503240,2023-01-24,10618,France,STK001,Lampe de bureau design,5,28.28,141.4
INV503240,2023-01-24,10618,France,STK008,Tapis de bain,1,28.55,28.55
INV503240,2023-01-24,10618,France,STK005,Bougie parfumee,4,10.68,42.72
INV503241,2023-01-31,10618,France,STK002,Coussin en lin,3,12.83,38.49
INV503241,2023-01-31,10618,France,STK006,Cadre photo bois,5,9.71,48.550000000000004
INV503241,2023-01-31,10618,France,STK008,Tapis de bain,1,29.15,29.15
INV503241,2023-01-31,10618,France,STK010,Guirlande lumineuse,1,13.12,13.12
INV503242,2023-04-03,10618,France,STK007,Panier de rangement,1,17.89,17.89
INV503243,2023-05-09,10618,France,STK002,Coussin en lin,5,16.21,81.05000000000001
INV503243,2023-05-09,10618,France,STK006,Cadre photo bois,5,11.97,59.85
INV503244,2023-03-21,10618,France,STK010,Guirlande lumineuse,4,19.25,77.0
INV503245,2023-02-25,10618,France,STK006,Cadre photo bois,4,8.82,35.28
INV503245,2023-02-25,10618,France,STK011,Plateau en bambou,4,26.05,104.2
INV503245,2023-02-25,10618,France,STK009,Vase en verre,1,16.59,16.59
INV503246,2023-07-11,10619,Germany,STK011,Plateau en bambou,1,25.0,25.0
INV503246,2023-07-11,10619,Germany,STK011,Plateau en bambou,5,17.01,85.05000000000001
INV503247,2023-07-13,10619,Germany,STK012,Miroir mural rond,5,38.99,194.95000000000002
INV503248,2023-04-20,10619,Germany,STK006,Cadre photo bois,3,9.57,28.71
INV503249,2023-07-12,10619,Germany,STK006,Cadre photo bois,3,10.55,31.650000000000002
INV503250,2023-03-11,10619,Germany,STK005,Bougie parfumee,5,13.59,67.95
INV503250,2023-03-11,10619,Germany,STK006,Cadre photo bois,2,8.21,16.42
INV503250,2023-03-11,10619,Germany,STK010,Guirlande lumineuse,3,12.84,38.519999999999996
INV503251,2023-07-10,10619,Germany,STK004,Plaid tricote,5,33.63,168.15
INV503251,2023-07-10,10619,Germany,STK009,Vase en verre,4,17.74,70.96
INV503251,2023-07-10,10619,Germany,STK012,Miroir mural rond,4,35.1,140.4
INV503252,2023-01-27,10619,Germany,STK009,Vase en verre,3,20.37,61.11
INV503253,2023-02-05,10620,Germany,STK011,Plateau en bambou,2,19.27,38.54
INV503254,2023-09-10,10620,Germany,STK005,Bougie parfumee,5,12.86,64.3
INV503254,2023-09-10,10620,Germany,STK012,Miroir mural rond,2,47.5,95.0
INV503254,2023-09-10,10620,Germany,STK009,Vase en verre,1,22.8,22.8
INV503255,2023-07-20,10620,Germany,STK005,Bougie parfumee,4,14.69,58.76
INV503255,2023-07-20,10620,Germany,STK003,Set de tasses ceramique,5,16.0,80.0
INV503256,2023-04-16,10620,Germany,STK003,Set de tasses ceramique,1,16.76,16.76
INV503256,2023-04-16,10620,Germany,STK008,Tapis de bain,5,30.26,151.3
INV503256,2023-04-16,10620,Germany,STK007,Panier de rangement,5,23.38,116.89999999999999
INV503256,2023-04-16,10620,Germany,STK006,Cadre photo bois,5,11.75,58.75
INV503257,2023-08-28,10620,Germany,STK002,Coussin en lin,2,13.71,27.42
INV503257,2023-08-28,10620,Germany,STK012,Miroir mural rond,1,31.36,31.36
INV503258,2023-11-22,10620,Germany,STK004,Plaid tricote,3,26.3,78.9
INV503258,2023-11-22,10620,Germany,STK011,Plateau en bambou,2,19.67,39.34
INV503258,2023-11-22,10620,Germany,STK002,Coussin en lin,1,24.6,24.6
INV503258,2023-11-22,10620,Germany,STK003,Set de tasses ceramique,4,17.38,69.52
INV503259,2023-09-24,10620,Germany,STK011,Plateau en bambou,3,21.33,63.989999999999995
INV503259,2023-09-24,10620,Germany,STK004,Plaid tricote,1,28.29,28.29
INV503260,2023-10-15,10620,Germany,STK004,Plaid tricote,3,30.12,90.36
INV503261,2023-04-13,10620,Germany,STK005,Bougie parfumee,3,17.44,52.32000000000001
INV503261,2023-04-13,10620,Germany,STK010,Guirlande lumineuse,1,13.88,13.88
INV503261,2023-04-13,10620,Germany,STK002,Coussin en lin,5,20.03,100.15
INV503262,2023-07-17,10620,Germany,STK007,Panier de rangement,4,20.62,82.48
INV503262,2023-07-17,10620,Germany,STK002,Coussin en lin,1,22.58,22.58
INV503263,2023-07-21,10620,Germany,STK005,Bougie parfumee,4,14.95,59.8
INV503264,2023-08-08,10620,Germany,STK008,Tapis de bain,1,25.78,25.78
INV503264,2023-08-08,10620,Germany,STK010,Guirlande lumineuse,4,10.38,41.52
INV503264,2023-08-08,10620,Germany,STK011,Plateau en bambou,2,25.89,51.78
INV503264,2023-08-08,10620,Germany,STK008,Tapis de bain,1,35.44,35.44
INV503265,2023-05-16,10621,Spain,STK004,Plaid tricote,5,33.44,167.2
INV503265,2023-05-16,10621,Spain,STK001,Lampe de bureau design,1,22.19,22.19
INV503265,2023-05-16,10621,Spain,STK007,Panier de rangement,2,24.66,49.32
INV503266,2023-10-09,10621,Spain,STK003,Set de tasses ceramique,3,16.73,50.19
INV503266,2023-10-09,10621,Spain,STK012,Miroir mural rond,3,41.39,124.17
INV503266,2023-10-09,10621,Spain,STK006,Cadre photo bois,4,9.49,37.96
INV503266,2023-10-09,10621,Spain,STK011,Plateau en bambou,2,15.23,30.46
INV503267,2023-06-01,10622,Spain,STK012,Miroir mural rond,3,31.78,95.34
INV503267,2023-06-01,10622,Spain,STK007,Panier de rangement,1,22.52,22.52
INV503268,2023-04-14,10622,Spain,STK004,Plaid tricote,4,35.77,143.08
INV503268,2023-04-14,10622,Spain,STK003,Set de tasses ceramique,1,16.44,16.44
INV503269,2023-08-04,10623,Germany,STK012,Miroir mural rond,1,48.76,48.76
INV503269,2023-08-04,10623,Germany,STK009,Vase en verre,1,16.79,16.79
INV503269,2023-08-04,10623,Germany,STK010,Guirlande lumineuse,1,12.53,12.53
INV503269,2023-08-04,10623,Germany,STK005,Bougie parfumee,4,12.29,49.16
INV503270,2023-04-18,10624,Germany,STK012,Miroir mural rond,2,44.84,89.68
INV503270,2023-04-18,10624,Germany,STK008,Tapis de bain,4,30.97,123.88
INV503271,2023-05-17,10624,Germany,STK006,Cadre photo bois,4,8.9,35.6
INV503272,2023-08-30,10625,France,STK004,Plaid tricote,1,31.59,31.59
INV503272,2023-08-30,10625,France,STK005,Bougie parfumee,5,14.75,73.75
INV503273,2023-09-01,10625,France,STK002,Coussin en lin,2,18.09,36.18
INV503273,2023-09-01,10625,France,STK001,Lampe de bureau design,5,28.79,143.95
INV503273,2023-09-01,10625,France,STK011,Plateau en bambou,4,23.4,93.6
INV503274,2023-12-01,10625,France,STK004,Plaid tricote,3,28.79,86.37
INV503274,2023-12-01,10625,France,STK010,Guirlande lumineuse,2,10.69,21.38
INV503274,2023-12-01,10625,France,STK003,Set de tasses ceramique,5,15.56,77.8
INV503274,2023-12-01,10625,France,STK003,Set de tasses ceramique,3,14.27,42.81
INV503275,2023-07-12,10625,France,STK005,Bougie parfumee,4,16.28,65.12
INV503275,2023-07-12,10625,France,STK007,Panier de rangement,1,18.61,18.61
INV503275,2023-07-12,10625,France,STK006,Cadre photo bois,1,10.45,10.45
INV503275,2023-07-12,10625,France,STK011,Plateau en bambou,4,26.72,106.88
INV503276,2023-05-20,10625,France,STK010,Guirlande lumineuse,4,14.71,58.84
INV503277,2023-08-19,10625,France,STK012,Miroir mural rond,5,36.46,182.3
INV503277,2023-08-19,10625,France,STK009,Vase en verre,5,23.89,119.45
INV503277,2023-08-19,10625,France,STK009,Vase en verre,1,25.92,25.92
INV503278,2023-08-03,10625,France,STK012,Miroir mural rond,1,46.38,46.38
INV503278,2023-08-03,10625,France,STK010,Guirlande lumineuse,3,17.91,53.730000000000004
INV503278,2023-08-03,10625,France,STK009,Vase en verre,1,24.8,24.8
INV503279,2023-09-14,10625,France,STK012,Miroir mural rond,4,38.86,155.44
INV503279,2023-09-14,10625,France,STK006,Cadre photo bois,5,11.33,56.65
INV503279,2023-09-14,10625,France,STK004,Plaid tricote,2,28.62,57.24
INV503279,2023-09-14,10625,France,STK011,Plateau en bambou,2,22.33,44.66
INV503280,2023-03-07,10626,Germany,STK006,Cadre photo bois,2,8.91,17.82
INV503280,2023-03-07,10626,Germany,STK005,Bougie parfumee,4,14.14,56.56
INV503281,2023-01-30,10626,Germany,STK003,Set de tasses ceramique,5,12.54,62.699999999999996
INV503281,2023-01-30,10626,Germany,STK001,Lampe de bureau design,2,33.21,66.42
INV503282,2023-10-08,10627,France,STK008,Tapis de bain,4,27.69,110.76
INV503283,2023-04-11,10627,France,STK012,Miroir mural rond,4,43.89,175.56
INV503283,2023-04-11,10627,France,STK003,Set de tasses ceramique,4,12.37,49.48
INV503283,2023-04-11,10627,France,STK012,Miroir mural rond,1,29.78,29.78
INV503283,2023-04-11,10627,France,STK005,Bougie parfumee,1,14.65,14.65
INV503284,2023-04-27,10627,France,STK008,Tapis de bain,1,23.28,23.28
INV503284,2023-04-27,10627,France,STK006,Cadre photo bois,2,9.25,18.5
INV503284,2023-04-27,10627,France,STK012,Miroir mural rond,4,22.57,90.28
INV503285,2023-01-03,10627,France,STK005,Bougie parfumee,2,13.11,26.22
INV503285,2023-01-03,10627,France,STK012,Miroir mural rond,5,45.14,225.7
INV503285,2023-01-03,10627,France,STK011,Plateau en bambou,3,18.84,56.519999999999996
INV503285,2023-01-03,10627,France,STK009,Vase en verre,4,18.64,74.56
INV503286,2023-01-03,10627,France,STK012,Miroir mural rond,1,38.56,38.56
INV503286,2023-01-03,10627,France,STK002,Coussin en lin,2,17.95,35.9
INV503286,2023-01-03,10627,France,STK001,Lampe de bureau design,3,26.12,78.36
INV503287,2023-02-19,10627,France,STK002,Coussin en lin,2,16.08,32.16
INV503287,2023-02-19,10627,France,STK001,Lampe de bureau design,5,27.22,136.1
INV503287,2023-02-19,10627,France,STK002,Coussin en lin,3,15.66,46.980000000000004
INV503287,2023-02-19,10627,France,STK007,Panier de rangement,3,21.82,65.46000000000001
INV503288,2023-06-06,10627,France,STK003,Set de tasses ceramique,2,15.73,31.46
INV503288,2023-06-06,10627,France,STK006,Cadre photo bois,2,8.9,17.8
INV503288,2023-06-06,10627,France,STK005,Bougie parfumee,5,9.89,49.45
INV503288,2023-06-06,10627,France,STK012,Miroir mural rond,5,41.51,207.54999999999998
INV503289,2023-01-25,10627,France,STK011,Plateau en bambou,1,18.95,18.95
INV503289,2023-01-25,10627,France,STK003,Set de tasses ceramique,2,19.54,39.08
INV503290,2023-11-14,10627,France,STK001,Lampe de bureau design,4,24.37,97.48
INV503290,2023-11-14,10627,France,STK007,Panier de rangement,2,23.97,47.94
INV503290,2023-11-14,10627,France,STK011,Plateau en bambou,5,20.98,104.9
INV503290,2023-11-14,10627,France,STK006,Cadre photo bois,4,9.9,39.6
INV503291,2023-10-02,10627,France,STK001,Lampe de bureau design,1,22.22,22.22
INV503291,2023-10-02,10627,France,STK010,Guirlande lumineuse,2,13.73,27.46
INV503291,2023-10-02,10627,France,STK012,Miroir mural rond,5,38.24,191.20000000000002
INV503291,2023-10-02,10627,France,STK010,Guirlande lumineuse,3,16.6,49.800000000000004
INV503292,2023-01-06,10628,France,STK005,Bougie parfumee,5,13.91,69.55
INV503292,2023-01-06,10628,France,STK008,Tapis de bain,3,33.29,99.87
INV503292,2023-01-06,10628,France,STK002,Coussin en lin,4,19.38,77.52
INV503293,2023-11-22,10629,France,STK006,Cadre photo bois,4,7.95,31.8
INV503294,2023-08-26,10629,France,STK007,Panier de rangement,4,25.22,100.88
INV503295,2023-12-02,10629,France,STK010,Guirlande lumineuse,4,13.65,54.6
INV503295,2023-12-02,10629,France,STK004,Plaid tricote,2,35.61,71.22
INV503296,2023-09-22,10629,France,STK007,Panier de rangement,2,21.5,43.0
INV503296,2023-09-22,10629,France,STK007,Panier de rangement,2,15.2,30.4
INV503296,2023-09-22,10629,France,STK006,Cadre photo bois,1,12.68,12.68
INV503296,2023-09-22,10629,France,STK008,Tapis de bain,5,28.72,143.6
INV503297,2023-11-24,10629,France,STK002,Coussin en lin,1,24.08,24.08
INV503297,2023-11-24,10629,France,STK011,Plateau en bambou,1,19.93,19.93
INV503297,2023-11-24,10629,France,STK005,Bougie parfumee,4,11.69,46.76
INV503298,2023-11-17,10629,France,STK005,Bougie parfumee,3,12.75,38.25
INV503299,2023-07-14,10629,France,STK011,Plateau en bambou,2,25.5,51.0
INV503299,2023-07-14,10629,France,STK004,Plaid tricote,3,39.85,119.55000000000001
INV503299,2023-07-14,10629,France,STK009,Vase en verre,3,20.46,61.38
INV503299,2023-07-14,10629,France,STK012,Miroir mural rond,3,49.49,148.47
INV503300,2023-03-28,10629,France,STK007,Panier de rangement,5,20.51,102.55000000000001
INV503301,2023-08-06,10629,France,STK001,Lampe de bureau design,2,23.13,46.26
INV503301,2023-08-06,10629,France,STK005,Bougie parfumee,4,14.99,59.96
INV503302,2023-02-10,10629,France,STK003,Set de tasses ceramique,2,14.72,29.44
INV503302,2023-02-10,10629,France,STK001,Lampe de bureau design,2,36.7,73.4
INV503303,2023-08-02,10629,France,STK004,Plaid tricote,2,30.08,60.16
INV503303,2023-08-02,10629,France,STK003,Set de tasses ceramique,3,13.41,40.230000000000004
INV503303,2023-08-02,10629,France,STK012,Miroir mural rond,1,31.65,31.65
INV503304,2023-08-07,10629,France,STK004,Plaid tricote,3,44.43,133.29
INV503305,2023-12-07,10629,France,STK009,Vase en verre,4,22.91,91.64
INV503305,2023-12-07,10629,France,STK009,Vase en verre,4,13.27,53.08
INV503305,2023-12-07,10629,France,STK005,Bougie parfumee,2,13.46,26.92
INV503306,2023-09-21,10629,France,STK004,Plaid tricote,5,32.91,164.54999999999998
INV503307,2023-08-17,10629,France,STK005,Bougie parfumee,2,13.02,26.04
INV503307,2023-08-17,10629,France,STK004,Plaid tricote,2,39.56,79.12
INV503307,2023-08-17,10629,France,STK001,Lampe de bureau design,4,29.99,119.96
INV503308,2023-07-31,10629,France,STK003,Set de tasses ceramique,3,14.95,44.849999999999994
INV503308,2023-07-31,10629,France,STK006,Cadre photo bois,3,11.64,34.92
INV503309,2023-12-09,10629,France,STK012,Miroir mural rond,5,47.42,237.10000000000002
INV503309,2023-12-09,10629,France,STK001,Lampe de bureau design,1,26.3,26.3
INV503309,2023-12-09,10629,France,STK009,Vase en verre,2,15.33,30.66
INV503310,2023-01-06,10629,France,STK005,Bougie parfumee,2,12.02,24.04
INV503310,2023-01-06,10629,France,STK006,Cadre photo bois,4,10.27,41.08
INV503311,2023-11-23,10629,France,STK010,Guirlande lumineuse,5,13.78,68.89999999999999
INV503311,2023-11-23,10629,France,STK004,Plaid tricote,2,37.54,75.08
INV503312,2023-08-11,10629,France,STK002,Coussin en lin,5,22.61,113.05
INV503313,2023-08-11,10629,France,STK010,Guirlande lumineuse,2,10.24,20.48
INV503313,2023-08-11,10629,France,STK010,Guirlande lumineuse,2,15.86,31.72
INV503314,2023-05-21,10629,France,STK008,Tapis de bain,5,27.98,139.9
INV503314,2023-05-21,10629,France,STK003,Set de tasses ceramique,1,12.39,12.39
INV503315,2023-12-13,10630,France,STK002,Coussin en lin,2,21.37,42.74
INV503315,2023-12-13,10630,France,STK011,Plateau en bambou,4,22.4,89.6
INV503315,2023-12-13,10630,France,STK001,Lampe de bureau design,2,21.83,43.66
INV503315,2023-12-13,10630,France,STK009,Vase en verre,4,18.11,72.44
INV503316,2023-11-12,10630,France,STK001,Lampe de bureau design,2,25.52,51.04
INV503316,2023-11-12,10630,France,STK008,Tapis de bain,1,26.76,26.76
INV503317,2023-09-21,10630,France,STK005,Bougie parfumee,2,18.34,36.68
INV503317,2023-09-21,10630,France,STK001,Lampe de bureau design,3,26.89,80.67
INV503317,2023-09-21,10630,France,STK010,Guirlande lumineuse,1,14.23,14.23
INV503318,2023-12-21,10631,France,STK007,Panier de rangement,3,24.28,72.84
INV503319,2023-09-13,10631,France,STK004,Plaid tricote,2,29.99,59.98
INV503319,2023-09-13,10631,France,STK010,Guirlande lumineuse,3,13.43,40.29
INV503319,2023-09-13,10631,France,STK009,Vase en verre,5,15.85,79.25
INV503319,2023-09-13,10631,France,STK001,Lampe de bureau design,3,22.06,66.17999999999999
INV503320,2023-04-20,10631,France,STK006,Cadre photo bois,4,13.15,52.6
INV503320,2023-04-20,10631,France,STK007,Panier de rangement,3,19.56,58.67999999999999
INV503320,2023-04-20,10631,France,STK009,Vase en verre,5,22.78,113.9
INV503321,2023-01-02,10632,Germany,STK003,Set de tasses ceramique,5,12.87,64.35
INV503321,2023-01-02,10632,Germany,STK002,Coussin en lin,4,23.44,93.76
INV503322,2023-03-05,10632,Germany,STK009,Vase en verre,1,17.93,17.93
INV503322,2023-03-05,10632,Germany,STK009,Vase en verre,2,22.95,45.9
INV503322,2023-03-05,10632,Germany,STK011,Plateau en bambou,2,20.74,41.48
INV503323,2023-01-24,10632,Germany,STK012,Miroir mural rond,5,49.25,246.25
INV503323,2023-01-24,10632,Germany,STK009,Vase en verre,1,20.24,20.24
INV503324,2023-02-07,10632,Germany,STK003,Set de tasses ceramique,3,17.89,53.67
INV503325,2023-07-15,10632,Germany,STK003,Set de tasses ceramique,1,13.74,13.74
INV503325,2023-07-15,10632,Germany,STK010,Guirlande lumineuse,4,11.04,44.16
INV503325,2023-07-15,10632,Germany,STK011,Plateau en bambou,3,24.1,72.30000000000001
INV503325,2023-07-15,10632,Germany,STK001,Lampe de bureau design,2,25.5,51.0
INV503326,2023-04-15,10632,Germany,STK002,Coussin en lin,2,19.87,39.74
INV503326,2023-04-15,10632,Germany,STK012,Miroir mural rond,5,40.28,201.4
INV503326,2023-04-15,10632,Germany,STK010,Guirlande lumineuse,5,17.6,88.0
INV503327,2023-01-21,10632,Germany,STK011,Plateau en bambou,3,18.3,54.900000000000006
INV503327,2023-01-21,10632,Germany,STK008,Tapis de bain,3,27.99,83.97
INV503327,2023-01-21,10632,Germany,STK006,Cadre photo bois,4,7.62,30.48
INV503328,2023-07-06,10632,Germany,STK004,Plaid tricote,4,33.72,134.88
INV503328,2023-07-06,10632,Germany,STK012,Miroir mural rond,1,40.83,40.83
INV503328,2023-07-06,10632,Germany,STK002,Coussin en lin,1,18.87,18.87
INV503329,2023-02-01,10632,Germany,STK008,Tapis de bain,3,26.81,80.42999999999999
INV503329,2023-02-01,10632,Germany,STK007,Panier de rangement,4,24.21,96.84
INV503329,2023-02-01,10632,Germany,STK007,Panier de rangement,3,22.01,66.03
INV503330,2023-01-04,10632,Germany,STK005,Bougie parfumee,3,12.61,37.83
INV503330,2023-01-04,10632,Germany,STK004,Plaid tricote,4,41.15,164.6
INV503330,2023-01-04,10632,Germany,STK006,Cadre photo bois,2,13.39,26.78
INV503331,2023-01-30,10632,Germany,STK003,Set de tasses ceramique,5,13.54,67.69999999999999
INV503331,2023-01-30,10632,Germany,STK011,Plateau en bambou,5,25.05,125.25
INV503331,2023-01-30,10632,Germany,STK011,Plateau en bambou,1,22.33,22.33
INV503332,2023-05-15,10632,Germany,STK011,Plateau en bambou,4,22.33,89.32
INV503332,2023-05-15,10632,Germany,STK010,Guirlande lumineuse,5,13.62,68.1
INV503332,2023-05-15,10632,Germany,STK009,Vase en verre,2,22.91,45.82
INV503332,2023-05-15,10632,Germany,STK003,Set de tasses ceramique,5,16.2,81.0
INV503333,2023-06-16,10632,Germany,STK010,Guirlande lumineuse,4,15.11,60.44
INV503333,2023-06-16,10632,Germany,STK012,Miroir mural rond,2,39.67,79.34
INV503333,2023-06-16,10632,Germany,STK009,Vase en verre,2,21.29,42.58
INV503333,2023-06-16,10632,Germany,STK010,Guirlande lumineuse,5,14.14,70.7
INV503334,2023-03-24,10632,Germany,STK010,Guirlande lumineuse,5,12.48,62.400000000000006
INV503335,2023-01-17,10632,Germany,STK002,Coussin en lin,1,19.17,19.17
INV503335,2023-01-17,10632,Germany,STK011,Plateau en bambou,4,20.28,81.12
INV503336,2023-04-18,10633,Germany,STK003,Set de tasses ceramique,3,14.97,44.910000000000004
INV503336,2023-04-18,10633,Germany,STK012,Miroir mural rond,4,44.5,178.0
INV503336,2023-04-18,10633,Germany,STK011,Plateau en bambou,5,19.75,98.75
INV503337,2023-07-05,10633,Germany,STK003,Set de tasses ceramique,1,15.91,15.91
INV503337,2023-07-05,10633,Germany,STK012,Miroir mural rond,5,35.08,175.39999999999998
INV503337,2023-07-05,10633,Germany,STK005,Bougie parfumee,5,11.29,56.449999999999996
INV503337,2023-07-05,10633,Germany,STK006,Cadre photo bois,3,13.04,39.12
INV503338,2023-12-17,10633,Germany,STK010,Guirlande lumineuse,2,16.04,32.08
INV503338,2023-12-17,10633,Germany,STK002,Coussin en lin,2,19.46,38.92
INV503338,2023-12-17,10633,Germany,STK005,Bougie parfumee,5,11.52,57.599999999999994
INV503339,2023-04-07,10633,Germany,STK012,Miroir mural rond,4,35.63,142.52
INV503340,2023-09-26,10633,Germany,STK001,Lampe de bureau design,1,26.52,26.52
INV503340,2023-09-26,10633,Germany,STK001,Lampe de bureau design,5,28.92,144.60000000000002
INV503340,2023-09-26,10633,Germany,STK002,Coussin en lin,3,15.76,47.28
INV503340,2023-09-26,10633,Germany,STK001,Lampe de bureau design,1,14.93,14.93
INV503341,2023-05-22,10633,Germany,STK009,Vase en verre,5,24.51,122.55000000000001
INV503341,2023-05-22,10633,Germany,STK007,Panier de rangement,4,16.67,66.68
INV503341,2023-05-22,10633,Germany,STK012,Miroir mural rond,3,40.72,122.16
INV503341,2023-05-22,10633,Germany,STK001,Lampe de bureau design,3,22.09,66.27
INV503342,2023-07-10,10634,Spain,STK010,Guirlande lumineuse,5,16.28,81.4
INV503342,2023-07-10,10634,Spain,STK006,Cadre photo bois,5,9.33,46.65
INV503343,2023-03-12,10634,Spain,STK006,Cadre photo bois,2,9.51,19.02
INV503343,2023-03-12,10634,Spain,STK003,Set de tasses ceramique,5,13.97,69.85000000000001
INV503343,2023-03-12,10634,Spain,STK011,Plateau en bambou,2,27.52,55.04
INV503343,2023-03-12,10634,Spain,STK006,Cadre photo bois,5,7.12,35.6
INV503344,2023-01-26,10634,Spain,STK005,Bougie parfumee,2,9.89,19.78
INV503345,2023-03-18,10634,Spain,STK011,Plateau en bambou,2,20.39,40.78
INV503345,2023-03-18,10634,Spain,STK008,Tapis de bain,4,22.63,90.52
INV503345,2023-03-18,10634,Spain,STK005,Bougie parfumee,4,14.0,56.0
INV503346,2023-05-28,10635,France,STK009,Vase en verre,2,20.15,40.3
INV503346,2023-05-28,10635,France,STK008,Tapis de bain,1,29.39,29.39
INV503346,2023-05-28,10635,France,STK006,Cadre photo bois,2,10.78,21.56
INV503346,2023-05-28,10635,France,STK010,Guirlande lumineuse,4,12.5,50.0
INV503347,2023-05-04,10635,France,STK004,Plaid tricote,1,31.47,31.47
INV503348,2023-04-14,10635,France,STK010,Guirlande lumineuse,1,16.28,16.28
INV503348,2023-04-14,10635,France,STK002,Coussin en lin,1,16.48,16.48
INV503349,2023-07-23,10635,France,STK001,Lampe de bureau design,1,22.09,22.09
INV503349,2023-07-23,10635,France,STK006,Cadre photo bois,1,9.69,9.69
INV503349,2023-07-23,10635,France,STK009,Vase en verre,2,19.03,38.06
INV503350,2023-01-26,10635,France,STK004,Plaid tricote,4,35.46,141.84
INV503350,2023-01-26,10635,France,STK001,Lampe de bureau design,3,20.87,62.61
INV503350,2023-01-26,10635,France,STK003,Set de tasses ceramique,5,16.93,84.65
INV503350,2023-01-26,10635,France,STK001,Lampe de bureau design,3,22.5,67.5
INV503351,2023-09-13,10635,France,STK009,Vase en verre,2,16.15,32.3
INV503351,2023-09-13,10635,France,STK006,Cadre photo bois,3,8.84,26.52
INV503352,2023-01-09,10636,Belgium,STK005,Bougie parfumee,5,15.38,76.9
INV503352,2023-01-09,10636,Belgium,STK010,Guirlande lumineuse,2,13.75,27.5
INV503352,2023-01-09,10636,Belgium,STK007,Panier de rangement,5,26.37,131.85
INV503353,2023-05-26,10636,Belgium,STK009,Vase en verre,5,26.01,130.05
INV503354,2023-01-27,10636,Belgium,STK003,Set de tasses ceramique,4,16.32,65.28
INV503355,2023-08-23,10636,Belgium,STK011,Plateau en bambou,5,26.17,130.85000000000002
INV503356,2023-06-28,10637,Spain,STK007,Panier de rangement,1,17.12,17.12
INV503356,2023-06-28,10637,Spain,STK009,Vase en verre,3,23.41,70.23
INV503356,2023-06-28,10637,Spain,STK006,Cadre photo bois,3,9.01,27.03
INV503356,2023-06-28,10637,Spain,STK012,Miroir mural rond,4,44.32,177.28
INV503357,2023-12-20,10637,Spain,STK005,Bougie parfumee,4,11.86,47.44
INV503357,2023-12-20,10637,Spain,STK011,Plateau en bambou,2,13.93,27.86
INV503357,2023-12-20,10637,Spain,STK003,Set de tasses ceramique,1,18.19,18.19
INV503357,2023-12-20,10637,Spain,STK010,Guirlande lumineuse,4,12.33,49.32
INV503358,2023-06-02,10637,Spain,STK012,Miroir mural rond,1,25.87,25.87
INV503358,2023-06-02,10637,Spain,STK007,Panier de rangement,4,23.15,92.6
INV503358,2023-06-02,10637,Spain,STK007,Panier de rangement,4,17.07,68.28
INV503359,2023-11-06,10637,Spain,STK009,Vase en verre,5,19.32,96.6
INV503359,2023-11-06,10637,Spain,STK002,Coussin en lin,3,20.96,62.88
INV503360,2023-08-31,10637,Spain,STK011,Plateau en bambou,3,15.76,47.28
INV503360,2023-08-31,10637,Spain,STK008,Tapis de bain,1,31.27,31.27
INV503360,2023-08-31,10637,Spain,STK006,Cadre photo bois,5,9.74,48.7
INV503361,2023-05-19,10638,France,STK010,Guirlande lumineuse,3,18.08,54.239999999999995
INV503362,2023-09-08,10638,France,STK006,Cadre photo bois,2,11.61,23.22
INV503363,2023-06-01,10638,France,STK006,Cadre photo bois,4,8.37,33.48
INV503364,2023-02-24,10639,France,STK007,Panier de rangement,5,27.04,135.2
INV503365,2023-05-25,10640,France,STK011,Plateau en bambou,4,23.58,94.32
INV503365,2023-05-25,10640,France,STK009,Vase en verre,5,16.43,82.15
INV503365,2023-05-25,10640,France,STK003,Set de tasses ceramique,2,15.93,31.86
INV503366,2023-11-23,10640,France,STK008,Tapis de bain,3,31.76,95.28
INV503366,2023-11-23,10640,France,STK005,Bougie parfumee,2,11.83,23.66
INV503366,2023-11-23,10640,France,STK005,Bougie parfumee,3,11.71,35.13
INV503366,2023-11-23,10640,France,STK009,Vase en verre,1,21.37,21.37
INV503367,2023-11-11,10640,France,STK008,Tapis de bain,5,25.74,128.7
INV503367,2023-11-11,10640,France,STK011,Plateau en bambou,3,25.17,75.51
INV503367,2023-11-11,10640,France,STK001,Lampe de bureau design,2,27.09,54.18
INV503367,2023-11-11,10640,France,STK003,Set de tasses ceramique,5,14.02,70.1
INV503368,2023-08-18,10640,France,STK006,Cadre photo bois,3,13.94,41.82
INV503368,2023-08-18,10640,France,STK007,Panier de rangement,4,23.66,94.64
INV503368,2023-08-18,10640,France,STK002,Coussin en lin,5,22.45,112.25
INV503368,2023-08-18,10640,France,STK006,Cadre photo bois,1,11.21,11.21
INV503369,2023-08-20,10641,France,STK010,Guirlande lumineuse,2,13.92,27.84
INV503369,2023-08-20,10641,France,STK008,Tapis de bain,4,29.75,119.0
INV503369,2023-08-20,10641,France,STK006,Cadre photo bois,2,9.52,19.04
INV503370,2023-04-24,10641,France,STK004,Plaid tricote,3,34.76,104.28
INV503371,2023-03-13,10641,France,STK009,Vase en verre,5,19.42,97.10000000000001
INV503371,2023-03-13,10641,France,STK006,Cadre photo bois,5,8.81,44.050000000000004
INV503371,2023-03-13,10641,France,STK009,Vase en verre,5,22.85,114.25
INV503372,2023-01-09,10641,France,STK005,Bougie parfumee,1,15.36,15.36
INV503372,2023-01-09,10641,France,STK011,Plateau en bambou,4,17.01,68.04
INV503373,2023-03-14,10641,France,STK009,Vase en verre,3,17.33,51.989999999999995
INV503374,2023-02-11,10641,France,STK004,Plaid tricote,1,33.64,33.64
INV503374,2023-02-11,10641,France,STK003,Set de tasses ceramique,1,13.52,13.52
INV503375,2023-01-11,10641,France,STK012,Miroir mural rond,1,39.48,39.48
INV503375,2023-01-11,10641,France,STK006,Cadre photo bois,4,9.31,37.24
INV503375,2023-01-11,10641,France,STK011,Plateau en bambou,2,21.79,43.58
INV503376,2023-05-04,10642,France,STK007,Panier de rangement,4,15.77,63.08
INV503376,2023-05-04,10642,France,STK009,Vase en verre,3,21.49,64.47
INV503377,2023-10-20,10642,France,STK010,Guirlande lumineuse,1,10.31,10.31
INV503377,2023-10-20,10642,France,STK006,Cadre photo bois,3,9.33,27.990000000000002
INV503378,2023-12-10,10642,France,STK003,Set de tasses ceramique,2,15.65,31.3
INV503379,2023-08-08,10642,France,STK006,Cadre photo bois,2,8.66,17.32
INV503379,2023-08-08,10642,France,STK002,Coussin en lin,4,19.19,76.76
INV503379,2023-08-08,10642,France,STK001,Lampe de bureau design,3,21.96,65.88
INV503379,2023-08-08,10642,France,STK005,Bougie parfumee,5,13.24,66.2
INV503380,2023-06-08,10643,France,STK004,Plaid tricote,5,34.24,171.20000000000002
INV503381,2023-10-06,10643,France,STK005,Bougie parfumee,5,12.39,61.95
INV503381,2023-10-06,10643,France,STK001,Lampe de bureau design,3,30.59,91.77
INV503381,2023-10-06,10643,France,STK010,Guirlande lumineuse,2,14.17,28.34
INV503381,2023-10-06,10643,France,STK010,Guirlande lumineuse,3,15.94,47.82
INV503382,2023-12-11,10643,France,STK004,Plaid tricote,3,26.42,79.26
INV503382,2023-12-11,10643,France,STK009,Vase en verre,5,21.17,105.85000000000001
INV503383,2023-07-22,10644,France,STK008,Tapis de bain,5,29.5,147.5
INV503384,2023-10-12,10644,France,STK005,Bougie parfumee,2,13.68,27.36
INV503384,2023-10-12,10644,France,STK004,Plaid tricote,3,28.9,86.69999999999999
INV503385,2023-04-03,10645,Germany,STK010,Guirlande lumineuse,1,13.71,13.71
INV503386,2023-09-09,10645,Germany,STK005,Bougie parfumee,1,11.25,11.25
INV503386,2023-09-09,10645,Germany,STK009,Vase en verre,5,18.74,93.69999999999999
INV503387,2023-07-23,10645,Germany,STK001,Lampe de bureau design,1,21.11,21.11
INV503388,2023-02-23,10645,Germany,STK010,Guirlande lumineuse,3,11.49,34.47
INV503389,2023-12-19,10646,France,STK009,Vase en verre,5,24.19,120.95
INV503389,2023-12-19,10646,France,STK010,Guirlande lumineuse,2,11.79,23.58
INV503390,2023-06-18,10646,France,STK006,Cadre photo bois,4,10.31,41.24
INV503390,2023-06-18,10646,France,STK004,Plaid tricote,1,27.21,27.21
INV503390,2023-06-18,10646,France,STK010,Guirlande lumineuse,5,14.32,71.6
INV503390,2023-06-18,10646,France,STK002,Coussin en lin,2,20.06,40.12
INV503391,2023-01-19,10646,France,STK008,Tapis de bain,1,29.69,29.69
INV503391,2023-01-19,10646,France,STK009,Vase en verre,3,19.91,59.730000000000004
INV503391,2023-01-19,10646,France,STK012,Miroir mural rond,4,50.83,203.32
INV503392,2023-03-12,10646,France,STK010,Guirlande lumineuse,1,11.91,11.91
INV503392,2023-03-12,10646,France,STK010,Guirlande lumineuse,3,11.4,34.2
INV503392,2023-03-12,10646,France,STK007,Panier de rangement,5,15.0,75.0
INV503393,2023-01-26,10647,Germany,STK008,Tapis de bain,4,34.12,136.48
INV503393,2023-01-26,10647,Germany,STK009,Vase en verre,1,15.71,15.71
INV503394,2023-03-22,10647,Germany,STK002,Coussin en lin,3,19.67,59.010000000000005
INV503394,2023-03-22,10647,Germany,STK010,Guirlande lumineuse,4,15.78,63.12
INV503395,2023-01-24,10648,France,STK006,Cadre photo bois,3,11.44,34.32
INV503396,2023-04-20,10648,France,STK001,Lampe de bureau design,2,26.81,53.62
INV503396,2023-04-20,10648,France,STK008,Tapis de bain,3,28.06,84.17999999999999
INV503396,2023-04-20,10648,France,STK001,Lampe de bureau design,2,31.57,63.14
INV503397,2023-09-16,10648,France,STK002,Coussin en lin,2,18.37,36.74
INV503397,2023-09-16,10648,France,STK010,Guirlande lumineuse,4,11.39,45.56
INV503398,2023-02-19,10648,France,STK012,Miroir mural rond,3,36.02,108.06
INV503398,2023-02-19,10648,France,STK001,Lampe de bureau design,2,21.66,43.32
INV503398,2023-02-19,10648,France,STK010,Guirlande lumineuse,3,13.93,41.79
INV503399,2023-10-17,10648,France,STK010,Guirlande lumineuse,5,11.61,58.05
INV503399,2023-10-17,10648,France,STK012,Miroir mural rond,5,31.33,156.64999999999998
INV503399,2023-10-17,10648,France,STK012,Miroir mural rond,4,38.52,154.08
INV503400,2023-06-16,10648,France,STK007,Panier de rangement,2,21.08,42.16
INV503400,2023-06-16,10648,France,STK001,Lampe de bureau design,4,18.73,74.92
INV503400,2023-06-16,10648,France,STK005,Bougie parfumee,1,16.78,16.78
INV503400,2023-06-16,10648,France,STK001,Lampe de bureau design,3,26.89,80.67
INV503401,2023-01-12,10648,France,STK008,Tapis de bain,3,27.97,83.91
INV503401,2023-01-12,10648,France,STK002,Coussin en lin,5,17.18,85.9
INV503401,2023-01-12,10648,France,STK001,Lampe de bureau design,1,28.78,28.78
INV503402,2023-12-19,10648,France,STK004,Plaid tricote,2,35.32,70.64
INV503402,2023-12-19,10648,France,STK010,Guirlande lumineuse,1,14.5,14.5
INV503402,2023-12-19,10648,France,STK003,Set de tasses ceramique,4,15.92,63.68
INV503402,2023-12-19,10648,France,STK007,Panier de rangement,3,21.03,63.09
INV503403,2023-12-22,10648,France,STK008,Tapis de bain,2,30.46,60.92
INV503403,2023-12-22,10648,France,STK011,Plateau en bambou,1,17.18,17.18
INV503403,2023-12-22,10648,France,STK012,Miroir mural rond,3,30.28,90.84
INV503404,2023-07-04,10648,France,STK004,Plaid tricote,3,33.71,101.13
INV503404,2023-07-04,10648,France,STK002,Coussin en lin,3,16.61,49.83
INV503405,2023-07-06,10649,Germany,STK012,Miroir mural rond,2,30.69,61.38
INV503405,2023-07-06,10649,Germany,STK005,Bougie parfumee,1,13.83,13.83
INV503406,2023-01-31,10649,Germany,STK011,Plateau en bambou,4,17.31,69.24
INV503407,2023-06-10,10650,Germany,STK007,Panier de rangement,3,25.1,75.30000000000001
INV503407,2023-06-10,10650,Germany,STK010,Guirlande lumineuse,1,12.91,12.91
INV503408,2023-02-04,10650,Germany,STK004,Plaid tricote,1,29.01,29.01
INV503408,2023-02-04,10650,Germany,STK004,Plaid tricote,2,36.42,72.84
INV503408,2023-02-04,10650,Germany,STK001,Lampe de bureau design,3,19.55,58.650000000000006
INV503408,2023-02-04,10650,Germany,STK011,Plateau en bambou,5,22.7,113.5
INV503409,2023-01-30,10650,Germany,STK007,Panier de rangement,2,20.57,41.14
INV503409,2023-01-30,10650,Germany,STK009,Vase en verre,5,19.93,99.65
INV503409,2023-01-30,10650,Germany,STK008,Tapis de bain,3,34.72,104.16
INV503410,2023-08-11,10650,Germany,STK012,Miroir mural rond,2,43.78,87.56
INV503410,2023-08-11,10650,Germany,STK003,Set de tasses ceramique,2,12.91,25.82
INV503410,2023-08-11,10650,Germany,STK011,Plateau en bambou,2,19.2,38.4
INV503411,2023-01-22,10650,Germany,STK002,Coussin en lin,2,21.02,42.04
INV503412,2023-10-26,10650,Germany,STK003,Set de tasses ceramique,4,12.27,49.08
INV503412,2023-10-26,10650,Germany,STK002,Coussin en lin,3,15.79,47.37
INV503412,2023-10-26,10650,Germany,STK002,Coussin en lin,2,19.75,39.5
INV503413,2023-03-19,10650,Germany,STK001,Lampe de bureau design,1,27.7,27.7
INV503413,2023-03-19,10650,Germany,STK007,Panier de rangement,5,21.65,108.25
INV503413,2023-03-19,10650,Germany,STK002,Coussin en lin,2,19.42,38.84
INV503414,2023-09-18,10650,Germany,STK012,Miroir mural rond,3,42.18,126.53999999999999
INV503414,2023-09-18,10650,Germany,STK003,Set de tasses ceramique,3,8.68,26.04
INV503414,2023-09-18,10650,Germany,STK012,Miroir mural rond,1,51.6,51.6
INV503415,2023-04-08,10650,Germany,STK002,Coussin en lin,4,17.36,69.44
INV503415,2023-04-08,10650,Germany,STK005,Bougie parfumee,2,14.13,28.26
INV503415,2023-04-08,10650,Germany,STK003,Set de tasses ceramique,4,18.85,75.4
INV503415,2023-04-08,10650,Germany,STK002,Coussin en lin,2,16.11,32.22
INV503416,2023-02-22,10650,Germany,STK001,Lampe de bureau design,1,26.94,26.94
INV503416,2023-02-22,10650,Germany,STK002,Coussin en lin,1,20.77,20.77
INV503417,2023-10-29,10651,Germany,STK006,Cadre photo bois,3,9.5,28.5
INV503417,2023-10-29,10651,Germany,STK001,Lampe de bureau design,5,20.4,102.0
INV503418,2023-05-02,10651,Germany,STK012,Miroir mural rond,2,35.62,71.24
INV503418,2023-05-02,10651,Germany,STK001,Lampe de bureau design,2,19.59,39.18
INV503418,2023-05-02,10651,Germany,STK004,Plaid tricote,4,27.52,110.08
INV503418,2023-05-02,10651,Germany,STK010,Guirlande lumineuse,3,11.71,35.13
INV503419,2023-07-04,10651,Germany,STK003,Set de tasses ceramique,2,16.75,33.5
INV503419,2023-07-04,10651,Germany,STK001,Lampe de bureau design,3,27.01,81.03
INV503419,2023-07-04,10651,Germany,STK002,Coussin en lin,2,16.59,33.18
INV503420,2023-09-28,10651,Germany,STK011,Plateau en bambou,2,20.09,40.18
INV503421,2023-05-30,10651,Germany,STK003,Set de tasses ceramique,2,14.14,28.28
INV503421,2023-05-30,10651,Germany,STK002,Coussin en lin,2,15.74,31.48
INV503421,2023-05-30,10651,Germany,STK001,Lampe de bureau design,5,26.76,133.8
INV503421,2023-05-30,10651,Germany,STK004,Plaid tricote,4,26.2,104.8
INV503422,2023-08-05,10651,Germany,STK009,Vase en verre,3,17.62,52.86
INV503422,2023-08-05,10651,Germany,STK012,Miroir mural rond,3,45.44,136.32
INV503422,2023-08-05,10651,Germany,STK010,Guirlande lumineuse,1,13.55,13.55
INV503423,2023-06-19,10651,Germany,STK006,Cadre photo bois,2,9.52,19.04
INV503423,2023-06-19,10651,Germany,STK005,Bougie parfumee,3,14.02,42.06
INV503423,2023-06-19,10651,Germany,STK010,Guirlande lumineuse,3,11.49,34.47
INV503423,2023-06-19,10651,Germany,STK008,Tapis de bain,4,20.64,82.56
INV503424,2023-01-16,10652,France,STK003,Set de tasses ceramique,3,15.61,46.83
INV503424,2023-01-16,10652,France,STK009,Vase en verre,1,24.67,24.67
INV503424,2023-01-16,10652,France,STK010,Guirlande lumineuse,5,15.29,76.44999999999999
INV503425,2023-07-10,10652,France,STK005,Bougie parfumee,1,15.2,15.2
INV503425,2023-07-10,10652,France,STK004,Plaid tricote,3,37.48,112.44
INV503425,2023-07-10,10652,France,STK001,Lampe de bureau design,1,25.51,25.51
INV503426,2023-07-07,10652,France,STK012,Miroir mural rond,2,38.91,77.82
INV503426,2023-07-07,10652,France,STK007,Panier de rangement,5,18.47,92.35
INV503426,2023-07-07,10652,France,STK004,Plaid tricote,3,32.5,97.5
INV503426,2023-07-07,10652,France,STK001,Lampe de bureau design,5,18.65,93.25
INV503427,2023-12-21,10652,France,STK007,Panier de rangement,5,22.07,110.35
INV503427,2023-12-21,10652,France,STK007,Panier de rangement,4,16.94,67.76
INV503428,2023-06-18,10652,France,STK002,Coussin en lin,4,18.51,74.04
INV503428,2023-06-18,10652,France,STK009,Vase en verre,2,21.7,43.4
INV503428,2023-06-18,10652,France,STK003,Set de tasses ceramique,4,18.01,72.04
INV503428,2023-06-18,10652,France,STK001,Lampe de bureau design,2,24.14,48.28
INV503429,2023-04-20,10653,Netherlands,STK012,Miroir mural rond,1,34.64,34.64
INV503430,2023-08-26,10653,Netherlands,STK009,Vase en verre,1,19.38,19.38
INV503430,2023-08-26,10653,Netherlands,STK005,Bougie parfumee,4,15.28,61.12
INV503431,2023-10-28,10654,Belgium,STK003,Set de tasses ceramique,3,14.63,43.89
INV503431,2023-10-28,10654,Belgium,STK012,Miroir mural rond,5,39.44,197.2
INV503432,2023-11-15,10654,Belgium,STK005,Bougie parfumee,3,14.01,42.03
INV503433,2023-09-07,10654,Belgium,STK009,Vase en verre,3,20.71,62.13
INV503433,2023-09-07,10654,Belgium,STK006,Cadre photo bois,5,10.74,53.7
INV503433,2023-09-07,10654,Belgium,STK011,Plateau en bambou,1,21.93,21.93
INV503434,2023-04-22,10655,France,STK010,Guirlande lumineuse,1,16.4,16.4
INV503434,2023-04-22,10655,France,STK005,Bougie parfumee,2,15.52,31.04
INV503434,2023-04-22,10655,France,STK011,Plateau en bambou,2,20.12,40.24
INV503434,2023-04-22,10655,France,STK006,Cadre photo bois,1,11.25,11.25
INV503435,2023-04-28,10655,France,STK006,Cadre photo bois,5,8.74,43.7
INV503436,2023-08-13,10655,France,STK010,Guirlande lumineuse,4,13.97,55.88
INV503436,2023-08-13,10655,France,STK011,Plateau en bambou,2,21.64,43.28
INV503436,2023-08-13,10655,France,STK003,Set de tasses ceramique,1,13.81,13.81
INV503437,2023-08-29,10655,France,STK012,Miroir mural rond,2,26.73,53.46
INV503437,2023-08-29,10655,France,STK003,Set de tasses ceramique,2,17.16,34.32
INV503438,2023-07-18,10656,France,STK012,Miroir mural rond,5,45.24,226.20000000000002
INV503438,2023-07-18,10656,France,STK004,Plaid tricote,5,34.24,171.20000000000002
INV503438,2023-07-18,10656,France,STK011,Plateau en bambou,5,20.51,102.55000000000001
INV503439,2023-07-28,10656,France,STK008,Tapis de bain,3,29.59,88.77
INV503439,2023-07-28,10656,France,STK007,Panier de rangement,4,19.64,78.56
INV503439,2023-07-28,10656,France,STK006,Cadre photo bois,1,10.88,10.88
INV503440,2023-05-23,10656,France,STK005,Bougie parfumee,5,13.3,66.5
INV503440,2023-05-23,10656,France,STK003,Set de tasses ceramique,3,18.79,56.37
INV503441,2023-08-13,10656,France,STK007,Panier de rangement,4,22.37,89.48
INV503441,2023-08-13,10656,France,STK008,Tapis de bain,2,22.96,45.92
INV503442,2023-01-15,10656,France,STK012,Miroir mural rond,4,34.4,137.6
INV503442,2023-01-15,10656,France,STK007,Panier de rangement,5,20.24,101.19999999999999
INV503443,2023-07-26,10656,France,STK003,Set de tasses ceramique,5,15.47,77.35000000000001
INV503443,2023-07-26,10656,France,STK008,Tapis de bain,1,28.41,28.41
INV503443,2023-07-26,10656,France,STK001,Lampe de bureau design,2,26.12,52.24
INV503444,2023-03-08,10657,France,STK008,Tapis de bain,4,28.47,113.88
INV503444,2023-03-08,10657,France,STK002,Coussin en lin,4,20.66,82.64
INV503444,2023-03-08,10657,France,STK008,Tapis de bain,1,30.31,30.31
INV503445,2023-09-18,10657,France,STK004,Plaid tricote,2,31.6,63.2
INV503445,2023-09-18,10657,France,STK008,Tapis de bain,4,24.88,99.52
INV503445,2023-09-18,10657,France,STK008,Tapis de bain,3,23.38,70.14
INV503446,2023-03-22,10657,France,STK008,Tapis de bain,3,29.4,88.19999999999999
INV503446,2023-03-22,10657,France,STK010,Guirlande lumineuse,2,14.34,28.68
INV503446,2023-03-22,10657,France,STK003,Set de tasses ceramique,2,18.44,36.88
INV503446,2023-03-22,10657,France,STK004,Plaid tricote,2,30.72,61.44
INV503447,2023-12-29,10657,France,STK009,Vase en verre,4,18.62,74.48
INV503447,2023-12-29,10657,France,STK005,Bougie parfumee,5,13.62,68.1
INV503447,2023-12-29,10657,France,STK002,Coussin en lin,5,16.5,82.5
INV503447,2023-12-29,10657,France,STK008,Tapis de bain,1,21.91,21.91
INV503448,2023-10-13,10658,France,STK002,Coussin en lin,2,13.68,27.36
INV503448,2023-10-13,10658,France,STK004,Plaid tricote,3,39.31,117.93
INV503449,2023-10-25,10658,France,STK001,Lampe de bureau design,5,25.83,129.14999999999998
INV503450,2023-10-08,10659,France,STK001,Lampe de bureau design,1,23.3,23.3
INV503450,2023-10-08,10659,France,STK007,Panier de rangement,3,20.06,60.17999999999999
INV503451,2023-05-27,10659,France,STK004,Plaid tricote,2,34.45,68.9
INV503451,2023-05-27,10659,France,STK001,Lampe de bureau design,2,21.91,43.82
INV503452,2023-09-16,10659,France,STK002,Coussin en lin,3,16.71,50.13
INV503452,2023-09-16,10659,France,STK001,Lampe de bureau design,2,24.03,48.06
INV503452,2023-09-16,10659,France,STK009,Vase en verre,2,20.67,41.34
INV503453,2023-07-09,10659,France,STK010,Guirlande lumineuse,5,14.9,74.5
INV503453,2023-07-09,10659,France,STK004,Plaid tricote,1,30.45,30.45
INV503454,2023-05-02,10659,France,STK007,Panier de rangement,3,18.1,54.300000000000004
INV503454,2023-05-02,10659,France,STK010,Guirlande lumineuse,2,9.07,18.14
INV503454,2023-05-02,10659,France,STK009,Vase en verre,5,22.64,113.2
INV503455,2023-10-31,10659,France,STK008,Tapis de bain,1,35.06,35.06
INV503455,2023-10-31,10659,France,STK005,Bougie parfumee,4,8.35,33.4
INV503455,2023-10-31,10659,France,STK002,Coussin en lin,5,20.26,101.30000000000001
INV503455,2023-10-31,10659,France,STK012,Miroir mural rond,4,42.21,168.84
INV503456,2023-06-16,10659,France,STK007,Panier de rangement,1,22.16,22.16
INV503456,2023-06-16,10659,France,STK009,Vase en verre,2,19.86,39.72
INV503457,2023-12-24,10659,France,STK003,Set de tasses ceramique,5,12.99,64.95
INV503457,2023-12-24,10659,France,STK010,Guirlande lumineuse,4,12.55,50.2
INV503458,2023-01-28,10659,France,STK008,Tapis de bain,3,29.7,89.1
INV503458,2023-01-28,10659,France,STK009,Vase en verre,4,17.36,69.44
INV503459,2023-04-04,10659,France,STK010,Guirlande lumineuse,3,15.49,46.47
INV503459,2023-04-04,10659,France,STK002,Coussin en lin,5,15.2,76.0
INV503459,2023-04-04,10659,France,STK003,Set de tasses ceramique,1,15.42,15.42
INV503459,2023-04-04,10659,France,STK012,Miroir mural rond,5,47.5,237.5
INV503460,2023-07-23,10659,France,STK006,Cadre photo bois,4,10.18,40.72
INV503461,2023-11-03,10659,France,STK007,Panier de rangement,1,22.9,22.9
INV503461,2023-11-03,10659,France,STK005,Bougie parfumee,4,16.45,65.8
INV503461,2023-11-03,10659,France,STK011,Plateau en bambou,1,21.36,21.36
INV503462,2023-06-06,10660,France,STK002,Coussin en lin,3,17.25,51.75
INV503462,2023-06-06,10660,France,STK004,Plaid tricote,4,29.21,116.84
INV503462,2023-06-06,10660,France,STK003,Set de tasses ceramique,1,15.08,15.08
INV503462,2023-06-06,10660,France,STK001,Lampe de bureau design,1,25.08,25.08
INV503463,2023-12-11,10660,France,STK007,Panier de rangement,2,23.02,46.04
INV503463,2023-12-11,10660,France,STK003,Set de tasses ceramique,4,14.97,59.88
INV503463,2023-12-11,10660,France,STK009,Vase en verre,3,15.19,45.57
INV503463,2023-12-11,10660,France,STK009,Vase en verre,1,16.98,16.98
INV503464,2023-07-21,10660,France,STK006,Cadre photo bois,2,8.69,17.38
INV503464,2023-07-21,10660,France,STK008,Tapis de bain,5,25.42,127.10000000000001
INV503464,2023-07-21,10660,France,STK007,Panier de rangement,4,16.87,67.48
INV503464,2023-07-21,10660,France,STK003,Set de tasses ceramique,4,15.17,60.68
INV503465,2023-11-25,10660,France,STK006,Cadre photo bois,3,7.48,22.44
INV503465,2023-11-25,10660,France,STK010,Guirlande lumineuse,3,14.45,43.349999999999994
INV503466,2023-05-27,10660,France,STK009,Vase en verre,5,18.06,90.3
INV503466,2023-05-27,10660,France,STK003,Set de tasses ceramique,2,17.34,34.68
INV503466,2023-05-27,10660,France,STK001,Lampe de bureau design,1,26.35,26.35
INV503467,2023-11-03,10660,France,STK004,Plaid tricote,1,38.46,38.46
INV503467,2023-11-03,10660,France,STK007,Panier de rangement,3,24.92,74.76
INV503467,2023-11-03,10660,France,STK003,Set de tasses ceramique,5,18.44,92.2
INV503468,2023-11-03,10661,France,STK004,Plaid tricote,3,35.14,105.42
INV503468,2023-11-03,10661,France,STK010,Guirlande lumineuse,1,12.62,12.62
INV503469,2023-10-19,10661,France,STK010,Guirlande lumineuse,2,13.62,27.24
INV503470,2023-08-29,10661,France,STK008,Tapis de bain,3,22.64,67.92
INV503470,2023-08-29,10661,France,STK012,Miroir mural rond,4,38.37,153.48
INV503470,2023-08-29,10661,France,STK004,Plaid tricote,1,33.96,33.96
INV503471,2023-06-03,10661,France,STK010,Guirlande lumineuse,2,16.56,33.12
INV503471,2023-06-03,10661,France,STK006,Cadre photo bois,5,7.66,38.3
INV503472,2023-12-26,10661,France,STK006,Cadre photo bois,3,12.57,37.71
INV503472,2023-12-26,10661,France,STK003,Set de tasses ceramique,2,14.81,29.62
INV503472,2023-12-26,10661,France,STK002,Coussin en lin,5,17.99,89.94999999999999
INV503472,2023-12-26,10661,France,STK012,Miroir mural rond,2,38.93,77.86
INV503473,2023-01-12,10661,France,STK005,Bougie parfumee,3,11.81,35.43
INV503473,2023-01-12,10661,France,STK011,Plateau en bambou,1,24.85,24.85
INV503473,2023-01-12,10661,France,STK002,Coussin en lin,4,17.87,71.48
INV503473,2023-01-12,10661,France,STK001,Lampe de bureau design,5,31.76,158.8
INV503474,2023-02-11,10661,France,STK011,Plateau en bambou,4,19.49,77.96
INV503474,2023-02-11,10661,France,STK003,Set de tasses ceramique,4,12.71,50.84
INV503474,2023-02-11,10661,France,STK012,Miroir mural rond,3,39.92,119.76
INV503474,2023-02-11,10661,France,STK003,Set de tasses ceramique,4,13.81,55.24
INV503475,2023-09-23,10661,France,STK004,Plaid tricote,2,37.71,75.42
INV503475,2023-09-23,10661,France,STK003,Set de tasses ceramique,5,13.7,68.5
INV503476,2023-10-27,10662,Spain,STK007,Panier de rangement,2,20.47,40.94
INV503476,2023-10-27,10662,Spain,STK005,Bougie parfumee,1,13.7,13.7
INV503477,2023-03-18,10662,Spain,STK001,Lampe de bureau design,1,21.81,21.81
INV503477,2023-03-18,10662,Spain,STK001,Lampe de bureau design,3,28.0,84.0
INV503477,2023-03-18,10662,Spain,STK007,Panier de rangement,1,19.85,19.85
INV503477,2023-03-18,10662,Spain,STK001,Lampe de bureau design,5,26.36,131.8
INV503478,2023-08-27,10662,Spain,STK001,Lampe de bureau design,4,27.58,110.32
INV503478,2023-08-27,10662,Spain,STK009,Vase en verre,2,20.09,40.18
INV503478,2023-08-27,10662,Spain,STK009,Vase en verre,1,17.96,17.96
INV503478,2023-08-27,10662,Spain,STK008,Tapis de bain,4,21.5,86.0
INV503479,2023-12-08,10662,Spain,STK006,Cadre photo bois,2,9.11,18.22
INV503479,2023-12-08,10662,Spain,STK006,Cadre photo bois,2,9.21,18.42
INV503479,2023-12-08,10662,Spain,STK011,Plateau en bambou,2,22.24,44.48
INV503479,2023-12-08,10662,Spain,STK010,Guirlande lumineuse,3,13.14,39.42
INV503480,2023-11-25,10662,Spain,STK004,Plaid tricote,3,30.48,91.44
INV503481,2023-12-06,10662,Spain,STK006,Cadre photo bois,2,12.57,25.14
INV503482,2023-08-25,10663,France,STK012,Miroir mural rond,5,37.43,187.15
INV503482,2023-08-25,10663,France,STK005,Bougie parfumee,4,10.67,42.68
INV503482,2023-08-25,10663,France,STK006,Cadre photo bois,4,11.38,45.52
INV503482,2023-08-25,10663,France,STK007,Panier de rangement,4,18.8,75.2
INV503483,2023-12-18,10663,France,STK006,Cadre photo bois,3,9.44,28.32
INV503484,2023-02-08,10663,France,STK011,Plateau en bambou,3,20.97,62.91
INV503484,2023-02-08,10663,France,STK001,Lampe de bureau design,2,24.32,48.64
INV503484,2023-02-08,10663,France,STK007,Panier de rangement,4,22.38,89.52
INV503484,2023-02-08,10663,France,STK011,Plateau en bambou,5,22.84,114.2
INV503485,2023-08-09,10663,France,STK003,Set de tasses ceramique,5,18.46,92.30000000000001
INV503486,2023-08-24,10663,France,STK004,Plaid tricote,3,30.08,90.24
INV503486,2023-08-24,10663,France,STK012,Miroir mural rond,4,42.44,169.76
INV503486,2023-08-24,10663,France,STK011,Plateau en bambou,1,26.1,26.1
INV503487,2023-04-09,10663,France,STK008,Tapis de bain,1,29.74,29.74
INV503487,2023-04-09,10663,France,STK012,Miroir mural rond,4,49.45,197.8
INV503487,2023-04-09,10663,France,STK008,Tapis de bain,2,31.34,62.68
INV503488,2023-03-08,10663,France,STK011,Plateau en bambou,3,20.83,62.489999999999995
INV503488,2023-03-08,10663,France,STK007,Panier de rangement,3,18.36,55.08
INV503489,2023-09-18,10663,France,STK007,Panier de rangement,2,20.88,41.76
INV503489,2023-09-18,10663,France,STK012,Miroir mural rond,2,32.37,64.74
INV503489,2023-09-18,10663,France,STK002,Coussin en lin,1,18.48,18.48
INV503489,2023-09-18,10663,France,STK012,Miroir mural rond,5,43.93,219.65
INV503490,2023-01-20,10663,France,STK011,Plateau en bambou,4,21.15,84.6
INV503491,2023-12-12,10663,France,STK010,Guirlande lumineuse,3,13.6,40.8
INV503492,2023-12-30,10663,France,STK012,Miroir mural rond,3,37.74,113.22
INV503492,2023-12-30,10663,France,STK006,Cadre photo bois,2,10.97,21.94
INV503492,2023-12-30,10663,France,STK006,Cadre photo bois,2,11.55,23.1
INV503492,2023-12-30,10663,France,STK006,Cadre photo bois,4,11.5,46.0
INV503493,2023-03-16,10663,France,STK007,Panier de rangement,1,22.5,22.5
INV503493,2023-03-16,10663,France,STK007,Panier de rangement,2,17.19,34.38
INV503494,2023-04-10,10663,France,STK009,Vase en verre,1,22.56,22.56
INV503494,2023-04-10,10663,France,STK005,Bougie parfumee,1,10.74,10.74
INV503494,2023-04-10,10663,France,STK007,Panier de rangement,4,19.0,76.0
INV503495,2023-11-29,10664,France,STK009,Vase en verre,2,24.21,48.42
INV503495,2023-11-29,10664,France,STK002,Coussin en lin,2,20.62,41.24
INV503495,2023-11-29,10664,France,STK010,Guirlande lumineuse,4,13.02,52.08
INV503496,2023-09-06,10665,France,STK011,Plateau en bambou,3,22.1,66.30000000000001
INV503497,2023-08-30,10665,France,STK005,Bougie parfumee,2,15.7,31.4
INV503497,2023-08-30,10665,France,STK011,Plateau en bambou,4,21.07,84.28
INV503497,2023-08-30,10665,France,STK004,Plaid tricote,4,33.66,134.64
INV503498,2023-06-26,10665,France,STK007,Panier de rangement,1,16.71,16.71
INV503498,2023-06-26,10665,France,STK008,Tapis de bain,1,35.22,35.22
INV503499,2023-06-19,10665,France,STK005,Bougie parfumee,1,16.06,16.06
INV503499,2023-06-19,10665,France,STK003,Set de tasses ceramique,3,17.29,51.87
INV503499,2023-06-19,10665,France,STK004,Plaid tricote,3,26.94,80.82000000000001
INV503499,2023-06-19,10665,France,STK009,Vase en verre,1,19.73,19.73
INV503500,2023-03-13,10665,France,STK005,Bougie parfumee,2,11.41,22.82
INV503500,2023-03-13,10665,France,STK004,Plaid tricote,5,45.59,227.95000000000002
INV503501,2023-06-04,10665,France,STK010,Guirlande lumineuse,3,12.06,36.18
INV503501,2023-06-04,10665,France,STK010,Guirlande lumineuse,3,14.31,42.93
INV503501,2023-06-04,10665,France,STK005,Bougie parfumee,5,12.48,62.400000000000006
INV503501,2023-06-04,10665,France,STK010,Guirlande lumineuse,1,10.32,10.32
INV503502,2023-05-20,10665,France,STK012,Miroir mural rond,3,40.92,122.76
INV503502,2023-05-20,10665,France,STK011,Plateau en bambou,4,24.13,96.52
INV503502,2023-05-20,10665,France,STK010,Guirlande lumineuse,4,13.09,52.36
INV503503,2023-04-05,10665,France,STK001,Lampe de bureau design,1,23.38,23.38
INV503503,2023-04-05,10665,France,STK004,Plaid tricote,5,29.49,147.45
INV503503,2023-04-05,10665,France,STK009,Vase en verre,2,16.6,33.2
INV503504,2023-11-20,10665,France,STK003,Set de tasses ceramique,4,19.5,78.0
INV503505,2023-02-03,10665,France,STK003,Set de tasses ceramique,5,16.06,80.3
INV503505,2023-02-03,10665,France,STK010,Guirlande lumineuse,4,11.72,46.88
INV503506,2023-02-15,10665,France,STK002,Coussin en lin,1,17.88,17.88
INV503507,2023-06-21,10665,France,STK012,Miroir mural rond,4,34.73,138.92
INV503507,2023-06-21,10665,France,STK003,Set de tasses ceramique,5,14.17,70.85
INV503507,2023-06-21,10665,France,STK003,Set de tasses ceramique,4,9.85,39.4
INV503507,2023-06-21,10665,France,STK008,Tapis de bain,3,33.03,99.09
INV503508,2023-01-05,10665,France,STK005,Bougie parfumee,2,11.84,23.68
INV503508,2023-01-05,10665,France,STK005,Bougie parfumee,3,13.92,41.76
INV503508,2023-01-05,10665,France,STK006,Cadre photo bois,4,12.43,49.72
INV503509,2023-06-01,10666,France,STK012,Miroir mural rond,1,47.92,47.92
INV503509,2023-06-01,10666,France,STK007,Panier de rangement,4,16.77,67.08
INV503509,2023-06-01,10666,France,STK002,Coussin en lin,2,17.15,34.3
INV503509,2023-06-01,10666,France,STK001,Lampe de bureau design,1,22.94,22.94
INV503510,2023-02-16,10666,France,STK009,Vase en verre,5,16.53,82.65
INV503511,2023-04-02,10666,France,STK008,Tapis de bain,1,34.23,34.23
INV503511,2023-04-02,10666,France,STK002,Coussin en lin,4,19.78,79.12
INV503511,2023-04-02,10666,France,STK003,Set de tasses ceramique,4,18.59,74.36
INV503512,2023-12-01,10666,France,STK006,Cadre photo bois,3,10.53,31.589999999999996
INV503512,2023-12-01,10666,France,STK001,Lampe de bureau design,4,26.72,106.88
INV503512,2023-12-01,10666,France,STK010,Guirlande lumineuse,3,13.47,40.410000000000004
INV503513,2023-01-23,10667,France,STK012,Miroir mural rond,4,46.36,185.44
INV503513,2023-01-23,10667,France,STK010,Guirlande lumineuse,3,14.69,44.07
INV503513,2023-01-23,10667,France,STK012,Miroir mural rond,4,29.01,116.04
INV503513,2023-01-23,10667,France,STK006,Cadre photo bois,4,9.15,36.6
INV503514,2023-09-22,10667,France,STK007,Panier de rangement,5,22.4,112.0
INV503514,2023-09-22,10667,France,STK011,Plateau en bambou,5,18.16,90.8
INV503514,2023-09-22,10667,France,STK004,Plaid tricote,3,21.54,64.62
INV503515,2023-03-14,10667,France,STK005,Bougie parfumee,2,11.17,22.34
INV503515,2023-03-14,10667,France,STK003,Set de tasses ceramique,3,17.21,51.63
INV503516,2023-05-14,10667,France,STK003,Set de tasses ceramique,2,12.57,25.14
INV503516,2023-05-14,10667,France,STK002,Coussin en lin,4,20.78,83.12
INV503517,2023-06-29,10668,Portugal,STK004,Plaid tricote,5,26.07,130.35
INV503517,2023-06-29,10668,Portugal,STK011,Plateau en bambou,3,19.42,58.260000000000005
INV503517,2023-06-29,10668,Portugal,STK002,Coussin en lin,2,18.18,36.36
INV503518,2023-07-25,10668,Portugal,STK004,Plaid tricote,1,39.51,39.51
INV503518,2023-07-25,10668,Portugal,STK009,Vase en verre,3,23.89,71.67
INV503519,2023-06-24,10668,Portugal,STK004,Plaid tricote,5,22.85,114.25
INV503519,2023-06-24,10668,Portugal,STK012,Miroir mural rond,5,35.12,175.6
INV503519,2023-06-24,10668,Portugal,STK009,Vase en verre,4,18.81,75.24
INV503520,2023-10-18,10668,Portugal,STK004,Plaid tricote,2,27.19,54.38
INV503520,2023-10-18,10668,Portugal,STK001,Lampe de bureau design,3,28.65,85.94999999999999
INV503521,2023-04-30,10668,Portugal,STK003,Set de tasses ceramique,5,15.81,79.05
INV503522,2023-09-21,10668,Portugal,STK006,Cadre photo bois,3,9.48,28.44
INV503522,2023-09-21,10668,Portugal,STK002,Coussin en lin,2,21.89,43.78
INV503523,2023-04-23,10668,Portugal,STK007,Panier de rangement,1,23.11,23.11
INV503523,2023-04-23,10668,Portugal,STK003,Set de tasses ceramique,3,14.66,43.980000000000004
INV503524,2023-03-13,10669,France,STK008,Tapis de bain,3,23.86,71.58
INV503524,2023-03-13,10669,France,STK003,Set de tasses ceramique,2,14.64,29.28
INV503524,2023-03-13,10669,France,STK005,Bougie parfumee,1,10.64,10.64
INV503525,2023-11-11,10669,France,STK006,Cadre photo bois,3,8.89,26.67
INV503526,2023-04-03,10670,France,STK001,Lampe de bureau design,4,25.21,100.84
INV503526,2023-04-03,10670,France,STK005,Bougie parfumee,2,10.92,21.84
INV503527,2023-09-01,10671,France,STK002,Coussin en lin,5,16.99,84.94999999999999
INV503527,2023-09-01,10671,France,STK004,Plaid tricote,3,38.66,115.97999999999999
INV503528,2023-12-08,10671,France,STK005,Bougie parfumee,5,12.11,60.55
INV503528,2023-12-08,10671,France,STK008,Tapis de bain,4,21.43,85.72
INV503529,2023-06-06,10671,France,STK012,Miroir mural rond,1,37.75,37.75
INV503529,2023-06-06,10671,France,STK007,Panier de rangement,4,16.03,64.12
INV503529,2023-06-06,10671,France,STK009,Vase en verre,1,20.57,20.57
INV503529,2023-06-06,10671,France,STK003,Set de tasses ceramique,3,16.27,48.81
INV503530,2023-09-29,10671,France,STK008,Tapis de bain,1,29.3,29.3
INV503530,2023-09-29,10671,France,STK006,Cadre photo bois,3,9.11,27.33
INV503530,2023-09-29,10671,France,STK007,Panier de rangement,4,19.53,78.12
INV503530,2023-09-29,10671,France,STK005,Bougie parfumee,3,11.88,35.64
INV503531,2023-04-02,10671,France,STK008,Tapis de bain,2,27.32,54.64
INV503531,2023-04-02,10671,France,STK007,Panier de rangement,3,17.27,51.81
INV503531,2023-04-02,10671,France,STK007,Panier de rangement,5,23.68,118.4
INV503531,2023-04-02,10671,France,STK001,Lampe de bureau design,4,26.2,104.8
INV503532,2023-03-24,10671,France,STK006,Cadre photo bois,2,9.22,18.44
INV503532,2023-03-24,10671,France,STK001,Lampe de bureau design,1,31.31,31.31
INV503533,2023-07-19,10671,France,STK005,Bougie parfumee,4,14.03,56.12
INV503534,2023-10-17,10671,France,STK004,Plaid tricote,3,34.03,102.09
INV503534,2023-10-17,10671,France,STK006,Cadre photo bois,5,10.13,50.650000000000006
INV503534,2023-10-17,10671,France,STK010,Guirlande lumineuse,1,14.8,14.8
INV503535,2023-08-18,10671,France,STK005,Bougie parfumee,3,14.83,44.49
INV503536,2023-03-26,10671,France,STK011,Plateau en bambou,3,25.34,76.02
INV503537,2023-09-22,10671,France,STK004,Plaid tricote,4,38.36,153.44
INV503537,2023-09-22,10671,France,STK007,Panier de rangement,2,16.53,33.06
INV503537,2023-09-22,10671,France,STK005,Bougie parfumee,2,14.41,28.82
INV503538,2023-12-25,10671,France,STK012,Miroir mural rond,4,38.42,153.68
INV503538,2023-12-25,10671,France,STK010,Guirlande lumineuse,2,15.7,31.4
INV503539,2023-12-13,10671,France,STK005,Bougie parfumee,5,12.03,60.15
INV503539,2023-12-13,10671,France,STK006,Cadre photo bois,3,9.68,29.04
INV503540,2023-05-28,10672,France,STK002,Coussin en lin,5,16.99,84.94999999999999
INV503540,2023-05-28,10672,France,STK002,Coussin en lin,3,14.4,43.2
INV503540,2023-05-28,10672,France,STK006,Cadre photo bois,1,9.01,9.01
INV503541,2023-05-30,10672,France,STK004,Plaid tricote,3,17.73,53.19
INV503541,2023-05-30,10672,France,STK009,Vase en verre,2,26.42,52.84
INV503541,2023-05-30,10672,France,STK007,Panier de rangement,4,19.68,78.72
INV503542,2023-11-10,10672,France,STK012,Miroir mural rond,1,44.92,44.92
INV503542,2023-11-10,10672,France,STK009,Vase en verre,1,17.42,17.42
INV503542,2023-11-10,10672,France,STK007,Panier de rangement,4,21.81,87.24
INV503543,2023-02-27,10672,France,STK008,Tapis de bain,2,26.45,52.9
INV503544,2023-07-08,10672,France,STK008,Tapis de bain,1,28.58,28.58
INV503544,2023-07-08,10672,France,STK001,Lampe de bureau design,4,25.8,103.2
INV503545,2023-08-02,10672,France,STK004,Plaid tricote,5,23.25,116.25
INV503545,2023-08-02,10672,France,STK004,Plaid tricote,2,31.42,62.84
INV503545,2023-08-02,10672,France,STK012,Miroir mural rond,3,48.67,146.01
INV503546,2023-10-17,10672,France,STK007,Panier de rangement,2,21.62,43.24
INV503546,2023-10-17,10672,France,STK007,Panier de rangement,4,24.38,97.52
INV503547,2023-07-21,10673,Italy,STK011,Plateau en bambou,3,17.84,53.519999999999996
INV503547,2023-07-21,10673,Italy,STK004,Plaid tricote,3,29.58,88.74
INV503547,2023-07-21,10673,Italy,STK012,Miroir mural rond,4,34.88,139.52
INV503547,2023-07-21,10673,Italy,STK005,Bougie parfumee,5,14.44,72.2
INV503548,2023-07-02,10673,Italy,STK004,Plaid tricote,1,38.2,38.2
INV503548,2023-07-02,10673,Italy,STK005,Bougie parfumee,1,11.55,11.55
INV503548,2023-07-02,10673,Italy,STK004,Plaid tricote,2,30.68,61.36
INV503548,2023-07-02,10673,Italy,STK001,Lampe de bureau design,4,20.99,83.96
INV503549,2023-06-26,10673,Italy,STK003,Set de tasses ceramique,2,13.51,27.02
INV503549,2023-06-26,10673,Italy,STK003,Set de tasses ceramique,5,14.18,70.9
INV503549,2023-06-26,10673,Italy,STK002,Coussin en lin,3,21.26,63.78
INV503549,2023-06-26,10673,Italy,STK012,Miroir mural rond,4,37.65,150.6
INV503550,2023-07-17,10673,Italy,STK002,Coussin en lin,2,19.68,39.36
INV503550,2023-07-17,10673,Italy,STK007,Panier de rangement,2,21.67,43.34
INV503551,2023-05-15,10674,Netherlands,STK011,Plateau en bambou,2,19.03,38.06
INV503552,2023-12-07,10674,Netherlands,STK012,Miroir mural rond,2,45.38,90.76
INV503553,2023-01-06,10675,France,STK007,Panier de rangement,2,12.64,25.28
INV503554,2023-11-30,10676,France,STK012,Miroir mural rond,2,31.19,62.38
INV503554,2023-11-30,10676,France,STK012,Miroir mural rond,3,38.31,114.93
INV503555,2023-12-17,10676,France,STK002,Coussin en lin,1,18.88,18.88
INV503555,2023-12-17,10676,France,STK004,Plaid tricote,3,29.33,87.99
INV503555,2023-12-17,10676,France,STK006,Cadre photo bois,3,10.68,32.04
INV503556,2023-06-26,10676,France,STK004,Plaid tricote,3,34.91,104.72999999999999
INV503556,2023-06-26,10676,France,STK004,Plaid tricote,1,32.21,32.21
INV503557,2023-07-08,10676,France,STK011,Plateau en bambou,2,20.48,40.96
INV503557,2023-07-08,10676,France,STK003,Set de tasses ceramique,1,13.28,13.28
INV503558,2023-09-03,10676,France,STK011,Plateau en bambou,1,21.82,21.82
INV503558,2023-09-03,10676,France,STK006,Cadre photo bois,2,10.36,20.72
INV503559,2023-06-19,10676,France,STK011,Plateau en bambou,5,20.17,100.85000000000001
INV503559,2023-06-19,10676,France,STK003,Set de tasses ceramique,1,17.4,17.4
INV503559,2023-06-19,10676,France,STK003,Set de tasses ceramique,3,12.06,36.18
INV503559,2023-06-19,10676,France,STK006,Cadre photo bois,5,7.87,39.35
INV503560,2023-03-25,10676,France,STK009,Vase en verre,3,19.89,59.67
INV503561,2023-12-01,10676,France,STK004,Plaid tricote,5,32.8,164.0
INV503561,2023-12-01,10676,France,STK008,Tapis de bain,2,32.69,65.38
INV503562,2023-09-02,10676,France,STK008,Tapis de bain,1,27.26,27.26
INV503562,2023-09-02,10676,France,STK006,Cadre photo bois,2,10.66,21.32
INV503562,2023-09-02,10676,France,STK009,Vase en verre,1,22.04,22.04
INV503562,2023-09-02,10676,France,STK010,Guirlande lumineuse,1,13.66,13.66
INV503563,2023-06-07,10676,France,STK011,Plateau en bambou,3,26.63,79.89
INV503563,2023-06-07,10676,France,STK007,Panier de rangement,2,18.93,37.86
INV503563,2023-06-07,10676,France,STK012,Miroir mural rond,3,47.9,143.7
INV503564,2023-01-14,10676,France,STK005,Bougie parfumee,2,11.07,22.14
INV503565,2023-12-18,10676,France,STK008,Tapis de bain,4,36.33,145.32
INV503566,2023-04-11,10676,France,STK012,Miroir mural rond,3,38.39,115.17
INV503567,2023-07-25,10676,France,STK007,Panier de rangement,4,23.76,95.04
INV503568,2023-12-24,10676,France,STK008,Tapis de bain,4,25.03,100.12
INV503568,2023-12-24,10676,France,STK001,Lampe de bureau design,5,26.69,133.45000000000002
INV503569,2023-03-28,10676,France,STK002,Coussin en lin,5,14.32,71.6
INV503569,2023-03-28,10676,France,STK007,Panier de rangement,5,20.78,103.9
INV503570,2023-07-16,10676,France,STK001,Lampe de bureau design,1,28.45,28.45
INV503570,2023-07-16,10676,France,STK010,Guirlande lumineuse,5,14.0,70.0
INV503571,2023-02-22,10677,France,STK012,Miroir mural rond,3,34.96,104.88
INV503571,2023-02-22,10677,France,STK010,Guirlande lumineuse,3,16.63,49.89
INV503571,2023-02-22,10677,France,STK001,Lampe de bureau design,4,27.52,110.08
INV503571,2023-02-22,10677,France,STK010,Guirlande lumineuse,2,12.76,25.52
INV503572,2023-11-05,10678,France,STK009,Vase en verre,2,21.28,42.56
INV503573,2023-10-29,10678,France,STK001,Lampe de bureau design,3,26.19,78.57000000000001
INV503573,2023-10-29,10678,France,STK010,Guirlande lumineuse,1,11.0,11.0
INV503573,2023-10-29,10678,France,STK004,Plaid tricote,3,29.88,89.64
INV503574,2023-04-03,10678,France,STK004,Plaid tricote,1,32.91,32.91
INV503574,2023-04-03,10678,France,STK003,Set de tasses ceramique,1,17.41,17.41
INV503574,2023-04-03,10678,France,STK010,Guirlande lumineuse,5,11.97,59.85
INV503575,2023-09-10,10678,France,STK010,Guirlande lumineuse,2,13.59,27.18
INV503575,2023-09-10,10678,France,STK001,Lampe de bureau design,5,16.9,84.5
INV503575,2023-09-10,10678,France,STK001,Lampe de bureau design,4,24.3,97.2
INV503575,2023-09-10,10678,France,STK004,Plaid tricote,2,30.98,61.96
INV503576,2023-06-18,10678,France,STK010,Guirlande lumineuse,4,13.87,55.48
INV503576,2023-06-18,10678,France,STK003,Set de tasses ceramique,2,19.94,39.88
INV503577,2023-03-17,10679,Germany,STK011,Plateau en bambou,1,25.13,25.13
INV503577,2023-03-17,10679,Germany,STK010,Guirlande lumineuse,2,12.42,24.84
INV503577,2023-03-17,10679,Germany,STK001,Lampe de bureau design,1,25.75,25.75
INV503577,2023-03-17,10679,Germany,STK005,Bougie parfumee,1,11.68,11.68
INV503578,2023-11-17,10679,Germany,STK004,Plaid tricote,5,31.5,157.5
INV503578,2023-11-17,10679,Germany,STK011,Plateau en bambou,4,20.67,82.68
INV503579,2023-03-06,10679,Germany,STK010,Guirlande lumineuse,3,13.11,39.33
INV503580,2023-09-11,10679,Germany,STK002,Coussin en lin,3,21.57,64.71000000000001
INV503581,2023-04-02,10679,Germany,STK001,Lampe de bureau design,5,22.84,114.2
INV503581,2023-04-02,10679,Germany,STK007,Panier de rangement,2,24.53,49.06
INV503581,2023-04-02,10679,Germany,STK003,Set de tasses ceramique,3,12.48,37.44
INV503582,2023-05-04,10680,Spain,STK001,Lampe de bureau design,2,27.03,54.06
INV503582,2023-05-04,10680,Spain,STK012,Miroir mural rond,3,23.01,69.03
INV503582,2023-05-04,10680,Spain,STK011,Plateau en bambou,2,19.61,39.22
INV503583,2023-01-17,10680,Spain,STK011,Plateau en bambou,2,24.05,48.1
INV503584,2023-10-17,10680,Spain,STK004,Plaid tricote,2,25.42,50.84
INV503584,2023-10-17,10680,Spain,STK003,Set de tasses ceramique,4,19.81,79.24
INV503584,2023-10-17,10680,Spain,STK001,Lampe de bureau design,4,17.84,71.36
INV503584,2023-10-17,10680,Spain,STK010,Guirlande lumineuse,2,16.58,33.16
INV503585,2023-08-28,10680,Spain,STK001,Lampe de bureau design,5,25.09,125.45
INV503585,2023-08-28,10680,Spain,STK010,Guirlande lumineuse,4,14.3,57.2
INV503586,2023-12-27,10680,Spain,STK007,Panier de rangement,1,22.28,22.28
INV503586,2023-12-27,10680,Spain,STK010,Guirlande lumineuse,1,12.32,12.32
INV503586,2023-12-27,10680,Spain,STK007,Panier de rangement,3,23.56,70.67999999999999
INV503586,2023-12-27,10680,Spain,STK003,Set de tasses ceramique,3,18.34,55.019999999999996
INV503587,2023-05-07,10680,Spain,STK001,Lampe de bureau design,1,28.0,28.0
INV503587,2023-05-07,10680,Spain,STK011,Plateau en bambou,2,15.08,30.16
INV503587,2023-05-07,10680,Spain,STK003,Set de tasses ceramique,4,13.4,53.6
INV503587,2023-05-07,10680,Spain,STK005,Bougie parfumee,3,13.16,39.480000000000004
INV503588,2023-11-27,10680,Spain,STK007,Panier de rangement,1,22.42,22.42
INV503589,2023-05-13,10680,Spain,STK009,Vase en verre,1,20.63,20.63
INV503589,2023-05-13,10680,Spain,STK008,Tapis de bain,5,38.83,194.14999999999998
INV503590,2023-08-25,10680,Spain,STK003,Set de tasses ceramique,3,13.82,41.46
INV503590,2023-08-25,10680,Spain,STK003,Set de tasses ceramique,5,14.3,71.5
INV503591,2023-04-23,10680,Spain,STK005,Bougie parfumee,5,9.82,49.1
INV503591,2023-04-23,10680,Spain,STK006,Cadre photo bois,5,8.45,42.25
INV503592,2023-12-19,10680,Spain,STK008,Tapis de bain,5,25.67,128.35000000000002
INV503592,2023-12-19,10680,Spain,STK008,Tapis de bain,1,32.53,32.53
INV503593,2023-09-08,10680,Spain,STK004,Plaid tricote,2,37.65,75.3
INV503593,2023-09-08,10680,Spain,STK002,Coussin en lin,3,18.19,54.57000000000001
INV503593,2023-09-08,10680,Spain,STK001,Lampe de bureau design,1,21.37,21.37
INV503593,2023-09-08,10680,Spain,STK006,Cadre photo bois,1,8.09,8.09
INV503594,2023-07-26,10680,Spain,STK002,Coussin en lin,4,20.4,81.6
INV503594,2023-07-26,10680,Spain,STK006,Cadre photo bois,5,10.22,51.1
INV503595,2023-08-28,10680,Spain,STK007,Panier de rangement,4,22.11,88.44
INV503595,2023-08-28,10680,Spain,STK005,Bougie parfumee,4,15.19,60.76
INV503596,2023-11-29,10680,Spain,STK002,Coussin en lin,4,19.44,77.76
INV503596,2023-11-29,10680,Spain,STK001,Lampe de bureau design,1,24.68,24.68
INV503596,2023-11-29,10680,Spain,STK011,Plateau en bambou,2,23.69,47.38
INV503597,2023-10-14,10680,Spain,STK005,Bougie parfumee,4,13.61,54.44
INV503598,2023-08-10,10680,Spain,STK001,Lampe de bureau design,4,28.98,115.92
INV503598,2023-08-10,10680,Spain,STK011,Plateau en bambou,4,25.83,103.32
INV503599,2023-10-13,10680,Spain,STK012,Miroir mural rond,3,51.76,155.28
INV503599,2023-10-13,10680,Spain,STK005,Bougie parfumee,3,12.39,37.17
INV503599,2023-10-13,10680,Spain,STK009,Vase en verre,3,18.58,55.739999999999995
INV503599,2023-10-13,10680,Spain,STK004,Plaid tricote,5,33.8,169.0
INV503600,2023-03-08,10680,Spain,STK011,Plateau en bambou,1,20.78,20.78
INV503601,2023-07-23,10680,Spain,STK007,Panier de rangement,5,23.9,119.5
INV503601,2023-07-23,10680,Spain,STK001,Lampe de bureau design,4,23.76,95.04
INV503601,2023-07-23,10680,Spain,STK010,Guirlande lumineuse,2,17.51,35.02
INV503602,2023-06-16,10680,Spain,STK003,Set de tasses ceramique,1,13.37,13.37
INV503602,2023-06-16,10680,Spain,STK012,Miroir mural rond,4,49.82,199.28
INV503602,2023-06-16,10680,Spain,STK007,Panier de rangement,5,26.23,131.15
INV503602,2023-06-16,10680,Spain,STK004,Plaid tricote,1,36.21,36.21
INV503603,2023-11-21,10681,Germany,STK009,Vase en verre,5,22.95,114.75
INV503603,2023-11-21,10681,Germany,STK002,Coussin en lin,3,17.08,51.239999999999995
INV503603,2023-11-21,10681,Germany,STK012,Miroir mural rond,2,38.58,77.16
INV503604,2023-07-29,10682,Germany,STK004,Plaid tricote,5,31.46,157.3
INV503604,2023-07-29,10682,Germany,STK012,Miroir mural rond,2,44.46,88.92
INV503605,2023-03-10,10682,Germany,STK012,Miroir mural rond,1,37.17,37.17
INV503605,2023-03-10,10682,Germany,STK012,Miroir mural rond,2,34.33,68.66
INV503606,2023-05-17,10682,Germany,STK009,Vase en verre,1,19.53,19.53
INV503606,2023-05-17,10682,Germany,STK002,Coussin en lin,2,17.67,35.34
INV503606,2023-05-17,10682,Germany,STK003,Set de tasses ceramique,3,17.25,51.75
INV503606,2023-05-17,10682,Germany,STK012,Miroir mural rond,3,30.04,90.12
INV503607,2023-03-31,10682,Germany,STK011,Plateau en bambou,2,18.93,37.86
INV503607,2023-03-31,10682,Germany,STK007,Panier de rangement,5,18.33,91.64999999999999
INV503607,2023-03-31,10682,Germany,STK009,Vase en verre,1,19.35,19.35
INV503607,2023-03-31,10682,Germany,STK010,Guirlande lumineuse,1,10.98,10.98
INV503608,2023-03-22,10683,France,STK007,Panier de rangement,3,26.69,80.07000000000001
INV503609,2023-10-30,10683,France,STK006,Cadre photo bois,3,10.89,32.67
INV503609,2023-10-30,10683,France,STK009,Vase en verre,2,24.06,48.12
INV503609,2023-10-30,10683,France,STK007,Panier de rangement,5,13.16,65.8
INV503609,2023-10-30,10683,France,STK001,Lampe de bureau design,2,24.19,48.38
INV503610,2023-09-19,10683,France,STK010,Guirlande lumineuse,5,15.41,77.05
INV503611,2023-04-16,10683,France,STK011,Plateau en bambou,1,29.04,29.04
INV503611,2023-04-16,10683,France,STK004,Plaid tricote,3,39.17,117.51
INV503611,2023-04-16,10683,France,STK009,Vase en verre,2,16.08,32.16
INV503611,2023-04-16,10683,France,STK002,Coussin en lin,5,15.66,78.3
INV503612,2023-02-28,10683,France,STK004,Plaid tricote,1,33.6,33.6
INV503612,2023-02-28,10683,France,STK009,Vase en verre,5,24.91,124.55
INV503612,2023-02-28,10683,France,STK011,Plateau en bambou,5,24.1,120.5
INV503613,2023-09-24,10683,France,STK007,Panier de rangement,2,20.16,40.32
INV503614,2023-07-26,10684,France,STK002,Coussin en lin,4,15.2,60.8
INV503615,2023-11-04,10684,France,STK001,Lampe de bureau design,2,25.9,51.8
INV503615,2023-11-04,10684,France,STK006,Cadre photo bois,4,9.58,38.32
INV503615,2023-11-04,10684,France,STK003,Set de tasses ceramique,1,13.2,13.2
INV503616,2023-01-12,10684,France,STK003,Set de tasses ceramique,5,14.46,72.30000000000001
INV503616,2023-01-12,10684,France,STK009,Vase en verre,5,18.1,90.5
INV503616,2023-01-12,10684,France,STK009,Vase en verre,3,21.63,64.89
INV503617,2023-11-29,10684,France,STK008,Tapis de bain,3,31.88,95.64
INV503618,2023-10-09,10684,France,STK012,Miroir mural rond,4,43.39,173.56
INV503618,2023-10-09,10684,France,STK006,Cadre photo bois,4,9.2,36.8
INV503618,2023-10-09,10684,France,STK008,Tapis de bain,2,23.66,47.32
INV503619,2023-05-13,10684,France,STK012,Miroir mural rond,4,29.53,118.12
INV503619,2023-05-13,10684,France,STK002,Coussin en lin,2,21.15,42.3
INV503620,2023-12-02,10684,France,STK004,Plaid tricote,5,40.09,200.45000000000002
INV503620,2023-12-02,10684,France,STK002,Coussin en lin,2,20.14,40.28
INV503621,2023-02-27,10684,France,STK008,Tapis de bain,1,22.13,22.13
INV503621,2023-02-27,10684,France,STK008,Tapis de bain,5,26.55,132.75
INV503621,2023-02-27,10684,France,STK008,Tapis de bain,1,30.17,30.17
INV503622,2023-12-26,10684,France,STK011,Plateau en bambou,3,21.82,65.46000000000001
INV503623,2023-07-03,10684,France,STK002,Coussin en lin,4,18.06,72.24
INV503623,2023-07-03,10684,France,STK011,Plateau en bambou,2,28.11,56.22
INV503624,2023-07-23,10684,France,STK008,Tapis de bain,5,26.42,132.10000000000002
INV503624,2023-07-23,10684,France,STK003,Set de tasses ceramique,5,14.83,74.15
INV503625,2023-07-05,10684,France,STK003,Set de tasses ceramique,2,12.56,25.12
INV503626,2023-01-30,10684,France,STK012,Miroir mural rond,5,41.41,207.04999999999998
INV503626,2023-01-30,10684,France,STK006,Cadre photo bois,4,10.67,42.68
INV503626,2023-01-30,10684,France,STK010,Guirlande lumineuse,2,16.32,32.64
INV503627,2023-08-25,10684,France,STK001,Lampe de bureau design,2,26.8,53.6
INV503627,2023-08-25,10684,France,STK009,Vase en verre,2,16.43,32.86
INV503627,2023-08-25,10684,France,STK005,Bougie parfumee,5,14.79,73.94999999999999
INV503627,2023-08-25,10684,France,STK001,Lampe de bureau design,5,22.96,114.80000000000001
INV503628,2023-05-20,10684,France,STK001,Lampe de bureau design,4,29.96,119.84
INV503628,2023-05-20,10684,France,STK002,Coussin en lin,2,11.91,23.82
INV503628,2023-05-20,10684,France,STK006,Cadre photo bois,3,8.07,24.21
INV503629,2023-11-05,10685,France,STK001,Lampe de bureau design,5,24.56,122.8
INV503630,2023-07-31,10685,France,STK002,Coussin en lin,3,20.53,61.59
INV503630,2023-07-31,10685,France,STK006,Cadre photo bois,4,13.25,53.0
INV503630,2023-07-31,10685,France,STK006,Cadre photo bois,1,9.69,9.69
INV503630,2023-07-31,10685,France,STK007,Panier de rangement,4,18.77,75.08
INV503631,2023-03-16,10685,France,STK004,Plaid tricote,2,35.38,70.76
INV503632,2023-01-07,10686,Germany,STK004,Plaid tricote,1,29.12,29.12
INV503632,2023-01-07,10686,Germany,STK012,Miroir mural rond,2,37.14,74.28
INV503632,2023-01-07,10686,Germany,STK008,Tapis de bain,1,24.51,24.51
INV503633,2023-08-13,10686,Germany,STK011,Plateau en bambou,5,21.68,108.4
INV503634,2023-04-01,10686,Germany,STK012,Miroir mural rond,5,45.02,225.10000000000002
INV503634,2023-04-01,10686,Germany,STK010,Guirlande lumineuse,5,16.69,83.45
INV503635,2023-03-09,10687,France,STK008,Tapis de bain,5,21.49,107.44999999999999
INV503635,2023-03-09,10687,France,STK002,Coussin en lin,5,13.57,67.85
INV503635,2023-03-09,10687,France,STK011,Plateau en bambou,5,24.78,123.9
INV503636,2023-08-07,10687,France,STK004,Plaid tricote,3,33.04,99.12
INV503636,2023-08-07,10687,France,STK005,Bougie parfumee,1,10.98,10.98
INV503636,2023-08-07,10687,France,STK006,Cadre photo bois,1,12.2,12.2
INV503636,2023-08-07,10687,France,STK002,Coussin en lin,1,20.85,20.85
INV503637,2023-02-09,10688,France,STK006,Cadre photo bois,2,9.66,19.32
INV503637,2023-02-09,10688,France,STK008,Tapis de bain,1,33.76,33.76
INV503637,2023-02-09,10688,France,STK008,Tapis de bain,4,23.83,95.32
INV503638,2023-03-24,10689,Spain,STK007,Panier de rangement,5,25.87,129.35
INV503638,2023-03-24,10689,Spain,STK003,Set de tasses ceramique,5,16.05,80.25
INV503638,2023-03-24,10689,Spain,STK011,Plateau en bambou,4,24.44,97.76
INV503639,2023-02-13,10689,Spain,STK010,Guirlande lumineuse,1,15.05,15.05
INV503639,2023-02-13,10689,Spain,STK005,Bougie parfumee,3,16.32,48.96
INV503640,2023-05-23,10689,Spain,STK011,Plateau en bambou,4,27.01,108.04
INV503640,2023-05-23,10689,Spain,STK012,Miroir mural rond,4,39.97,159.88
INV503641,2023-04-10,10690,France,STK005,Bougie parfumee,3,12.61,37.83
INV503641,2023-04-10,10690,France,STK008,Tapis de bain,5,35.86,179.3
INV503642,2023-06-11,10690,France,STK007,Panier de rangement,1,19.51,19.51
INV503642,2023-06-11,10690,France,STK008,Tapis de bain,4,23.33,93.32
INV503643,2023-04-15,10690,France,STK003,Set de tasses ceramique,5,14.02,70.1
INV503643,2023-04-15,10690,France,STK010,Guirlande lumineuse,5,12.62,63.099999999999994
INV503643,2023-04-15,10690,France,STK004,Plaid tricote,1,30.93,30.93
INV503643,2023-04-15,10690,France,STK001,Lampe de bureau design,3,28.07,84.21000000000001
INV503644,2023-08-03,10691,France,STK002,Coussin en lin,1,23.26,23.26
INV503644,2023-08-03,10691,France,STK012,Miroir mural rond,5,46.7,233.5
INV503645,2023-01-27,10691,France,STK011,Plateau en bambou,4,20.97,83.88
INV503645,2023-01-27,10691,France,STK008,Tapis de bain,3,29.4,88.19999999999999
INV503646,2023-09-18,10691,France,STK006,Cadre photo bois,3,12.37,37.11
INV503646,2023-09-18,10691,France,STK004,Plaid tricote,5,28.48,142.4
INV503646,2023-09-18,10691,France,STK003,Set de tasses ceramique,5,12.12,60.599999999999994
INV503646,2023-09-18,10691,France,STK004,Plaid tricote,1,29.31,29.31
INV503647,2023-02-28,10691,France,STK010,Guirlande lumineuse,1,15.02,15.02
INV503648,2023-10-25,10691,France,STK010,Guirlande lumineuse,3,16.35,49.050000000000004
INV503648,2023-10-25,10691,France,STK009,Vase en verre,3,18.38,55.14
INV503648,2023-10-25,10691,France,STK006,Cadre photo bois,5,9.1,45.5
INV503648,2023-10-25,10691,France,STK001,Lampe de bureau design,1,28.27,28.27
INV503649,2023-10-17,10691,France,STK012,Miroir mural rond,2,30.92,61.84
INV503649,2023-10-17,10691,France,STK007,Panier de rangement,2,21.98,43.96
INV503650,2023-10-26,10691,France,STK002,Coussin en lin,5,23.17,115.85000000000001
INV503650,2023-10-26,10691,France,STK012,Miroir mural rond,2,42.07,84.14
INV503651,2023-06-05,10691,France,STK007,Panier de rangement,1,20.22,20.22
INV503652,2023-12-01,10691,France,STK001,Lampe de bureau design,2,17.85,35.7
INV503653,2023-01-05,10691,France,STK004,Plaid tricote,4,33.95,135.8
INV503653,2023-01-05,10691,France,STK005,Bougie parfumee,3,12.15,36.45
INV503653,2023-01-05,10691,France,STK011,Plateau en bambou,3,18.12,54.36
INV503653,2023-01-05,10691,France,STK001,Lampe de bureau design,2,26.31,52.62
INV503654,2023-12-01,10691,France,STK008,Tapis de bain,1,32.11,32.11
INV503655,2023-09-08,10691,France,STK006,Cadre photo bois,3,10.64,31.92
INV503655,2023-09-08,10691,France,STK009,Vase en verre,1,18.89,18.89
INV503655,2023-09-08,10691,France,STK001,Lampe de bureau design,4,26.61,106.44
INV503656,2023-11-06,10691,France,STK008,Tapis de bain,2,23.73,47.46
INV503657,2023-06-17,10691,France,STK012,Miroir mural rond,4,33.44,133.76
INV503657,2023-06-17,10691,France,STK006,Cadre photo bois,4,12.0,48.0
INV503658,2023-08-08,10691,France,STK001,Lampe de bureau design,1,33.52,33.52
INV503658,2023-08-08,10691,France,STK006,Cadre photo bois,2,9.77,19.54
INV503658,2023-08-08,10691,France,STK012,Miroir mural rond,4,42.57,170.28
INV503659,2023-03-24,10691,France,STK002,Coussin en lin,4,16.58,66.32
INV503660,2023-02-28,10691,France,STK006,Cadre photo bois,2,7.62,15.24
INV503660,2023-02-28,10691,France,STK010,Guirlande lumineuse,2,14.37,28.74
INV503661,2023-03-15,10691,France,STK008,Tapis de bain,1,28.44,28.44
INV503661,2023-03-15,10691,France,STK001,Lampe de bureau design,2,24.77,49.54
INV503661,2023-03-15,10691,France,STK003,Set de tasses ceramique,5,17.22,86.1
INV503662,2023-06-25,10691,France,STK010,Guirlande lumineuse,4,11.9,47.6
INV503662,2023-06-25,10691,France,STK010,Guirlande lumineuse,1,10.32,10.32
INV503663,2023-10-21,10691,France,STK011,Plateau en bambou,5,21.74,108.69999999999999
INV503664,2023-09-01,10691,France,STK007,Panier de rangement,2,21.13,42.26
INV503664,2023-09-01,10691,France,STK002,Coussin en lin,3,20.16,60.480000000000004
INV503665,2023-08-17,10692,France,STK010,Guirlande lumineuse,5,10.28,51.4
INV503665,2023-08-17,10692,France,STK011,Plateau en bambou,4,18.39,73.56
INV503665,2023-08-17,10692,France,STK002,Coussin en lin,4,19.15,76.6
INV503666,2023-01-21,10692,France,STK004,Plaid tricote,4,31.83,127.32
INV503666,2023-01-21,10692,France,STK008,Tapis de bain,2,32.24,64.48
INV503666,2023-01-21,10692,France,STK006,Cadre photo bois,1,11.9,11.9
INV503666,2023-01-21,10692,France,STK004,Plaid tricote,2,22.36,44.72
INV503667,2023-01-08,10692,France,STK001,Lampe de bureau design,2,27.22,54.44
INV503667,2023-01-08,10692,France,STK005,Bougie parfumee,4,12.15,48.6
INV503667,2023-01-08,10692,France,STK001,Lampe de bureau design,1,25.22,25.22
INV503667,2023-01-08,10692,France,STK012,Miroir mural rond,5,43.98,219.89999999999998
INV503668,2023-11-11,10692,France,STK008,Tapis de bain,1,26.6,26.6
INV503669,2023-05-31,10693,Portugal,STK011,Plateau en bambou,3,21.33,63.989999999999995
INV503669,2023-05-31,10693,Portugal,STK005,Bougie parfumee,4,13.65,54.6
INV503669,2023-05-31,10693,Portugal,STK006,Cadre photo bois,3,10.09,30.27
INV503669,2023-05-31,10693,Portugal,STK004,Plaid tricote,2,31.76,63.52
INV503670,2023-08-24,10693,Portugal,STK004,Plaid tricote,1,25.06,25.06
INV503670,2023-08-24,10693,Portugal,STK002,Coussin en lin,3,18.91,56.730000000000004
INV503671,2023-07-24,10693,Portugal,STK010,Guirlande lumineuse,3,16.93,50.79
INV503671,2023-07-24,10693,Portugal,STK009,Vase en verre,3,17.89,53.67
INV503671,2023-07-24,10693,Portugal,STK012,Miroir mural rond,4,36.38,145.52
INV503671,2023-07-24,10693,Portugal,STK011,Plateau en bambou,2,23.3,46.6
INV503672,2023-12-09,10693,Portugal,STK003,Set de tasses ceramique,5,12.62,63.099999999999994
INV503672,2023-12-09,10693,Portugal,STK001,Lampe de bureau design,2,26.37,52.74
INV503672,2023-12-09,10693,Portugal,STK007,Panier de rangement,3,30.19,90.57000000000001
INV503672,2023-12-09,10693,Portugal,STK009,Vase en verre,1,23.52,23.52
INV503673,2023-12-20,10693,Portugal,STK007,Panier de rangement,3,23.85,71.55000000000001
INV503673,2023-12-20,10693,Portugal,STK012,Miroir mural rond,5,40.5,202.5
INV503673,2023-12-20,10693,Portugal,STK007,Panier de rangement,2,25.01,50.02
INV503674,2023-09-28,10693,Portugal,STK012,Miroir mural rond,1,54.8,54.8
INV503674,2023-09-28,10693,Portugal,STK010,Guirlande lumineuse,1,10.31,10.31
INV503675,2023-01-27,10693,Portugal,STK001,Lampe de bureau design,1,21.23,21.23
INV503675,2023-01-27,10693,Portugal,STK006,Cadre photo bois,2,11.64,23.28
INV503675,2023-01-27,10693,Portugal,STK002,Coussin en lin,3,14.01,42.03
INV503675,2023-01-27,10693,Portugal,STK008,Tapis de bain,1,32.54,32.54
INV503676,2023-03-08,10694,France,STK004,Plaid tricote,3,33.62,100.85999999999999
INV503677,2023-09-10,10694,France,STK009,Vase en verre,2,17.74,35.48
INV503677,2023-09-10,10694,France,STK006,Cadre photo bois,5,7.44,37.2
INV503677,2023-09-10,10694,France,STK005,Bougie parfumee,3,16.72,50.16
INV503678,2023-06-20,10694,France,STK006,Cadre photo bois,1,10.89,10.89
INV503679,2023-10-03,10694,France,STK003,Set de tasses ceramique,5,18.28,91.4
INV503680,2023-05-29,10694,France,STK005,Bougie parfumee,1,10.2,10.2
INV503680,2023-05-29,10694,France,STK001,Lampe de bureau design,3,25.03,75.09
INV503681,2023-09-06,10694,France,STK010,Guirlande lumineuse,4,14.19,56.76
INV503681,2023-09-06,10694,France,STK005,Bougie parfumee,1,14.91,14.91
INV503681,2023-09-06,10694,France,STK008,Tapis de bain,2,26.77,53.54
INV503682,2023-11-05,10694,France,STK004,Plaid tricote,1,33.45,33.45
INV503682,2023-11-05,10694,France,STK010,Guirlande lumineuse,2,14.85,29.7
INV503682,2023-11-05,10694,France,STK011,Plateau en bambou,3,19.64,58.92
INV503682,2023-11-05,10694,France,STK010,Guirlande lumineuse,5,16.82,84.1
INV503683,2023-04-25,10694,France,STK001,Lampe de bureau design,2,27.36,54.72
INV503683,2023-04-25,10694,France,STK002,Coussin en lin,3,15.88,47.64
INV503683,2023-04-25,10694,France,STK002,Coussin en lin,4,18.39,73.56
INV503684,2023-10-31,10694,France,STK001,Lampe de bureau design,2,34.01,68.02
INV503685,2023-01-14,10694,France,STK002,Coussin en lin,3,24.4,73.19999999999999
INV503685,2023-01-14,10694,France,STK008,Tapis de bain,4,27.13,108.52
INV503685,2023-01-14,10694,France,STK009,Vase en verre,4,19.8,79.2
INV503685,2023-01-14,10694,France,STK005,Bougie parfumee,3,9.22,27.660000000000004
INV503686,2023-12-16,10694,France,STK012,Miroir mural rond,1,32.22,32.22
INV503686,2023-12-16,10694,France,STK006,Cadre photo bois,3,9.75,29.25
INV503686,2023-12-16,10694,France,STK006,Cadre photo bois,2,9.52,19.04
INV503687,2023-08-25,10694,France,STK010,Guirlande lumineuse,5,11.38,56.900000000000006
INV503688,2023-12-25,10694,France,STK003,Set de tasses ceramique,3,21.55,64.65
INV503689,2023-04-13,10695,France,STK010,Guirlande lumineuse,1,16.13,16.13
INV503690,2023-02-11,10696,France,STK006,Cadre photo bois,3,11.16,33.480000000000004
INV503691,2023-09-30,10696,France,STK010,Guirlande lumineuse,4,10.99,43.96
INV503692,2023-03-15,10696,France,STK006,Cadre photo bois,2,10.72,21.44
INV503692,2023-03-15,10696,France,STK004,Plaid tricote,2,33.25,66.5
INV503692,2023-03-15,10696,France,STK011,Plateau en bambou,1,24.18,24.18
INV503692,2023-03-15,10696,France,STK003,Set de tasses ceramique,5,17.64,88.2
INV503693,2023-02-14,10696,France,STK004,Plaid tricote,1,35.27,35.27
INV503693,2023-02-14,10696,France,STK010,Guirlande lumineuse,1,17.73,17.73
INV503694,2023-09-22,10697,Belgium,STK003,Set de tasses ceramique,3,19.82,59.46
INV503694,2023-09-22,10697,Belgium,STK007,Panier de rangement,2,19.33,38.66
INV503694,2023-09-22,10697,Belgium,STK002,Coussin en lin,2,19.76,39.52
INV503695,2023-12-20,10697,Belgium,STK004,Plaid tricote,2,36.93,73.86
INV503695,2023-12-20,10697,Belgium,STK010,Guirlande lumineuse,2,15.45,30.9
INV503696,2023-02-23,10698,France,STK004,Plaid tricote,3,33.33,99.99
INV503696,2023-02-23,10698,France,STK010,Guirlande lumineuse,2,13.79,27.58
INV503696,2023-02-23,10698,France,STK010,Guirlande lumineuse,4,12.55,50.2
INV503697,2023-03-26,10698,France,STK012,Miroir mural rond,4,46.57,186.28
INV503697,2023-03-26,10698,France,STK007,Panier de rangement,5,18.61,93.05
INV503697,2023-03-26,10698,France,STK003,Set de tasses ceramique,3,16.18,48.54
INV503697,2023-03-26,10698,France,STK010,Guirlande lumineuse,5,15.51,77.55
INV503698,2023-01-27,10698,France,STK002,Coussin en lin,1,17.82,17.82
INV503698,2023-01-27,10698,France,STK001,Lampe de bureau design,3,27.99,83.97
INV503698,2023-01-27,10698,France,STK007,Panier de rangement,5,24.15,120.75
INV503699,2023-04-09,10698,France,STK003,Set de tasses ceramique,5,16.05,80.25
INV503699,2023-04-09,10698,France,STK002,Coussin en lin,1,17.95,17.95
INV503699,2023-04-09,10698,France,STK002,Coussin en lin,3,20.7,62.099999999999994
INV503699,2023-04-09,10698,France,STK011,Plateau en bambou,4,17.95,71.8
INV503700,2023-09-18,10698,France,STK007,Panier de rangement,1,14.77,14.77
INV503700,2023-09-18,10698,France,STK005,Bougie parfumee,1,12.88,12.88
INV503700,2023-09-18,10698,France,STK003,Set de tasses ceramique,4,18.62,74.48
INV503701,2023-06-29,10698,France,STK009,Vase en verre,2,20.9,41.8
INV503701,2023-06-29,10698,France,STK010,Guirlande lumineuse,2,16.48,32.96
INV503701,2023-06-29,10698,France,STK001,Lampe de bureau design,5,19.1,95.5
INV503702,2023-10-16,10698,France,STK002,Coussin en lin,5,24.63,123.14999999999999
INV503702,2023-10-16,10698,France,STK001,Lampe de bureau design,5,24.57,122.85
INV503702,2023-10-16,10698,France,STK001,Lampe de bureau design,3,27.93,83.78999999999999
INV503702,2023-10-16,10698,France,STK010,Guirlande lumineuse,4,13.91,55.64
INV503703,2023-01-26,10699,Spain,STK004,Plaid tricote,5,28.36,141.8
INV503703,2023-01-26,10699,Spain,STK002,Coussin en lin,5,16.81,84.05
INV503703,2023-01-26,10699,Spain,STK006,Cadre photo bois,1,6.84,6.84
INV503703,2023-01-26,10699,Spain,STK007,Panier de rangement,1,21.81,21.81
INV503704,2023-01-20,10699,Spain,STK007,Panier de rangement,5,25.91,129.55
INV503704,2023-01-20,10699,Spain,STK012,Miroir mural rond,1,31.33,31.33
INV503704,2023-01-20,10699,Spain,STK007,Panier de rangement,1,22.14,22.14
INV503704,2023-01-20,10699,Spain,STK009,Vase en verre,3,21.1,63.300000000000004
INV503705,2023-03-20,10699,Spain,STK009,Vase en verre,4,21.2,84.8
INV503705,2023-03-20,10699,Spain,STK010,Guirlande lumineuse,1,10.43,10.43
INV503705,2023-03-20,10699,Spain,STK002,Coussin en lin,4,16.02,64.08
INV503706,2023-10-25,10700,France,STK008,Tapis de bain,4,23.51,94.04
INV503706,2023-10-25,10700,France,STK007,Panier de rangement,3,16.8,50.400000000000006
INV503706,2023-10-25,10700,France,STK012,Miroir mural rond,5,54.31,271.55
INV503706,2023-10-25,10700,France,STK008,Tapis de bain,5,27.74,138.7
INV503707,2023-05-09,10701,Germany,STK012,Miroir mural rond,4,46.86,187.44
INV503707,2023-05-09,10701,Germany,STK007,Panier de rangement,5,22.11,110.55
INV503708,2023-08-21,10701,Germany,STK004,Plaid tricote,5,30.63,153.15
INV503708,2023-08-21,10701,Germany,STK002,Coussin en lin,1,17.41,17.41
INV503708,2023-08-21,10701,Germany,STK003,Set de tasses ceramique,5,14.09,70.45
INV503709,2023-07-13,10701,Germany,STK002,Coussin en lin,3,19.65,58.949999999999996
INV503709,2023-07-13,10701,Germany,STK010,Guirlande lumineuse,1,12.16,12.16
INV503709,2023-07-13,10701,Germany,STK003,Set de tasses ceramique,4,12.87,51.48
INV503709,2023-07-13,10701,Germany,STK002,Coussin en lin,4,16.22,64.88
INV503710,2023-01-25,10701,Germany,STK009,Vase en verre,5,14.62,73.1
INV503711,2023-03-28,10701,Germany,STK011,Plateau en bambou,3,16.45,49.349999999999994
INV503711,2023-03-28,10701,Germany,STK008,Tapis de bain,2,20.3,40.6
INV503711,2023-03-28,10701,Germany,STK011,Plateau en bambou,1,20.65,20.65
INV503712,2023-09-26,10701,Germany,STK011,Plateau en bambou,2,26.17,52.34
INV503713,2023-11-01,10702,France,STK009,Vase en verre,1,16.68,16.68
INV503714,2023-01-20,10702,France,STK008,Tapis de bain,4,21.96,87.84
INV503714,2023-01-20,10702,France,STK010,Guirlande lumineuse,2,16.89,33.78
INV503714,2023-01-20,10702,France,STK012,Miroir mural rond,1,30.62,30.62
INV503715,2023-07-04,10702,France,STK004,Plaid tricote,2,28.55,57.1
INV503716,2023-05-03,10702,France,STK009,Vase en verre,4,21.32,85.28
INV503716,2023-05-03,10702,France,STK012,Miroir mural rond,3,36.1,108.30000000000001
INV503717,2023-08-22,10702,France,STK003,Set de tasses ceramique,3,16.97,50.91
INV503717,2023-08-22,10702,France,STK010,Guirlande lumineuse,5,16.78,83.9
INV503717,2023-08-22,10702,France,STK012,Miroir mural rond,2,47.71,95.42
INV503717,2023-08-22,10702,France,STK011,Plateau en bambou,2,18.81,37.62
INV503718,2023-01-14,10702,France,STK008,Tapis de bain,5,27.69,138.45000000000002
INV503718,2023-01-14,10702,France,STK004,Plaid tricote,5,38.12,190.6
INV503718,2023-01-14,10702,France,STK010,Guirlande lumineuse,3,13.8,41.400000000000006
INV503718,2023-01-14,10702,France,STK009,Vase en verre,2,17.02,34.04
INV503719,2023-04-09,10702,France,STK011,Plateau en bambou,4,19.87,79.48
INV503719,2023-04-09,10702,France,STK002,Coussin en lin,5,17.28,86.4
INV503720,2023-07-07,10703,Italy,STK011,Plateau en bambou,5,18.65,93.25
INV503721,2023-01-31,10703,Italy,STK010,Guirlande lumineuse,2,11.97,23.94
INV503721,2023-01-31,10703,Italy,STK001,Lampe de bureau design,5,27.22,136.1
INV503722,2023-11-29,10704,France,STK002,Coussin en lin,4,20.3,81.2
INV503723,2023-01-18,10704,France,STK001,Lampe de bureau design,5,24.77,123.85
INV503724,2023-08-14,10704,France,STK007,Panier de rangement,4,19.55,78.2
INV503724,2023-08-14,10704,France,STK002,Coussin en lin,5,18.11,90.55
INV503725,2023-12-20,10704,France,STK002,Coussin en lin,2,12.68,25.36
INV503726,2023-11-10,10704,France,STK007,Panier de rangement,2,14.43,28.86
INV503726,2023-11-10,10704,France,STK010,Guirlande lumineuse,2,15.66,31.32
INV503726,2023-11-10,10704,France,STK009,Vase en verre,5,13.46,67.30000000000001
INV503726,2023-11-10,10704,France,STK006,Cadre photo bois,3,10.84,32.519999999999996
INV503727,2023-12-01,10705,Germany,STK008,Tapis de bain,3,26.6,79.80000000000001
INV503727,2023-12-01,10705,Germany,STK004,Plaid tricote,5,27.95,139.75
INV503727,2023-12-01,10705,Germany,STK005,Bougie parfumee,3,12.39,37.17
INV503728,2023-12-19,10705,Germany,STK011,Plateau en bambou,5,22.86,114.3
INV503729,2023-08-19,10705,Germany,STK001,Lampe de bureau design,5,28.61,143.05
INV503729,2023-08-19,10705,Germany,STK003,Set de tasses ceramique,1,16.3,16.3
INV503729,2023-08-19,10705,Germany,STK010,Guirlande lumineuse,4,15.03,60.12
INV503729,2023-08-19,10705,Germany,STK002,Coussin en lin,5,17.68,88.4
INV503730,2023-11-25,10705,Germany,STK010,Guirlande lumineuse,1,14.58,14.58
INV503731,2023-06-04,10705,Germany,STK011,Plateau en bambou,2,20.94,41.88
INV503731,2023-06-04,10705,Germany,STK005,Bougie parfumee,2,16.52,33.04
INV503731,2023-06-04,10705,Germany,STK009,Vase en verre,5,21.94,109.7
INV503732,2023-06-24,10705,Germany,STK011,Plateau en bambou,4,23.88,95.52
INV503732,2023-06-24,10705,Germany,STK001,Lampe de bureau design,5,29.72,148.6
INV503733,2023-12-19,10705,Germany,STK010,Guirlande lumineuse,5,16.35,81.75
INV503734,2023-11-21,10705,Germany,STK003,Set de tasses ceramique,2,19.01,38.02
INV503734,2023-11-21,10705,Germany,STK002,Coussin en lin,2,23.06,46.12
INV503734,2023-11-21,10705,Germany,STK011,Plateau en bambou,2,23.16,46.32
INV503734,2023-11-21,10705,Germany,STK006,Cadre photo bois,4,8.53,34.12
INV503735,2023-06-19,10705,Germany,STK006,Cadre photo bois,1,9.9,9.9
INV503735,2023-06-19,10705,Germany,STK003,Set de tasses ceramique,2,13.34,26.68
INV503735,2023-06-19,10705,Germany,STK012,Miroir mural rond,4,41.48,165.92
INV503735,2023-06-19,10705,Germany,STK002,Coussin en lin,4,18.77,75.08
INV503736,2023-09-29,10705,Germany,STK003,Set de tasses ceramique,1,14.12,14.12
INV503736,2023-09-29,10705,Germany,STK008,Tapis de bain,5,36.77,183.85000000000002
INV503736,2023-09-29,10705,Germany,STK007,Panier de rangement,3,25.88,77.64
INV503737,2023-03-30,10705,Germany,STK003,Set de tasses ceramique,5,16.12,80.60000000000001
INV503737,2023-03-30,10705,Germany,STK009,Vase en verre,2,21.27,42.54
INV503737,2023-03-30,10705,Germany,STK002,Coussin en lin,2,14.72,29.44
INV503738,2023-08-03,10706,Spain,STK009,Vase en verre,1,22.14,22.14
INV503738,2023-08-03,10706,Spain,STK005,Bougie parfumee,4,10.74,42.96
INV503738,2023-08-03,10706,Spain,STK001,Lampe de bureau design,5,28.68,143.4
INV503738,2023-08-03,10706,Spain,STK009,Vase en verre,4,17.6,70.4
INV503739,2023-12-27,10707,France,STK008,Tapis de bain,4,20.62,82.48
INV503739,2023-12-27,10707,France,STK008,Tapis de bain,1,29.56,29.56
INV503739,2023-12-27,10707,France,STK001,Lampe de bureau design,3,20.99,62.97
INV503740,2023-04-09,10708,France,STK012,Miroir mural rond,4,35.56,142.24
INV503741,2023-08-18,10708,France,STK010,Guirlande lumineuse,4,13.98,55.92
INV503741,2023-08-18,10708,France,STK009,Vase en verre,2,17.87,35.74
INV503742,2023-11-12,10708,France,STK012,Miroir mural rond,5,32.93,164.65
INV503742,2023-11-12,10708,France,STK010,Guirlande lumineuse,2,11.0,22.0
INV503743,2023-03-10,10708,France,STK008,Tapis de bain,3,29.4,88.19999999999999
INV503743,2023-03-10,10708,France,STK003,Set de tasses ceramique,3,14.11,42.33
INV503743,2023-03-10,10708,France,STK005,Bougie parfumee,4,12.9,51.6
INV503744,2023-09-19,10708,France,STK003,Set de tasses ceramique,2,12.91,25.82
INV503744,2023-09-19,10708,France,STK007,Panier de rangement,1,20.77,20.77
INV503745,2023-01-24,10708,France,STK003,Set de tasses ceramique,3,15.24,45.72
INV503745,2023-01-24,10708,France,STK006,Cadre photo bois,4,8.01,32.04
INV503745,2023-01-24,10708,France,STK008,Tapis de bain,2,22.4,44.8
INV503745,2023-01-24,10708,France,STK006,Cadre photo bois,4,7.9,31.6
INV503746,2023-11-04,10708,France,STK005,Bougie parfumee,5,9.38,46.900000000000006
INV503746,2023-11-04,10708,France,STK004,Plaid tricote,3,35.41,106.22999999999999
INV503746,2023-11-04,10708,France,STK007,Panier de rangement,4,20.51,82.04
INV503747,2023-07-15,10709,Belgium,STK006,Cadre photo bois,4,12.39,49.56
INV503747,2023-07-15,10709,Belgium,STK009,Vase en verre,3,29.6,88.80000000000001
INV503747,2023-07-15,10709,Belgium,STK012,Miroir mural rond,3,33.1,99.30000000000001
INV503747,2023-07-15,10709,Belgium,STK004,Plaid tricote,5,33.15,165.75
INV503748,2023-04-25,10709,Belgium,STK010,Guirlande lumineuse,4,15.95,63.8
INV503748,2023-04-25,10709,Belgium,STK008,Tapis de bain,4,32.99,131.96
INV503749,2023-02-21,10710,France,STK001,Lampe de bureau design,4,23.54,94.16
INV503749,2023-02-21,10710,France,STK008,Tapis de bain,5,30.21,151.05
INV503749,2023-02-21,10710,France,STK011,Plateau en bambou,4,26.03,104.12
INV503750,2023-08-05,10710,France,STK012,Miroir mural rond,4,43.92,175.68
INV503751,2023-02-08,10710,France,STK007,Panier de rangement,1,18.02,18.02
INV503752,2023-12-10,10711,France,STK012,Miroir mural rond,1,34.98,34.98
INV503752,2023-12-10,10711,France,STK001,Lampe de bureau design,4,17.33,69.32
INV503752,2023-12-10,10711,France,STK009,Vase en verre,4,20.0,80.0
INV503752,2023-12-10,10711,France,STK006,Cadre photo bois,1,9.74,9.74
INV503753,2023-10-07,10711,France,STK004,Plaid tricote,5,30.49,152.45
INV503753,2023-10-07,10711,France,STK008,Tapis de bain,3,27.1,81.30000000000001
INV503754,2023-10-12,10711,France,STK005,Bougie parfumee,5,9.65,48.25
INV503754,2023-10-12,10711,France,STK008,Tapis de bain,2,22.27,44.54
INV503754,2023-10-12,10711,France,STK004,Plaid tricote,5,27.27,136.35
INV503755,2023-12-25,10711,France,STK009,Vase en verre,4,19.6,78.4
INV503755,2023-12-25,10711,France,STK011,Plateau en bambou,3,20.43,61.29
INV503755,2023-12-25,10711,France,STK005,Bougie parfumee,5,11.65,58.25
INV503755,2023-12-25,10711,France,STK003,Set de tasses ceramique,1,13.32,13.32
INV503756,2023-11-26,10711,France,STK008,Tapis de bain,2,27.38,54.76
INV503756,2023-11-26,10711,France,STK012,Miroir mural rond,3,44.19,132.57
INV503756,2023-11-26,10711,France,STK004,Plaid tricote,4,24.73,98.92
INV503757,2023-09-05,10711,France,STK003,Set de tasses ceramique,4,16.29,65.16
INV503757,2023-09-05,10711,France,STK004,Plaid tricote,1,28.68,28.68
INV503757,2023-09-05,10711,France,STK008,Tapis de bain,5,29.43,147.15
INV503757,2023-09-05,10711,France,STK001,Lampe de bureau design,2,29.04,58.08
INV503758,2023-10-09,10711,France,STK001,Lampe de bureau design,4,30.33,121.32
INV503758,2023-10-09,10711,France,STK003,Set de tasses ceramique,3,12.46,37.38
INV503758,2023-10-09,10711,France,STK003,Set de tasses ceramique,2,17.89,35.78
INV503758,2023-10-09,10711,France,STK008,Tapis de bain,2,27.65,55.3
INV503759,2023-09-30,10711,France,STK008,Tapis de bain,2,27.75,55.5
INV503759,2023-09-30,10711,France,STK005,Bougie parfumee,4,14.57,58.28
INV503759,2023-09-30,10711,France,STK003,Set de tasses ceramique,1,17.55,17.55
INV503760,2023-01-04,10711,France,STK004,Plaid tricote,2,39.67,79.34
INV503760,2023-01-04,10711,France,STK007,Panier de rangement,4,20.04,80.16
INV503761,2023-05-08,10712,Spain,STK010,Guirlande lumineuse,1,14.63,14.63
INV503762,2023-04-01,10713,France,STK010,Guirlande lumineuse,4,12.7,50.8
INV503762,2023-04-01,10713,France,STK011,Plateau en bambou,1,20.43,20.43
INV503763,2023-03-11,10713,France,STK001,Lampe de bureau design,1,21.3,21.3
INV503763,2023-03-11,10713,France,STK010,Guirlande lumineuse,1,17.52,17.52
INV503763,2023-03-11,10713,France,STK004,Plaid tricote,2,26.09,52.18
INV503764,2023-05-12,10713,France,STK004,Plaid tricote,5,26.85,134.25
INV503764,2023-05-12,10713,France,STK004,Plaid tricote,5,42.16,210.79999999999998
INV503765,2023-03-29,10713,France,STK008,Tapis de bain,5,30.86,154.3
INV503765,2023-03-29,10713,France,STK009,Vase en verre,3,19.4,58.199999999999996
INV503765,2023-03-29,10713,France,STK004,Plaid tricote,1,26.21,26.21
INV503766,2023-08-03,10714,France,STK001,Lampe de bureau design,5,26.59,132.95
INV503767,2023-08-15,10715,France,STK010,Guirlande lumineuse,3,15.27,45.81
INV503767,2023-08-15,10715,France,STK010,Guirlande lumineuse,2,16.46,32.92
INV503767,2023-08-15,10715,France,STK009,Vase en verre,2,27.44,54.88
INV503768,2023-12-18,10715,France,STK009,Vase en verre,4,18.62,74.48
INV503768,2023-12-18,10715,France,STK003,Set de tasses ceramique,5,15.31,76.55
INV503769,2023-12-03,10715,France,STK006,Cadre photo bois,3,10.75,32.25
INV503769,2023-12-03,10715,France,STK008,Tapis de bain,5,31.95,159.75
INV503769,2023-12-03,10715,France,STK004,Plaid tricote,4,28.11,112.44
INV503769,2023-12-03,10715,France,STK007,Panier de rangement,1,24.16,24.16
INV503770,2023-10-14,10715,France,STK011,Plateau en bambou,2,23.42,46.84
INV503770,2023-10-14,10715,France,STK001,Lampe de bureau design,2,26.39,52.78
INV503770,2023-10-14,10715,France,STK001,Lampe de bureau design,3,33.05,99.14999999999999
INV503770,2023-10-14,10715,France,STK004,Plaid tricote,3,35.27,105.81
INV503771,2023-07-24,10715,France,STK007,Panier de rangement,1,19.64,19.64
INV503772,2023-08-27,10715,France,STK009,Vase en verre,1,17.01,17.01
INV503773,2023-03-01,10716,France,STK002,Coussin en lin,2,17.26,34.52
INV503773,2023-03-01,10716,France,STK008,Tapis de bain,2,22.67,45.34
INV503773,2023-03-01,10716,France,STK006,Cadre photo bois,4,7.84,31.36
INV503773,2023-03-01,10716,France,STK008,Tapis de bain,3,28.68,86.03999999999999
INV503774,2023-03-29,10716,France,STK001,Lampe de bureau design,1,25.05,25.05
INV503774,2023-03-29,10716,France,STK006,Cadre photo bois,5,6.65,33.25
INV503775,2023-01-21,10716,France,STK007,Panier de rangement,5,15.6,78.0
INV503776,2023-02-06,10717,France,STK003,Set de tasses ceramique,1,11.93,11.93
INV503776,2023-02-06,10717,France,STK008,Tapis de bain,2,26.47,52.94
INV503776,2023-02-06,10717,France,STK009,Vase en verre,3,22.69,68.07000000000001
INV503777,2023-11-01,10717,France,STK006,Cadre photo bois,1,9.54,9.54
INV503777,2023-11-01,10717,France,STK006,Cadre photo bois,1,12.37,12.37
INV503778,2023-07-01,10718,France,STK007,Panier de rangement,1,23.16,23.16
INV503778,2023-07-01,10718,France,STK010,Guirlande lumineuse,4,12.68,50.72
INV503779,2023-06-17,10718,France,STK009,Vase en verre,1,21.73,21.73
INV503779,2023-06-17,10718,France,STK008,Tapis de bain,1,31.42,31.42
INV503780,2023-03-28,10718,France,STK011,Plateau en bambou,4,22.51,90.04
INV503780,2023-03-28,10718,France,STK010,Guirlande lumineuse,5,16.35,81.75
INV503781,2023-04-16,10718,France,STK012,Miroir mural rond,1,19.88,19.88
INV503782,2023-09-30,10719,France,STK011,Plateau en bambou,5,17.93,89.65
INV503782,2023-09-30,10719,France,STK009,Vase en verre,1,18.99,18.99
INV503782,2023-09-30,10719,France,STK010,Guirlande lumineuse,3,17.16,51.480000000000004
INV503782,2023-09-30,10719,France,STK010,Guirlande lumineuse,1,15.69,15.69
INV503783,2023-05-23,10719,France,STK004,Plaid tricote,2,28.6,57.2
INV503784,2023-04-03,10719,France,STK005,Bougie parfumee,5,12.8,64.0
INV503785,2023-08-18,10720,France,STK011,Plateau en bambou,3,21.95,65.85
INV503785,2023-08-18,10720,France,STK003,Set de tasses ceramique,2,13.73,27.46
INV503785,2023-08-18,10720,France,STK008,Tapis de bain,4,34.24,136.96
INV503786,2023-09-06,10720,France,STK005,Bougie parfumee,5,10.11,50.55
INV503786,2023-09-06,10720,France,STK002,Coussin en lin,1,11.37,11.37
INV503787,2023-12-11,10720,France,STK002,Coussin en lin,3,21.03,63.09
INV503787,2023-12-11,10720,France,STK010,Guirlande lumineuse,1,10.27,10.27
INV503787,2023-12-11,10720,France,STK007,Panier de rangement,4,17.78,71.12
INV503787,2023-12-11,10720,France,STK009,Vase en verre,1,19.84,19.84
INV503788,2023-11-10,10720,France,STK006,Cadre photo bois,4,11.08,44.32
INV503788,2023-11-10,10720,France,STK002,Coussin en lin,1,21.68,21.68
INV503788,2023-11-10,10720,France,STK003,Set de tasses ceramique,2,13.65,27.3
INV503788,2023-11-10,10720,France,STK004,Plaid tricote,3,29.72,89.16
INV503789,2023-11-22,10720,France,STK009,Vase en verre,4,18.77,75.08
INV503789,2023-11-22,10720,France,STK005,Bougie parfumee,1,9.21,9.21
INV503790,2023-05-29,10720,France,STK011,Plateau en bambou,3,20.21,60.63
INV503790,2023-05-29,10720,France,STK006,Cadre photo bois,3,10.82,32.46
INV503790,2023-05-29,10720,France,STK006,Cadre photo bois,1,10.57,10.57
INV503790,2023-05-29,10720,France,STK008,Tapis de bain,4,25.73,102.92
INV503791,2023-08-20,10720,France,STK008,Tapis de bain,1,19.25,19.25
INV503791,2023-08-20,10720,France,STK012,Miroir mural rond,5,51.22,256.1
INV503791,2023-08-20,10720,France,STK012,Miroir mural rond,1,38.89,38.89
INV503792,2023-04-20,10721,France,STK006,Cadre photo bois,1,9.59,9.59
INV503792,2023-04-20,10721,France,STK008,Tapis de bain,2,25.57,51.14
INV503793,2023-01-06,10721,France,STK008,Tapis de bain,4,30.2,120.8
INV503793,2023-01-06,10721,France,STK004,Plaid tricote,1,30.13,30.13
INV503793,2023-01-06,10721,France,STK010,Guirlande lumineuse,1,12.05,12.05
INV503794,2023-01-13,10721,France,STK008,Tapis de bain,3,28.21,84.63
INV503794,2023-01-13,10721,France,STK010,Guirlande lumineuse,1,12.24,12.24
INV503794,2023-01-13,10721,France,STK001,Lampe de bureau design,4,28.29,113.16
INV503795,2023-05-01,10721,France,STK010,Guirlande lumineuse,1,13.63,13.63
INV503795,2023-05-01,10721,France,STK011,Plateau en bambou,5,24.28,121.4
INV503795,2023-05-01,10721,France,STK008,Tapis de bain,5,19.94,99.7
INV503796,2023-01-11,10721,France,STK007,Panier de rangement,3,20.06,60.17999999999999
INV503796,2023-01-11,10721,France,STK010,Guirlande lumineuse,2,14.57,29.14
INV503796,2023-01-11,10721,France,STK003,Set de tasses ceramique,1,12.37,12.37
INV503797,2023-06-29,10721,France,STK001,Lampe de bureau design,5,27.31,136.54999999999998
INV503798,2023-04-26,10722,Spain,STK005,Bougie parfumee,1,11.09,11.09
INV503798,2023-04-26,10722,Spain,STK010,Guirlande lumineuse,4,15.32,61.28
INV503798,2023-04-26,10722,Spain,STK001,Lampe de bureau design,2,23.85,47.7
INV503798,2023-04-26,10722,Spain,STK008,Tapis de bain,4,29.87,119.48
INV503799,2023-03-16,10722,Spain,STK012,Miroir mural rond,2,44.19,88.38
INV503799,2023-03-16,10722,Spain,STK009,Vase en verre,5,21.69,108.45
INV503800,2023-06-20,10722,Spain,STK007,Panier de rangement,3,20.07,60.21
INV503800,2023-06-20,10722,Spain,STK011,Plateau en bambou,4,20.52,82.08
INV503800,2023-06-20,10722,Spain,STK003,Set de tasses ceramique,4,15.41,61.64
INV503800,2023-06-20,10722,Spain,STK001,Lampe de bureau design,2,25.24,50.48
INV503801,2023-04-22,10722,Spain,STK002,Coussin en lin,2,14.18,28.36
INV503801,2023-04-22,10722,Spain,STK009,Vase en verre,5,12.39,61.95
INV503801,2023-04-22,10722,Spain,STK001,Lampe de bureau design,1,19.52,19.52
INV503801,2023-04-22,10722,Spain,STK011,Plateau en bambou,5,23.98,119.9
INV503802,2023-04-23,10722,Spain,STK004,Plaid tricote,4,30.21,120.84
INV503803,2023-04-26,10722,Spain,STK010,Guirlande lumineuse,1,10.9,10.9
INV503803,2023-04-26,10722,Spain,STK002,Coussin en lin,2,15.73,31.46
INV503804,2023-01-31,10722,Spain,STK001,Lampe de bureau design,3,25.36,76.08
INV503805,2023-08-18,10722,Spain,STK001,Lampe de bureau design,2,27.44,54.88
INV503805,2023-08-18,10722,Spain,STK009,Vase en verre,3,19.62,58.86
INV503806,2023-08-17,10723,France,STK005,Bougie parfumee,2,12.79,25.58
INV503806,2023-08-17,10723,France,STK007,Panier de rangement,2,22.06,44.12
INV503806,2023-08-17,10723,France,STK008,Tapis de bain,5,34.4,172.0
INV503807,2023-03-14,10723,France,STK006,Cadre photo bois,5,9.29,46.449999999999996
INV503807,2023-03-14,10723,France,STK001,Lampe de bureau design,5,26.48,132.4
INV503807,2023-03-14,10723,France,STK008,Tapis de bain,5,29.84,149.2
INV503808,2023-07-22,10723,France,STK011,Plateau en bambou,3,19.6,58.800000000000004
INV503808,2023-07-22,10723,France,STK009,Vase en verre,5,18.23,91.15
INV503808,2023-07-22,10723,France,STK008,Tapis de bain,1,30.33,30.33
INV503809,2023-12-10,10723,France,STK006,Cadre photo bois,2,13.72,27.44
INV503809,2023-12-10,10723,France,STK007,Panier de rangement,1,19.22,19.22
INV503809,2023-12-10,10723,France,STK008,Tapis de bain,4,31.48,125.92
INV503810,2023-10-04,10723,France,STK009,Vase en verre,2,17.03,34.06
INV503810,2023-10-04,10723,France,STK002,Coussin en lin,3,13.9,41.7
INV503810,2023-10-04,10723,France,STK011,Plateau en bambou,4,26.15,104.6
INV503811,2023-08-02,10723,France,STK007,Panier de rangement,2,22.9,45.8
INV503811,2023-08-02,10723,France,STK006,Cadre photo bois,2,10.53,21.06
INV503811,2023-08-02,10723,France,STK012,Miroir mural rond,1,47.87,47.87
INV503812,2023-09-10,10723,France,STK005,Bougie parfumee,3,12.7,38.099999999999994
INV503812,2023-09-10,10723,France,STK008,Tapis de bain,5,25.54,127.69999999999999
INV503812,2023-09-10,10723,France,STK012,Miroir mural rond,1,45.4,45.4
INV503812,2023-09-10,10723,France,STK002,Coussin en lin,3,18.31,54.92999999999999
INV503813,2023-08-30,10723,France,STK011,Plateau en bambou,2,18.9,37.8
INV503813,2023-08-30,10723,France,STK010,Guirlande lumineuse,4,11.96,47.84
INV503813,2023-08-30,10723,France,STK006,Cadre photo bois,3,8.73,26.19
INV503814,2023-04-16,10724,France,STK008,Tapis de bain,3,24.9,74.69999999999999
INV503814,2023-04-16,10724,France,STK005,Bougie parfumee,3,13.4,40.2
INV503814,2023-04-16,10724,France,STK006,Cadre photo bois,1,9.98,9.98
INV503814,2023-04-16,10724,France,STK003,Set de tasses ceramique,1,12.08,12.08
INV503815,2023-10-31,10724,France,STK004,Plaid tricote,1,28.72,28.72
INV503815,2023-10-31,10724,France,STK001,Lampe de bureau design,1,27.43,27.43
INV503815,2023-10-31,10724,France,STK012,Miroir mural rond,3,44.23,132.69
INV503815,2023-10-31,10724,France,STK009,Vase en verre,3,21.67,65.01
INV503816,2023-04-02,10724,France,STK008,Tapis de bain,1,27.77,27.77
INV503817,2023-10-03,10724,France,STK008,Tapis de bain,2,23.36,46.72
INV503818,2023-01-22,10724,France,STK011,Plateau en bambou,3,29.94,89.82000000000001
INV503819,2023-10-28,10724,France,STK008,Tapis de bain,1,24.44,24.44
INV503820,2023-02-18,10724,France,STK010,Guirlande lumineuse,4,16.05,64.2
INV503820,2023-02-18,10724,France,STK011,Plateau en bambou,3,19.89,59.67
INV503820,2023-02-18,10724,France,STK005,Bougie parfumee,1,11.3,11.3
INV503821,2023-03-07,10724,France,STK007,Panier de rangement,3,25.04,75.12
INV503822,2023-01-13,10724,France,STK001,Lampe de bureau design,5,23.53,117.65
INV503823,2023-01-17,10724,France,STK012,Miroir mural rond,3,31.24,93.72
INV503824,2023-09-13,10725,France,STK007,Panier de rangement,4,18.9,75.6
INV503825,2023-12-10,10725,France,STK011,Plateau en bambou,5,15.62,78.1
INV503825,2023-12-10,10725,France,STK012,Miroir mural rond,2,35.99,71.98
INV503825,2023-12-10,10725,France,STK002,Coussin en lin,4,17.91,71.64
INV503826,2023-09-23,10725,France,STK004,Plaid tricote,3,32.69,98.07
INV503826,2023-09-23,10725,France,STK002,Coussin en lin,1,18.95,18.95
INV503826,2023-09-23,10725,France,STK006,Cadre photo bois,2,8.77,17.54
INV503826,2023-09-23,10725,France,STK005,Bougie parfumee,3,12.84,38.519999999999996
INV503827,2023-07-06,10725,France,STK011,Plateau en bambou,4,19.64,78.56
INV503828,2023-12-05,10725,France,STK011,Plateau en bambou,4,21.82,87.28
INV503828,2023-12-05,10725,France,STK009,Vase en verre,1,26.26,26.26
INV503828,2023-12-05,10725,France,STK009,Vase en verre,2,16.03,32.06
INV503828,2023-12-05,10725,France,STK009,Vase en verre,4,21.36,85.44
INV503829,2023-10-24,10725,France,STK010,Guirlande lumineuse,4,14.39,57.56
INV503829,2023-10-24,10725,France,STK004,Plaid tricote,3,27.72,83.16
INV503829,2023-10-24,10725,France,STK009,Vase en verre,4,18.65,74.6
INV503830,2023-09-30,10726,France,STK001,Lampe de bureau design,5,27.38,136.9
INV503830,2023-09-30,10726,France,STK006,Cadre photo bois,1,9.16,9.16
INV503830,2023-09-30,10726,France,STK003,Set de tasses ceramique,1,16.76,16.76
INV503831,2023-03-28,10726,France,STK008,Tapis de bain,3,29.42,88.26
INV503831,2023-03-28,10726,France,STK002,Coussin en lin,2,20.04,40.08
INV503832,2023-05-23,10726,France,STK010,Guirlande lumineuse,3,13.79,41.37
INV503832,2023-05-23,10726,France,STK002,Coussin en lin,1,16.35,16.35
INV503832,2023-05-23,10726,France,STK003,Set de tasses ceramique,2,13.01,26.02
INV503832,2023-05-23,10726,France,STK001,Lampe de bureau design,3,27.71,83.13
INV503833,2023-10-21,10726,France,STK008,Tapis de bain,1,20.06,20.06
INV503833,2023-10-21,10726,France,STK009,Vase en verre,2,20.11,40.22
INV503834,2023-01-20,10726,France,STK012,Miroir mural rond,2,38.99,77.98
INV503834,2023-01-20,10726,France,STK009,Vase en verre,4,21.8,87.2
INV503834,2023-01-20,10726,France,STK003,Set de tasses ceramique,2,16.69,33.38
INV503834,2023-01-20,10726,France,STK006,Cadre photo bois,3,8.84,26.52
INV503835,2023-10-15,10726,France,STK007,Panier de rangement,2,16.8,33.6
INV503835,2023-10-15,10726,France,STK012,Miroir mural rond,4,46.71,186.84
INV503835,2023-10-15,10726,France,STK011,Plateau en bambou,3,13.29,39.87
INV503835,2023-10-15,10726,France,STK003,Set de tasses ceramique,2,13.61,27.22
INV503836,2023-01-27,10727,France,STK001,Lampe de bureau design,3,28.49,85.47
INV503836,2023-01-27,10727,France,STK007,Panier de rangement,3,19.16,57.480000000000004
INV503837,2023-02-06,10727,France,STK006,Cadre photo bois,5,9.42,47.1
INV503837,2023-02-06,10727,France,STK004,Plaid tricote,2,36.79,73.58
INV503837,2023-02-06,10727,France,STK006,Cadre photo bois,4,14.31,57.24
INV503838,2023-06-14,10728,France,STK002,Coussin en lin,5,13.41,67.05
INV503838,2023-06-14,10728,France,STK008,Tapis de bain,3,25.49,76.47
INV503838,2023-06-14,10728,France,STK012,Miroir mural rond,3,40.7,122.10000000000001
INV503838,2023-06-14,10728,France,STK005,Bougie parfumee,4,11.46,45.84
INV503839,2023-02-22,10728,France,STK010,Guirlande lumineuse,4,16.02,64.08
INV503839,2023-02-22,10728,France,STK004,Plaid tricote,4,31.74,126.96
INV503839,2023-02-22,10728,France,STK001,Lampe de bureau design,1,26.59,26.59
INV503839,2023-02-22,10728,France,STK003,Set de tasses ceramique,3,15.43,46.29
INV503840,2023-11-30,10728,France,STK008,Tapis de bain,1,19.8,19.8
INV503840,2023-11-30,10728,France,STK005,Bougie parfumee,2,14.71,29.42
INV503841,2023-09-07,10728,France,STK004,Plaid tricote,2,36.45,72.9
INV503841,2023-09-07,10728,France,STK007,Panier de rangement,1,25.31,25.31
INV503841,2023-09-07,10728,France,STK005,Bougie parfumee,1,15.78,15.78
INV503841,2023-09-07,10728,France,STK009,Vase en verre,3,18.34,55.019999999999996
INV503842,2023-03-06,10728,France,STK007,Panier de rangement,1,20.16,20.16
INV503842,2023-03-06,10728,France,STK006,Cadre photo bois,4,11.08,44.32
INV503843,2023-09-03,10728,France,STK008,Tapis de bain,1,27.48,27.48
INV503843,2023-09-03,10728,France,STK004,Plaid tricote,2,31.83,63.66
INV503844,2023-09-19,10728,France,STK003,Set de tasses ceramique,2,14.92,29.84
INV503844,2023-09-19,10728,France,STK012,Miroir mural rond,3,30.06,90.17999999999999
INV503845,2023-07-06,10728,France,STK005,Bougie parfumee,2,13.36,26.72
INV503845,2023-07-06,10728,France,STK010,Guirlande lumineuse,5,15.52,77.6
INV503846,2023-04-13,10728,France,STK010,Guirlande lumineuse,3,15.31,45.93
INV503846,2023-04-13,10728,France,STK009,Vase en verre,2,23.26,46.52
INV503847,2023-10-31,10728,France,STK007,Panier de rangement,4,16.91,67.64
INV503847,2023-10-31,10728,France,STK008,Tapis de bain,3,33.35,100.05000000000001
INV503848,2023-01-06,10728,France,STK003,Set de tasses ceramique,5,12.96,64.80000000000001
INV503848,2023-01-06,10728,France,STK005,Bougie parfumee,2,9.18,18.36
INV503849,2023-09-30,10728,France,STK002,Coussin en lin,1,14.51,14.51
INV503850,2023-12-08,10728,France,STK002,Coussin en lin,1,14.2,14.2
INV503850,2023-12-08,10728,France,STK003,Set de tasses ceramique,4,11.39,45.56
INV503850,2023-12-08,10728,France,STK011,Plateau en bambou,1,22.5,22.5
INV503851,2023-11-30,10728,France,STK002,Coussin en lin,3,18.9,56.699999999999996
INV503851,2023-11-30,10728,France,STK008,Tapis de bain,4,24.72,98.88
INV503851,2023-11-30,10728,France,STK009,Vase en verre,2,23.47,46.94
INV503851,2023-11-30,10728,France,STK008,Tapis de bain,5,29.8,149.0
INV503852,2023-07-03,10729,France,STK007,Panier de rangement,4,20.19,80.76
INV503852,2023-07-03,10729,France,STK002,Coussin en lin,4,16.41,65.64
INV503852,2023-07-03,10729,France,STK001,Lampe de bureau design,1,21.86,21.86
INV503852,2023-07-03,10729,France,STK004,Plaid tricote,2,29.27,58.54
INV503853,2023-02-14,10729,France,STK005,Bougie parfumee,2,12.17,24.34
INV503853,2023-02-14,10729,France,STK009,Vase en verre,4,20.98,83.92
INV503853,2023-02-14,10729,France,STK007,Panier de rangement,4,19.57,78.28
INV503853,2023-02-14,10729,France,STK004,Plaid tricote,4,29.34,117.36
INV503854,2023-03-21,10729,France,STK004,Plaid tricote,3,29.82,89.46000000000001
INV503854,2023-03-21,10729,France,STK010,Guirlande lumineuse,3,17.07,51.21
INV503854,2023-03-21,10729,France,STK009,Vase en verre,4,17.7,70.8
INV503855,2023-08-20,10730,Germany,STK008,Tapis de bain,1,32.87,32.87
INV503855,2023-08-20,10730,Germany,STK010,Guirlande lumineuse,4,13.13,52.52
INV503855,2023-08-20,10730,Germany,STK004,Plaid tricote,3,30.05,90.15
INV503856,2023-08-05,10730,Germany,STK008,Tapis de bain,4,29.11,116.44
INV503856,2023-08-05,10730,Germany,STK005,Bougie parfumee,1,12.57,12.57
INV503857,2023-10-11,10730,Germany,STK009,Vase en verre,1,20.03,20.03
INV503857,2023-10-11,10730,Germany,STK006,Cadre photo bois,4,10.79,43.16
INV503857,2023-10-11,10730,Germany,STK008,Tapis de bain,3,29.21,87.63
INV503857,2023-10-11,10730,Germany,STK008,Tapis de bain,3,29.09,87.27
INV503858,2023-09-09,10730,Germany,STK008,Tapis de bain,4,26.31,105.24
INV503858,2023-09-09,10730,Germany,STK010,Guirlande lumineuse,1,16.09,16.09
INV503859,2023-12-14,10730,Germany,STK010,Guirlande lumineuse,2,15.02,30.04
INV503859,2023-12-14,10730,Germany,STK001,Lampe de bureau design,1,27.36,27.36
INV503859,2023-12-14,10730,Germany,STK007,Panier de rangement,3,18.42,55.260000000000005
INV503860,2023-08-14,10730,Germany,STK002,Coussin en lin,1,19.56,19.56
INV503860,2023-08-14,10730,Germany,STK002,Coussin en lin,3,20.19,60.57000000000001
INV503860,2023-08-14,10730,Germany,STK006,Cadre photo bois,3,8.85,26.549999999999997
INV503861,2023-03-13,10730,Germany,STK001,Lampe de bureau design,1,24.68,24.68
INV503862,2023-03-21,10730,Germany,STK011,Plateau en bambou,3,23.67,71.01
INV503862,2023-03-21,10730,Germany,STK002,Coussin en lin,2,17.67,35.34
INV503863,2023-12-14,10730,Germany,STK001,Lampe de bureau design,4,22.85,91.4
INV503863,2023-12-14,10730,Germany,STK005,Bougie parfumee,5,14.7,73.5
INV503863,2023-12-14,10730,Germany,STK012,Miroir mural rond,1,49.01,49.01
INV503863,2023-12-14,10730,Germany,STK002,Coussin en lin,3,12.73,38.19
INV503864,2023-02-28,10731,Portugal,STK006,Cadre photo bois,1,9.3,9.3
INV503865,2023-03-08,10731,Portugal,STK004,Plaid tricote,1,37.37,37.37
INV503865,2023-03-08,10731,Portugal,STK010,Guirlande lumineuse,3,14.9,44.7
INV503865,2023-03-08,10731,Portugal,STK002,Coussin en lin,2,17.71,35.42
INV503865,2023-03-08,10731,Portugal,STK001,Lampe de bureau design,2,22.02,44.04
INV503866,2023-01-28,10731,Portugal,STK006,Cadre photo bois,4,9.74,38.96
INV503866,2023-01-28,10731,Portugal,STK001,Lampe de bureau design,4,22.91,91.64
INV503867,2023-01-21,10732,Italy,STK001,Lampe de bureau design,4,28.56,114.24
INV503867,2023-01-21,10732,Italy,STK003,Set de tasses ceramique,3,17.23,51.69
INV503867,2023-01-21,10732,Italy,STK001,Lampe de bureau design,1,24.59,24.59
INV503867,2023-01-21,10732,Italy,STK006,Cadre photo bois,4,7.69,30.76
INV503868,2023-10-29,10732,Italy,STK008,Tapis de bain,1,28.04,28.04
INV503869,2023-06-05,10732,Italy,STK001,Lampe de bureau design,4,23.1,92.4
INV503869,2023-06-05,10732,Italy,STK001,Lampe de bureau design,3,18.27,54.81
INV503869,2023-06-05,10732,Italy,STK003,Set de tasses ceramique,3,16.95,50.849999999999994
INV503870,2023-08-13,10733,France,STK008,Tapis de bain,4,23.6,94.4
INV503870,2023-08-13,10733,France,STK002,Coussin en lin,1,16.46,16.46
INV503870,2023-08-13,10733,France,STK012,Miroir mural rond,2,36.99,73.98
INV503871,2023-03-30,10733,France,STK005,Bougie parfumee,4,15.55,62.2
INV503872,2023-01-08,10733,France,STK009,Vase en verre,5,22.29,111.44999999999999
INV503872,2023-01-08,10733,France,STK010,Guirlande lumineuse,4,12.77,51.08
INV503872,2023-01-08,10733,France,STK009,Vase en verre,4,17.02,68.08
INV503873,2023-04-29,10733,France,STK007,Panier de rangement,3,24.15,72.44999999999999
INV503873,2023-04-29,10733,France,STK012,Miroir mural rond,3,39.57,118.71000000000001
INV503873,2023-04-29,10733,France,STK011,Plateau en bambou,3,21.58,64.74
INV503874,2023-10-22,10733,France,STK002,Coussin en lin,4,18.36,73.44
INV503874,2023-10-22,10733,France,STK003,Set de tasses ceramique,4,13.45,53.8
INV503875,2023-10-10,10733,France,STK011,Plateau en bambou,3,18.37,55.11
INV503875,2023-10-10,10733,France,STK011,Plateau en bambou,1,24.93,24.93
INV503875,2023-10-10,10733,France,STK007,Panier de rangement,1,22.06,22.06
INV503875,2023-10-10,10733,France,STK003,Set de tasses ceramique,4,12.6,50.4
INV503876,2023-10-16,10733,France,STK006,Cadre photo bois,4,9.13,36.52
INV503876,2023-10-16,10733,France,STK011,Plateau en bambou,1,18.77,18.77
INV503876,2023-10-16,10733,France,STK008,Tapis de bain,3,22.47,67.41
INV503876,2023-10-16,10733,France,STK009,Vase en verre,1,17.21,17.21
INV503877,2023-03-16,10733,France,STK005,Bougie parfumee,1,11.82,11.82
INV503877,2023-03-16,10733,France,STK007,Panier de rangement,4,20.69,82.76
INV503877,2023-03-16,10733,France,STK001,Lampe de bureau design,5,26.68,133.4
INV503878,2023-09-01,10733,France,STK009,Vase en verre,2,24.27,48.54
INV503879,2023-02-04,10733,France,STK007,Panier de rangement,2,20.43,40.86
INV503880,2023-12-03,10733,France,STK004,Plaid tricote,4,32.6,130.4
INV503881,2023-06-19,10734,France,STK011,Plateau en bambou,3,25.67,77.01
INV503881,2023-06-19,10734,France,STK005,Bougie parfumee,2,13.22,26.44
INV503881,2023-06-19,10734,France,STK007,Panier de rangement,4,19.08,76.32
INV503881,2023-06-19,10734,France,STK012,Miroir mural rond,4,34.37,137.48
INV503882,2023-10-25,10734,France,STK003,Set de tasses ceramique,2,12.37,24.74
INV503883,2023-01-06,10734,France,STK008,Tapis de bain,5,25.66,128.3
INV503883,2023-01-06,10734,France,STK005,Bougie parfumee,1,12.72,12.72
INV503884,2023-08-27,10734,France,STK009,Vase en verre,3,16.71,50.13
INV503884,2023-08-27,10734,France,STK012,Miroir mural rond,5,33.9,169.5
INV503884,2023-08-27,10734,France,STK002,Coussin en lin,2,17.29,34.58
INV503885,2023-01-05,10734,France,STK010,Guirlande lumineuse,5,9.01,45.05
INV503885,2023-01-05,10734,France,STK012,Miroir mural rond,2,38.33,76.66
INV503885,2023-01-05,10734,France,STK011,Plateau en bambou,1,19.31,19.31
INV503885,2023-01-05,10734,France,STK012,Miroir mural rond,3,32.07,96.21000000000001
INV503886,2023-06-05,10734,France,STK010,Guirlande lumineuse,1,18.76,18.76
INV503886,2023-06-05,10734,France,STK010,Guirlande lumineuse,4,17.18,68.72
INV503887,2023-07-16,10734,France,STK006,Cadre photo bois,1,9.95,9.95
INV503887,2023-07-16,10734,France,STK006,Cadre photo bois,3,11.4,34.2
INV503887,2023-07-16,10734,France,STK012,Miroir mural rond,3,44.08,132.24
INV503888,2023-08-05,10734,France,STK007,Panier de rangement,1,22.93,22.93
INV503888,2023-08-05,10734,France,STK009,Vase en verre,1,14.54,14.54
INV503888,2023-08-05,10734,France,STK005,Bougie parfumee,4,13.76,55.04
INV503889,2023-11-09,10734,France,STK001,Lampe de bureau design,2,33.25,66.5
INV503890,2023-03-14,10734,France,STK010,Guirlande lumineuse,2,12.34,24.68
INV503890,2023-03-14,10734,France,STK001,Lampe de bureau design,1,24.74,24.74
INV503890,2023-03-14,10734,France,STK007,Panier de rangement,1,20.13,20.13
INV503890,2023-03-14,10734,France,STK012,Miroir mural rond,3,34.96,104.88
INV503891,2023-01-14,10734,France,STK012,Miroir mural rond,2,38.59,77.18
INV503892,2023-03-25,10734,France,STK004,Plaid tricote,4,23.58,94.32
INV503892,2023-03-25,10734,France,STK011,Plateau en bambou,5,24.36,121.8
INV503893,2023-04-26,10734,France,STK006,Cadre photo bois,3,12.59,37.769999999999996
INV503893,2023-04-26,10734,France,STK011,Plateau en bambou,4,21.22,84.88
INV503893,2023-04-26,10734,France,STK002,Coussin en lin,3,20.12,60.36
INV503894,2023-01-09,10734,France,STK001,Lampe de bureau design,1,21.47,21.47
INV503894,2023-01-09,10734,France,STK001,Lampe de bureau design,3,28.91,86.73
INV503894,2023-01-09,10734,France,STK008,Tapis de bain,4,23.72,94.88
INV503894,2023-01-09,10734,France,STK011,Plateau en bambou,4,19.09,76.36
INV503895,2023-09-25,10734,France,STK006,Cadre photo bois,5,6.99,34.95
INV503895,2023-09-25,10734,France,STK007,Panier de rangement,3,23.44,70.32000000000001
INV503895,2023-09-25,10734,France,STK009,Vase en verre,1,20.91,20.91
INV503896,2023-05-12,10735,France,STK006,Cadre photo bois,3,7.19,21.57
INV503896,2023-05-12,10735,France,STK007,Panier de rangement,2,23.52,47.04
INV503896,2023-05-12,10735,France,STK008,Tapis de bain,1,26.53,26.53
INV503897,2023-08-28,10736,France,STK001,Lampe de bureau design,5,27.37,136.85
INV503897,2023-08-28,10736,France,STK012,Miroir mural rond,4,44.19,176.76
INV503898,2023-03-06,10736,France,STK011,Plateau en bambou,1,23.8,23.8
INV503898,2023-03-06,10736,France,STK006,Cadre photo bois,1,12.18,12.18
INV503899,2023-08-12,10737,Netherlands,STK007,Panier de rangement,4,22.65,90.6
INV503899,2023-08-12,10737,Netherlands,STK002,Coussin en lin,4,14.81,59.24
INV503899,2023-08-12,10737,Netherlands,STK009,Vase en verre,4,16.07,64.28
INV503899,2023-08-12,10737,Netherlands,STK008,Tapis de bain,3,32.25,96.75
INV503900,2023-01-01,10737,Netherlands,STK010,Guirlande lumineuse,2,14.63,29.26
INV503901,2023-01-08,10737,Netherlands,STK002,Coussin en lin,2,20.18,40.36
INV503901,2023-01-08,10737,Netherlands,STK006,Cadre photo bois,1,9.39,9.39
INV503902,2023-01-23,10737,Netherlands,STK002,Coussin en lin,5,16.7,83.5
INV503902,2023-01-23,10737,Netherlands,STK002,Coussin en lin,3,17.13,51.39
INV503903,2023-11-21,10738,France,STK005,Bougie parfumee,4,12.5,50.0
INV503903,2023-11-21,10738,France,STK004,Plaid tricote,1,37.45,37.45
INV503904,2023-11-19,10738,France,STK004,Plaid tricote,1,27.6,27.6
INV503904,2023-11-19,10738,France,STK011,Plateau en bambou,4,19.79,79.16
INV503904,2023-11-19,10738,France,STK008,Tapis de bain,4,24.73,98.92
INV503905,2023-01-10,10739,France,STK007,Panier de rangement,2,17.88,35.76
INV503905,2023-01-10,10739,France,STK012,Miroir mural rond,5,36.65,183.25
INV503906,2023-07-01,10739,France,STK008,Tapis de bain,3,30.72,92.16
INV503906,2023-07-01,10739,France,STK011,Plateau en bambou,4,22.15,88.6
INV503906,2023-07-01,10739,France,STK012,Miroir mural rond,2,32.56,65.12
INV503907,2023-09-08,10739,France,STK009,Vase en verre,4,21.89,87.56
INV503908,2023-10-26,10739,France,STK011,Plateau en bambou,5,17.2,86.0
INV503909,2023-06-16,10739,France,STK011,Plateau en bambou,5,22.67,113.35000000000001
INV503909,2023-06-16,10739,France,STK003,Set de tasses ceramique,4,14.7,58.8
INV503909,2023-06-16,10739,France,STK001,Lampe de bureau design,1,32.99,32.99
INV503910,2023-08-25,10739,France,STK011,Plateau en bambou,3,25.07,75.21000000000001
INV503910,2023-08-25,10739,France,STK006,Cadre photo bois,4,12.92,51.68
INV503911,2023-11-30,10739,France,STK006,Cadre photo bois,4,9.57,38.28
INV503911,2023-11-30,10739,France,STK003,Set de tasses ceramique,4,9.67,38.68
INV503911,2023-11-30,10739,France,STK003,Set de tasses ceramique,5,14.0,70.0
INV503911,2023-11-30,10739,France,STK006,Cadre photo bois,3,10.39,31.17
INV503912,2023-02-19,10739,France,STK001,Lampe de bureau design,4,27.04,108.16
INV503912,2023-02-19,10739,France,STK003,Set de tasses ceramique,5,16.56,82.8
INV503912,2023-02-19,10739,France,STK012,Miroir mural rond,3,38.18,114.53999999999999
INV503912,2023-02-19,10739,France,STK002,Coussin en lin,3,19.7,59.099999999999994
INV503913,2023-01-16,10739,France,STK006,Cadre photo bois,4,10.45,41.8
INV503914,2023-08-29,10739,France,STK010,Guirlande lumineuse,2,10.14,20.28
INV503914,2023-08-29,10739,France,STK004,Plaid tricote,3,29.8,89.4
INV503915,2023-12-09,10740,Germany,STK011,Plateau en bambou,1,27.83,27.83
INV503915,2023-12-09,10740,Germany,STK003,Set de tasses ceramique,1,16.91,16.91
INV503915,2023-12-09,10740,Germany,STK011,Plateau en bambou,1,21.35,21.35
INV503915,2023-12-09,10740,Germany,STK001,Lampe de bureau design,1,25.23,25.23
INV503916,2023-08-17,10740,Germany,STK002,Coussin en lin,1,16.01,16.01
INV503916,2023-08-17,10740,Germany,STK009,Vase en verre,5,19.95,99.75
INV503916,2023-08-17,10740,Germany,STK007,Panier de rangement,5,18.35,91.75
INV503917,2023-02-04,10740,Germany,STK011,Plateau en bambou,2,15.52,31.04
INV503917,2023-02-04,10740,Germany,STK008,Tapis de bain,1,19.13,19.13
INV503917,2023-02-04,10740,Germany,STK003,Set de tasses ceramique,4,15.24,60.96
INV503917,2023-02-04,10740,Germany,STK007,Panier de rangement,2,24.18,48.36
INV503918,2023-04-11,10740,Germany,STK011,Plateau en bambou,3,25.22,75.66
INV503918,2023-04-11,10740,Germany,STK009,Vase en verre,4,13.18,52.72
INV503918,2023-04-11,10740,Germany,STK006,Cadre photo bois,4,7.57,30.28
INV503919,2023-03-21,10741,Belgium,STK009,Vase en verre,5,19.0,95.0
INV503919,2023-03-21,10741,Belgium,STK010,Guirlande lumineuse,1,11.06,11.06
INV503919,2023-03-21,10741,Belgium,STK006,Cadre photo bois,5,11.08,55.4
INV503919,2023-03-21,10741,Belgium,STK009,Vase en verre,2,17.18,34.36
INV503920,2023-08-13,10741,Belgium,STK009,Vase en verre,3,23.02,69.06
INV503921,2023-05-21,10741,Belgium,STK001,Lampe de bureau design,5,25.79,128.95
INV503921,2023-05-21,10741,Belgium,STK007,Panier de rangement,3,22.66,67.98
INV503922,2023-05-14,10742,France,STK006,Cadre photo bois,2,10.12,20.24
INV503922,2023-05-14,10742,France,STK010,Guirlande lumineuse,1,12.26,12.26
INV503923,2023-07-10,10742,France,STK008,Tapis de bain,3,25.49,76.47
INV503924,2023-04-21,10742,France,STK002,Coussin en lin,2,16.42,32.84
INV503924,2023-04-21,10742,France,STK008,Tapis de bain,2,28.68,57.36
INV503924,2023-04-21,10742,France,STK007,Panier de rangement,4,26.52,106.08
INV503925,2023-02-02,10742,France,STK005,Bougie parfumee,4,12.96,51.84
INV503925,2023-02-02,10742,France,STK001,Lampe de bureau design,2,25.65,51.3
INV503925,2023-02-02,10742,France,STK001,Lampe de bureau design,5,21.9,109.5
INV503925,2023-02-02,10742,France,STK012,Miroir mural rond,2,42.98,85.96
INV503926,2023-12-03,10743,Netherlands,STK008,Tapis de bain,4,33.27,133.08
INV503926,2023-12-03,10743,Netherlands,STK005,Bougie parfumee,4,11.95,47.8
INV503926,2023-12-03,10743,Netherlands,STK009,Vase en verre,2,16.13,32.26
INV503926,2023-12-03,10743,Netherlands,STK006,Cadre photo bois,5,9.55,47.75
INV503927,2023-07-18,10743,Netherlands,STK011,Plateau en bambou,3,27.63,82.89
INV503927,2023-07-18,10743,Netherlands,STK001,Lampe de bureau design,1,25.72,25.72
INV503927,2023-07-18,10743,Netherlands,STK010,Guirlande lumineuse,1,14.69,14.69
INV503928,2023-07-03,10743,Netherlands,STK002,Coussin en lin,3,18.35,55.050000000000004
INV503928,2023-07-03,10743,Netherlands,STK002,Coussin en lin,2,17.76,35.52
INV503928,2023-07-03,10743,Netherlands,STK005,Bougie parfumee,3,11.46,34.38
INV503928,2023-07-03,10743,Netherlands,STK007,Panier de rangement,1,21.11,21.11
INV503929,2023-07-29,10743,Netherlands,STK007,Panier de rangement,3,17.09,51.269999999999996
INV503930,2023-01-10,10743,Netherlands,STK009,Vase en verre,5,21.29,106.44999999999999
INV503931,2023-10-13,10743,Netherlands,STK001,Lampe de bureau design,1,27.56,27.56
INV503931,2023-10-13,10743,Netherlands,STK007,Panier de rangement,4,25.25,101.0
INV503932,2023-12-30,10743,Netherlands,STK001,Lampe de bureau design,2,26.82,53.64
INV503932,2023-12-30,10743,Netherlands,STK005,Bougie parfumee,2,9.87,19.74
INV503932,2023-12-30,10743,Netherlands,STK005,Bougie parfumee,3,13.58,40.74
INV503933,2023-09-26,10743,Netherlands,STK003,Set de tasses ceramique,5,17.51,87.55000000000001
INV503933,2023-09-26,10743,Netherlands,STK006,Cadre photo bois,3,9.79,29.369999999999997
INV503933,2023-09-26,10743,Netherlands,STK008,Tapis de bain,3,28.17,84.51
INV503933,2023-09-26,10743,Netherlands,STK004,Plaid tricote,1,37.49,37.49
INV503934,2023-09-04,10743,Netherlands,STK005,Bougie parfumee,5,10.96,54.800000000000004
INV503934,2023-09-04,10743,Netherlands,STK008,Tapis de bain,4,31.89,127.56
INV503934,2023-09-04,10743,Netherlands,STK003,Set de tasses ceramique,5,12.88,64.4
INV503934,2023-09-04,10743,Netherlands,STK010,Guirlande lumineuse,3,16.68,50.04
INV503935,2023-09-12,10744,France,STK009,Vase en verre,5,21.6,108.0
INV503936,2023-06-30,10744,France,STK007,Panier de rangement,4,23.16,92.64
INV503936,2023-06-30,10744,France,STK008,Tapis de bain,2,31.89,63.78
INV503937,2023-10-03,10744,France,STK008,Tapis de bain,5,23.58,117.89999999999999
INV503937,2023-10-03,10744,France,STK009,Vase en verre,4,19.45,77.8
INV503937,2023-10-03,10744,France,STK012,Miroir mural rond,2,48.46,96.92
INV503937,2023-10-03,10744,France,STK005,Bougie parfumee,5,10.96,54.800000000000004
INV503938,2023-05-11,10744,France,STK009,Vase en verre,4,22.74,90.96
INV503939,2023-08-29,10744,France,STK002,Coussin en lin,2,19.65,39.3
INV503939,2023-08-29,10744,France,STK012,Miroir mural rond,2,53.04,106.08
INV503940,2023-06-11,10744,France,STK009,Vase en verre,5,14.88,74.4
INV503940,2023-06-11,10744,France,STK011,Plateau en bambou,4,22.72,90.88
INV503941,2023-06-05,10744,France,STK010,Guirlande lumineuse,4,12.79,51.16
INV503942,2023-07-31,10745,Belgium,STK011,Plateau en bambou,5,26.19,130.95000000000002
INV503942,2023-07-31,10745,Belgium,STK002,Coussin en lin,4,14.74,58.96
INV503942,2023-07-31,10745,Belgium,STK012,Miroir mural rond,2,41.45,82.9
INV503942,2023-07-31,10745,Belgium,STK008,Tapis de bain,3,27.67,83.01
INV503943,2023-12-07,10745,Belgium,STK010,Guirlande lumineuse,3,11.41,34.230000000000004
INV503943,2023-12-07,10745,Belgium,STK005,Bougie parfumee,5,16.17,80.85000000000001
INV503944,2023-11-06,10745,Belgium,STK006,Cadre photo bois,1,10.59,10.59
INV503945,2023-09-05,10745,Belgium,STK009,Vase en verre,3,16.32,48.96
INV503945,2023-09-05,10745,Belgium,STK005,Bougie parfumee,1,14.06,14.06
INV503945,2023-09-05,10745,Belgium,STK010,Guirlande lumineuse,3,14.98,44.94
INV503945,2023-09-05,10745,Belgium,STK007,Panier de rangement,5,17.74,88.69999999999999
INV503946,2023-09-05,10745,Belgium,STK004,Plaid tricote,4,37.48,149.92
INV503946,2023-09-05,10745,Belgium,STK001,Lampe de bureau design,1,25.65,25.65
INV503946,2023-09-05,10745,Belgium,STK005,Bougie parfumee,2,11.53,23.06
INV503946,2023-09-05,10745,Belgium,STK003,Set de tasses ceramique,2,14.07,28.14
INV503947,2023-11-28,10746,France,STK002,Coussin en lin,4,15.19,60.76
INV503948,2023-07-10,10746,France,STK001,Lampe de bureau design,2,23.37,46.74
INV503948,2023-07-10,10746,France,STK004,Plaid tricote,2,35.07,70.14
INV503948,2023-07-10,10746,France,STK002,Coussin en lin,3,19.5,58.5
INV503948,2023-07-10,10746,France,STK005,Bougie parfumee,3,12.5,37.5
INV503949,2023-08-28,10746,France,STK009,Vase en verre,5,24.18,120.9
INV503949,2023-08-28,10746,France,STK003,Set de tasses ceramique,1,12.69,12.69
INV503949,2023-08-28,10746,France,STK007,Panier de rangement,3,23.26,69.78
INV503949,2023-08-28,10746,France,STK011,Plateau en bambou,1,16.21,16.21
INV503950,2023-01-16,10746,France,STK008,Tapis de bain,3,22.02,66.06
INV503950,2023-01-16,10746,France,STK012,Miroir mural rond,1,43.22,43.22
INV503951,2023-04-21,10746,France,STK011,Plateau en bambou,1,18.56,18.56
INV503951,2023-04-21,10746,France,STK002,Coussin en lin,4,18.01,72.04
INV503952,2023-12-22,10746,France,STK005,Bougie parfumee,2,12.4,24.8
INV503952,2023-12-22,10746,France,STK012,Miroir mural rond,3,40.67,122.01
INV503953,2023-12-14,10746,France,STK007,Panier de rangement,5,21.0,105.0
INV503953,2023-12-14,10746,France,STK007,Panier de rangement,5,24.78,123.9
INV503954,2023-05-14,10747,Italy,STK010,Guirlande lumineuse,1,10.03,10.03
INV503955,2023-10-10,10747,Italy,STK004,Plaid tricote,5,27.83,139.14999999999998
INV503955,2023-10-10,10747,Italy,STK009,Vase en verre,2,26.05,52.1
INV503956,2023-12-07,10747,Italy,STK008,Tapis de bain,3,19.27,57.81
INV503956,2023-12-07,10747,Italy,STK002,Coussin en lin,2,13.72,27.44
INV503957,2023-02-11,10747,Italy,STK006,Cadre photo bois,3,10.53,31.589999999999996
INV503957,2023-02-11,10747,Italy,STK006,Cadre photo bois,1,11.12,11.12
INV503957,2023-02-11,10747,Italy,STK004,Plaid tricote,2,30.18,60.36
INV503957,2023-02-11,10747,Italy,STK006,Cadre photo bois,3,13.99,41.97
INV503958,2023-08-30,10747,Italy,STK009,Vase en verre,4,16.73,66.92
INV503958,2023-08-30,10747,Italy,STK010,Guirlande lumineuse,1,14.51,14.51
INV503958,2023-08-30,10747,Italy,STK006,Cadre photo bois,2,10.75,21.5
INV503959,2023-05-22,10747,Italy,STK003,Set de tasses ceramique,2,16.58,33.16
INV503959,2023-05-22,10747,Italy,STK006,Cadre photo bois,3,9.54,28.619999999999997
INV503959,2023-05-22,10747,Italy,STK004,Plaid tricote,4,31.07,124.28
INV503959,2023-05-22,10747,Italy,STK007,Panier de rangement,1,23.25,23.25
INV503960,2023-10-30,10747,Italy,STK005,Bougie parfumee,5,13.03,65.14999999999999
INV503960,2023-10-30,10747,Italy,STK004,Plaid tricote,3,28.53,85.59
INV503961,2023-09-20,10747,Italy,STK007,Panier de rangement,3,17.86,53.58
INV503962,2023-11-11,10747,Italy,STK005,Bougie parfumee,2,8.16,16.32
INV503962,2023-11-11,10747,Italy,STK011,Plateau en bambou,3,19.8,59.400000000000006
INV503963,2023-06-01,10747,Italy,STK003,Set de tasses ceramique,1,16.39,16.39
INV503964,2023-03-18,10747,Italy,STK003,Set de tasses ceramique,5,15.49,77.45
INV503964,2023-03-18,10747,Italy,STK006,Cadre photo bois,5,8.28,41.4
INV503965,2023-09-02,10747,Italy,STK001,Lampe de bureau design,5,19.26,96.30000000000001
INV503965,2023-09-02,10747,Italy,STK007,Panier de rangement,5,19.44,97.2
INV503965,2023-09-02,10747,Italy,STK009,Vase en verre,2,20.59,41.18
INV503965,2023-09-02,10747,Italy,STK005,Bougie parfumee,2,13.22,26.44
INV503966,2023-12-02,10747,Italy,STK005,Bougie parfumee,1,12.64,12.64
INV503967,2023-10-14,10747,Italy,STK010,Guirlande lumineuse,3,17.31,51.92999999999999
INV503967,2023-10-14,10747,Italy,STK009,Vase en verre,5,24.88,124.39999999999999
INV503967,2023-10-14,10747,Italy,STK001,Lampe de bureau design,5,28.02,140.1
INV503968,2023-09-28,10747,Italy,STK002,Coussin en lin,1,22.43,22.43
INV503968,2023-09-28,10747,Italy,STK002,Coussin en lin,1,18.69,18.69
INV503969,2023-10-08,10747,Italy,STK005,Bougie parfumee,1,14.13,14.13
INV503970,2023-07-16,10747,Italy,STK010,Guirlande lumineuse,4,13.65,54.6
INV503971,2023-01-02,10747,Italy,STK005,Bougie parfumee,2,8.93,17.86
INV503971,2023-01-02,10747,Italy,STK007,Panier de rangement,1,17.22,17.22
INV503971,2023-01-02,10747,Italy,STK009,Vase en verre,2,18.24,36.48
INV503972,2023-11-14,10748,France,STK007,Panier de rangement,5,24.02,120.1
INV503972,2023-11-14,10748,France,STK012,Miroir mural rond,4,41.33,165.32
INV503972,2023-11-14,10748,France,STK001,Lampe de bureau design,3,26.25,78.75
INV503973,2023-08-04,10748,France,STK005,Bougie parfumee,3,12.4,37.2
INV503973,2023-08-04,10748,France,STK006,Cadre photo bois,1,9.45,9.45
INV503974,2023-01-16,10748,France,STK007,Panier de rangement,5,18.61,93.05
INV503974,2023-01-16,10748,France,STK011,Plateau en bambou,3,21.04,63.12
INV503974,2023-01-16,10748,France,STK001,Lampe de bureau design,1,24.86,24.86
INV503975,2023-04-17,10748,France,STK006,Cadre photo bois,3,12.54,37.62
INV503975,2023-04-17,10748,France,STK006,Cadre photo bois,1,13.8,13.8
INV503975,2023-04-17,10748,France,STK001,Lampe de bureau design,4,23.47,93.88
INV503976,2023-11-28,10749,France,STK008,Tapis de bain,2,23.45,46.9
INV503976,2023-11-28,10749,France,STK011,Plateau en bambou,1,20.24,20.24
INV503976,2023-11-28,10749,France,STK007,Panier de rangement,3,14.82,44.46
INV503976,2023-11-28,10749,France,STK003,Set de tasses ceramique,5,14.9,74.5
INV503977,2023-09-15,10749,France,STK009,Vase en verre,4,22.59,90.36
INV503977,2023-09-15,10749,France,STK011,Plateau en bambou,1,20.44,20.44
INV503978,2023-12-30,10749,France,STK005,Bougie parfumee,2,15.54,31.08
INV503979,2023-10-25,10749,France,STK001,Lampe de bureau design,1,20.7,20.7
INV503979,2023-10-25,10749,France,STK010,Guirlande lumineuse,4,12.1,48.4
INV503979,2023-10-25,10749,France,STK005,Bougie parfumee,5,11.9,59.5
INV503980,2023-02-11,10749,France,STK005,Bougie parfumee,4,14.81,59.24
INV503981,2023-12-06,10749,France,STK009,Vase en verre,3,20.04,60.12
INV503981,2023-12-06,10749,France,STK003,Set de tasses ceramique,5,12.69,63.449999999999996
INV503981,2023-12-06,10749,France,STK011,Plateau en bambou,3,10.73,32.19
INV503981,2023-12-06,10749,France,STK005,Bougie parfumee,1,14.98,14.98
INV503982,2023-03-07,10749,France,STK004,Plaid tricote,1,27.5,27.5
INV503982,2023-03-07,10749,France,STK008,Tapis de bain,5,23.3,116.5
INV503983,2023-07-31,10749,France,STK007,Panier de rangement,2,21.92,43.84
INV503983,2023-07-31,10749,France,STK012,Miroir mural rond,3,38.69,116.07
INV503983,2023-07-31,10749,France,STK006,Cadre photo bois,4,7.64,30.56
INV503984,2023-07-05,10749,France,STK005,Bougie parfumee,5,12.71,63.550000000000004
INV503984,2023-07-05,10749,France,STK005,Bougie parfumee,3,11.58,34.74
INV503984,2023-07-05,10749,France,STK008,Tapis de bain,5,35.69,178.45
INV503985,2023-07-20,10749,France,STK006,Cadre photo bois,1,11.37,11.37
INV503985,2023-07-20,10749,France,STK002,Coussin en lin,3,17.3,51.900000000000006
INV503985,2023-07-20,10749,France,STK009,Vase en verre,2,20.02,40.04
INV503986,2023-02-06,10750,Italy,STK011,Plateau en bambou,3,18.98,56.94
INV503986,2023-02-06,10750,Italy,STK003,Set de tasses ceramique,5,15.96,79.80000000000001
INV503986,2023-02-06,10750,Italy,STK006,Cadre photo bois,2,10.19,20.38
INV503987,2023-04-10,10751,Netherlands,STK003,Set de tasses ceramique,2,14.33,28.66
INV503987,2023-04-10,10751,Netherlands,STK012,Miroir mural rond,1,36.22,36.22
INV503988,2023-05-10,10752,Italy,STK009,Vase en verre,3,20.83,62.489999999999995
INV503988,2023-05-10,10752,Italy,STK003,Set de tasses ceramique,2,16.77,33.54
INV503988,2023-05-10,10752,Italy,STK012,Miroir mural rond,5,36.77,183.85000000000002
INV503989,2023-11-25,10752,Italy,STK012,Miroir mural rond,4,38.82,155.28
INV503989,2023-11-25,10752,Italy,STK011,Plateau en bambou,1,27.02,27.02
INV503989,2023-11-25,10752,Italy,STK011,Plateau en bambou,5,25.29,126.44999999999999
INV503989,2023-11-25,10752,Italy,STK003,Set de tasses ceramique,3,12.27,36.81
INV503990,2023-12-29,10752,Italy,STK006,Cadre photo bois,1,9.61,9.61
INV503991,2023-07-02,10752,Italy,STK011,Plateau en bambou,4,26.08,104.32
INV503991,2023-07-02,10752,Italy,STK010,Guirlande lumineuse,4,8.36,33.44
INV503992,2023-06-24,10753,Spain,STK006,Cadre photo bois,1,10.88,10.88
INV503992,2023-06-24,10753,Spain,STK006,Cadre photo bois,5,9.6,48.0
INV503992,2023-06-24,10753,Spain,STK008,Tapis de bain,2,25.26,50.52
INV503993,2023-08-12,10753,Spain,STK010,Guirlande lumineuse,4,13.62,54.48
INV503993,2023-08-12,10753,Spain,STK005,Bougie parfumee,5,12.16,60.8
INV503994,2023-12-27,10753,Spain,STK004,Plaid tricote,4,34.02,136.08
INV503995,2023-05-14,10753,Spain,STK003,Set de tasses ceramique,5,13.2,66.0
INV503995,2023-05-14,10753,Spain,STK003,Set de tasses ceramique,2,11.77,23.54
INV503995,2023-05-14,10753,Spain,STK008,Tapis de bain,2,26.38,52.76
INV503996,2023-06-24,10753,Spain,STK001,Lampe de bureau design,3,23.55,70.65
INV503997,2023-09-26,10753,Spain,STK010,Guirlande lumineuse,4,17.37,69.48
INV503997,2023-09-26,10753,Spain,STK002,Coussin en lin,3,15.74,47.22
INV503997,2023-09-26,10753,Spain,STK012,Miroir mural rond,3,43.52,130.56
INV503997,2023-09-26,10753,Spain,STK004,Plaid tricote,3,24.92,74.76
INV503998,2023-11-14,10753,Spain,STK006,Cadre photo bois,1,8.51,8.51
INV503999,2023-10-23,10754,France,STK004,Plaid tricote,1,22.22,22.22
INV504000,2023-06-28,10754,France,STK002,Coussin en lin,2,20.18,40.36
INV504000,2023-06-28,10754,France,STK011,Plateau en bambou,2,18.8,37.6
INV504001,2023-08-05,10754,France,STK008,Tapis de bain,4,27.62,110.48
INV504002,2023-11-10,10754,France,STK006,Cadre photo bois,1,7.31,7.31
INV504003,2023-02-28,10754,France,STK012,Miroir mural rond,4,39.99,159.96
INV504003,2023-02-28,10754,France,STK004,Plaid tricote,1,26.69,26.69
INV504004,2023-11-29,10754,France,STK004,Plaid tricote,3,19.18,57.54
INV504005,2023-02-27,10754,France,STK009,Vase en verre,1,18.9,18.9
INV504006,2023-12-18,10754,France,STK009,Vase en verre,3,23.79,71.37
INV504007,2023-07-15,10754,France,STK011,Plateau en bambou,2,22.94,45.88
INV504007,2023-07-15,10754,France,STK010,Guirlande lumineuse,4,16.25,65.0
INV504008,2023-12-14,10754,France,STK011,Plateau en bambou,5,24.57,122.85
INV504008,2023-12-14,10754,France,STK012,Miroir mural rond,5,38.05,190.25
INV504008,2023-12-14,10754,France,STK011,Plateau en bambou,1,22.94,22.94
INV504008,2023-12-14,10754,France,STK008,Tapis de bain,2,22.42,44.84
INV504009,2023-11-22,10754,France,STK001,Lampe de bureau design,4,24.65,98.6
INV504010,2023-07-02,10755,France,STK011,Plateau en bambou,5,20.58,102.89999999999999
INV504010,2023-07-02,10755,France,STK002,Coussin en lin,1,20.22,20.22
INV504011,2023-02-09,10755,France,STK012,Miroir mural rond,4,36.07,144.28
INV504012,2023-03-16,10755,France,STK003,Set de tasses ceramique,5,15.14,75.7
INV504012,2023-03-16,10755,France,STK004,Plaid tricote,1,35.72,35.72
INV504013,2023-11-14,10755,France,STK010,Guirlande lumineuse,3,12.08,36.24
INV504014,2023-01-24,10755,France,STK010,Guirlande lumineuse,5,12.25,61.25
INV504014,2023-01-24,10755,France,STK002,Coussin en lin,4,19.89,79.56
INV504014,2023-01-24,10755,France,STK003,Set de tasses ceramique,2,16.67,33.34
INV504015,2023-04-25,10755,France,STK011,Plateau en bambou,2,16.8,33.6
INV504015,2023-04-25,10755,France,STK001,Lampe de bureau design,4,22.81,91.24
INV504016,2023-02-28,10755,France,STK007,Panier de rangement,4,18.03,72.12
INV504016,2023-02-28,10755,France,STK008,Tapis de bain,5,24.06,120.3
INV504017,2023-07-05,10756,France,STK006,Cadre photo bois,1,9.77,9.77
INV504017,2023-07-05,10756,France,STK005,Bougie parfumee,5,13.67,68.35
INV504018,2023-08-28,10756,France,STK005,Bougie parfumee,2,11.49,22.98
INV504019,2023-05-10,10756,France,STK011,Plateau en bambou,3,25.95,77.85
INV504019,2023-05-10,10756,France,STK008,Tapis de bain,5,24.0,120.0
INV504019,2023-05-10,10756,France,STK004,Plaid tricote,3,41.55,124.64999999999999
INV504020,2023-06-23,10756,France,STK006,Cadre photo bois,2,11.92,23.84
INV504020,2023-06-23,10756,France,STK005,Bougie parfumee,5,16.67,83.35000000000001
INV504020,2023-06-23,10756,France,STK009,Vase en verre,3,20.77,62.31
INV504021,2023-12-22,10756,France,STK008,Tapis de bain,1,19.24,19.24
INV504021,2023-12-22,10756,France,STK010,Guirlande lumineuse,4,11.07,44.28
INV504022,2023-05-09,10756,France,STK012,Miroir mural rond,2,41.62,83.24
INV504022,2023-05-09,10756,France,STK006,Cadre photo bois,2,8.38,16.76
INV504022,2023-05-09,10756,France,STK006,Cadre photo bois,2,12.15,24.3
INV504022,2023-05-09,10756,France,STK002,Coussin en lin,1,18.75,18.75
INV504023,2023-08-24,10756,France,STK004,Plaid tricote,3,30.55,91.65
INV504024,2023-10-15,10756,France,STK004,Plaid tricote,3,33.57,100.71000000000001
INV504025,2023-04-04,10756,France,STK012,Miroir mural rond,5,29.72,148.6
INV504025,2023-04-04,10756,France,STK010,Guirlande lumineuse,4,15.06,60.24
INV504025,2023-04-04,10756,France,STK008,Tapis de bain,2,29.51,59.02
INV504025,2023-04-04,10756,France,STK010,Guirlande lumineuse,4,15.39,61.56
INV504026,2023-06-21,10756,France,STK007,Panier de rangement,5,24.31,121.55
INV504027,2023-07-07,10756,France,STK006,Cadre photo bois,1,11.43,11.43
INV504027,2023-07-07,10756,France,STK006,Cadre photo bois,4,8.46,33.84
INV504027,2023-07-07,10756,France,STK006,Cadre photo bois,4,8.66,34.64
INV504027,2023-07-07,10756,France,STK008,Tapis de bain,1,32.96,32.96
INV504028,2023-02-14,10757,France,STK012,Miroir mural rond,1,48.63,48.63
INV504029,2023-08-10,10757,France,STK011,Plateau en bambou,1,20.39,20.39
INV504029,2023-08-10,10757,France,STK004,Plaid tricote,1,32.73,32.73
INV504029,2023-08-10,10757,France,STK008,Tapis de bain,4,28.53,114.12
INV504029,2023-08-10,10757,France,STK001,Lampe de bureau design,2,29.66,59.32
INV504030,2023-08-29,10757,France,STK004,Plaid tricote,5,31.78,158.9
INV504030,2023-08-29,10757,France,STK006,Cadre photo bois,4,9.43,37.72
INV504030,2023-08-29,10757,France,STK004,Plaid tricote,3,34.08,102.24
INV504031,2023-01-06,10757,France,STK006,Cadre photo bois,1,8.41,8.41
INV504031,2023-01-06,10757,France,STK005,Bougie parfumee,4,15.6,62.4
INV504032,2023-10-15,10757,France,STK008,Tapis de bain,1,22.83,22.83
INV504032,2023-10-15,10757,France,STK003,Set de tasses ceramique,5,17.33,86.64999999999999
INV504032,2023-10-15,10757,France,STK003,Set de tasses ceramique,4,14.7,58.8
INV504032,2023-10-15,10757,France,STK004,Plaid tricote,2,35.44,70.88
INV504033,2023-08-24,10757,France,STK005,Bougie parfumee,1,12.47,12.47
INV504033,2023-08-24,10757,France,STK009,Vase en verre,2,21.43,42.86
INV504033,2023-08-24,10757,France,STK007,Panier de rangement,2,19.99,39.98
INV504034,2023-08-24,10757,France,STK012,Miroir mural rond,2,47.45,94.9
INV504034,2023-08-24,10757,France,STK002,Coussin en lin,5,23.13,115.64999999999999
INV504034,2023-08-24,10757,France,STK001,Lampe de bureau design,2,26.98,53.96
INV504035,2023-05-31,10758,Portugal,STK003,Set de tasses ceramique,5,14.35,71.75
INV504035,2023-05-31,10758,Portugal,STK001,Lampe de bureau design,1,30.06,30.06
INV504036,2023-05-29,10758,Portugal,STK009,Vase en verre,1,21.18,21.18
INV504037,2023-09-07,10758,Portugal,STK004,Plaid tricote,3,33.38,100.14000000000001
INV504037,2023-09-07,10758,Portugal,STK008,Tapis de bain,3,28.49,85.47
INV504037,2023-09-07,10758,Portugal,STK003,Set de tasses ceramique,3,11.95,35.849999999999994
INV504038,2023-03-03,10758,Portugal,STK001,Lampe de bureau design,4,30.44,121.76
INV504038,2023-03-03,10758,Portugal,STK011,Plateau en bambou,5,19.26,96.30000000000001
INV504038,2023-03-03,10758,Portugal,STK005,Bougie parfumee,4,14.93,59.72
INV504038,2023-03-03,10758,Portugal,STK002,Coussin en lin,4,18.72,74.88
INV504039,2023-01-29,10758,Portugal,STK006,Cadre photo bois,4,10.04,40.16
INV504039,2023-01-29,10758,Portugal,STK001,Lampe de bureau design,2,18.68,37.36
INV504039,2023-01-29,10758,Portugal,STK003,Set de tasses ceramique,3,21.81,65.42999999999999
INV504040,2023-09-09,10759,France,STK012,Miroir mural rond,1,39.75,39.75
INV504040,2023-09-09,10759,France,STK004,Plaid tricote,2,24.97,49.94
INV504040,2023-09-09,10759,France,STK005,Bougie parfumee,5,10.65,53.25
INV504040,2023-09-09,10759,France,STK001,Lampe de bureau design,3,24.75,74.25
INV504041,2023-02-12,10759,France,STK008,Tapis de bain,5,19.94,99.7
INV504041,2023-02-12,10759,France,STK004,Plaid tricote,5,34.17,170.85000000000002
INV504041,2023-02-12,10759,France,STK009,Vase en verre,3,21.77,65.31
INV504041,2023-02-12,10759,France,STK011,Plateau en bambou,4,22.84,91.36
INV504042,2023-10-17,10759,France,STK002,Coussin en lin,1,19.91,19.91
INV504042,2023-10-17,10759,France,STK003,Set de tasses ceramique,3,19.88,59.64
INV504042,2023-10-17,10759,France,STK012,Miroir mural rond,5,27.85,139.25
INV504043,2023-08-15,10759,France,STK010,Guirlande lumineuse,3,10.92,32.76
INV504044,2023-04-21,10760,France,STK005,Bougie parfumee,2,15.18,30.36
INV504045,2023-07-25,10760,France,STK002,Coussin en lin,1,14.7,14.7
INV504045,2023-07-25,10760,France,STK002,Coussin en lin,4,13.92,55.68
INV504045,2023-07-25,10760,France,STK003,Set de tasses ceramique,1,14.68,14.68
INV504046,2023-09-09,10760,France,STK007,Panier de rangement,3,18.16,54.480000000000004
INV504047,2023-01-15,10760,France,STK006,Cadre photo bois,4,9.67,38.68
INV504047,2023-01-15,10760,France,STK009,Vase en verre,2,19.79,39.58
INV504047,2023-01-15,10760,France,STK003,Set de tasses ceramique,2,14.46,28.92
INV504048,2023-05-23,10760,France,STK002,Coussin en lin,1,20.34,20.34
INV504048,2023-05-23,10760,France,STK003,Set de tasses ceramique,3,16.1,48.300000000000004
INV504048,2023-05-23,10760,France,STK005,Bougie parfumee,3,10.22,30.660000000000004
INV504049,2023-04-19,10760,France,STK008,Tapis de bain,5,28.79,143.95
INV504049,2023-04-19,10760,France,STK009,Vase en verre,4,18.39,73.56
INV504050,2023-12-27,10761,France,STK006,Cadre photo bois,4,9.88,39.52
INV504050,2023-12-27,10761,France,STK006,Cadre photo bois,1,9.55,9.55
INV504050,2023-12-27,10761,France,STK003,Set de tasses ceramique,3,17.8,53.400000000000006
INV504051,2023-09-12,10762,France,STK012,Miroir mural rond,3,38.88,116.64000000000001
INV504052,2023-06-12,10762,France,STK003,Set de tasses ceramique,2,14.83,29.66
INV504052,2023-06-12,10762,France,STK005,Bougie parfumee,3,13.48,40.44
INV504052,2023-06-12,10762,France,STK010,Guirlande lumineuse,1,13.25,13.25
INV504052,2023-06-12,10762,France,STK003,Set de tasses ceramique,2,14.58,29.16
INV504053,2023-09-03,10762,France,STK006,Cadre photo bois,5,11.82,59.1
INV504053,2023-09-03,10762,France,STK006,Cadre photo bois,1,12.0,12.0
INV504053,2023-09-03,10762,France,STK010,Guirlande lumineuse,3,11.12,33.36
INV504054,2023-10-04,10762,France,STK007,Panier de rangement,4,22.83,91.32
INV504054,2023-10-04,10762,France,STK009,Vase en verre,2,21.67,43.34
INV504055,2023-07-15,10763,France,STK005,Bougie parfumee,3,12.89,38.67
INV504055,2023-07-15,10763,France,STK011,Plateau en bambou,4,26.91,107.64
INV504055,2023-07-15,10763,France,STK007,Panier de rangement,2,20.36,40.72
INV504055,2023-07-15,10763,France,STK003,Set de tasses ceramique,3,14.27,42.81
INV504056,2023-11-30,10763,France,STK005,Bougie parfumee,1,9.54,9.54
INV504056,2023-11-30,10763,France,STK009,Vase en verre,1,28.05,28.05
INV504057,2023-09-05,10763,France,STK003,Set de tasses ceramique,3,17.25,51.75
INV504057,2023-09-05,10763,France,STK006,Cadre photo bois,2,11.3,22.6
INV504057,2023-09-05,10763,France,STK001,Lampe de bureau design,4,23.68,94.72
INV504057,2023-09-05,10763,France,STK002,Coussin en lin,2,21.59,43.18
INV504058,2023-07-02,10763,France,STK012,Miroir mural rond,3,49.16,147.48
INV504058,2023-07-02,10763,France,STK011,Plateau en bambou,5,23.63,118.14999999999999
INV504058,2023-07-02,10763,France,STK008,Tapis de bain,4,22.9,91.6
INV504058,2023-07-02,10763,France,STK012,Miroir mural rond,5,34.11,170.55
INV504059,2023-08-11,10763,France,STK011,Plateau en bambou,3,22.43,67.28999999999999
INV504059,2023-08-11,10763,France,STK009,Vase en verre,5,19.48,97.4
INV504059,2023-08-11,10763,France,STK011,Plateau en bambou,5,22.0,110.0
INV504060,2023-12-27,10763,France,STK001,Lampe de bureau design,1,24.41,24.41
INV504060,2023-12-27,10763,France,STK009,Vase en verre,5,18.44,92.2
INV504060,2023-12-27,10763,France,STK008,Tapis de bain,3,20.06,60.17999999999999
INV504060,2023-12-27,10763,France,STK002,Coussin en lin,5,18.44,92.2
INV504061,2023-07-29,10763,France,STK004,Plaid tricote,5,27.63,138.15
INV504061,2023-07-29,10763,France,STK010,Guirlande lumineuse,2,14.27,28.54
INV504062,2023-06-28,10763,France,STK012,Miroir mural rond,3,45.66,136.98
INV504062,2023-06-28,10763,France,STK005,Bougie parfumee,2,11.0,22.0
INV504062,2023-06-28,10763,France,STK003,Set de tasses ceramique,3,15.68,47.04
INV504062,2023-06-28,10763,France,STK012,Miroir mural rond,2,33.35,66.7
INV504063,2023-07-29,10763,France,STK007,Panier de rangement,4,25.11,100.44
INV504063,2023-07-29,10763,France,STK002,Coussin en lin,4,19.02,76.08
INV504063,2023-07-29,10763,France,STK004,Plaid tricote,3,25.26,75.78
INV504064,2023-12-27,10763,France,STK007,Panier de rangement,3,20.23,60.69
INV504064,2023-12-27,10763,France,STK007,Panier de rangement,2,15.67,31.34
INV504064,2023-12-27,10763,France,STK003,Set de tasses ceramique,4,11.59,46.36
INV504065,2023-03-28,10763,France,STK012,Miroir mural rond,4,36.79,147.16
INV504066,2023-05-23,10763,France,STK005,Bougie parfumee,3,12.92,38.76
INV504066,2023-05-23,10763,France,STK003,Set de tasses ceramique,3,17.01,51.03
INV504066,2023-05-23,10763,France,STK011,Plateau en bambou,1,22.9,22.9
INV504067,2023-11-04,10763,France,STK009,Vase en verre,3,21.97,65.91
INV504067,2023-11-04,10763,France,STK009,Vase en verre,2,26.47,52.94
INV504067,2023-11-04,10763,France,STK012,Miroir mural rond,5,44.63,223.15
INV504068,2023-05-12,10763,France,STK010,Guirlande lumineuse,4,14.76,59.04
INV504068,2023-05-12,10763,France,STK006,Cadre photo bois,1,9.35,9.35
INV504068,2023-05-12,10763,France,STK001,Lampe de bureau design,4,29.83,119.32
INV504068,2023-05-12,10763,France,STK004,Plaid tricote,4,22.94,91.76
INV504069,2023-09-04,10763,France,STK005,Bougie parfumee,4,14.54,58.16
INV504069,2023-09-04,10763,France,STK008,Tapis de bain,2,23.4,46.8
INV504070,2023-12-19,10763,France,STK002,Coussin en lin,2,17.42,34.84
INV504070,2023-12-19,10763,France,STK003,Set de tasses ceramique,3,15.76,47.28
INV504070,2023-12-19,10763,France,STK010,Guirlande lumineuse,1,13.57,13.57
INV504071,2023-03-13,10764,France,STK012,Miroir mural rond,5,38.52,192.60000000000002
INV504072,2023-06-10,10764,France,STK007,Panier de rangement,3,19.23,57.69
INV504072,2023-06-10,10764,France,STK006,Cadre photo bois,5,10.59,52.95
INV504073,2023-11-23,10764,France,STK001,Lampe de bureau design,5,27.81,139.04999999999998
INV504073,2023-11-23,10764,France,STK005,Bougie parfumee,3,15.08,45.24
INV504073,2023-11-23,10764,France,STK004,Plaid tricote,3,34.39,103.17
INV504074,2023-07-24,10764,France,STK010,Guirlande lumineuse,5,10.79,53.949999999999996
INV504074,2023-07-24,10764,France,STK008,Tapis de bain,2,30.28,60.56
INV504074,2023-07-24,10764,France,STK007,Panier de rangement,3,20.51,61.53
INV504075,2023-09-15,10764,France,STK009,Vase en verre,2,17.95,35.9
INV504075,2023-09-15,10764,France,STK007,Panier de rangement,3,16.49,49.47
INV504075,2023-09-15,10764,France,STK003,Set de tasses ceramique,1,17.03,17.03
INV504076,2023-05-11,10764,France,STK011,Plateau en bambou,1,23.39,23.39
INV504076,2023-05-11,10764,France,STK008,Tapis de bain,3,30.67,92.01
INV504076,2023-05-11,10764,France,STK011,Plateau en bambou,1,25.25,25.25
INV504076,2023-05-11,10764,France,STK011,Plateau en bambou,1,19.62,19.62
INV504077,2023-01-23,10765,Italy,STK007,Panier de rangement,5,17.57,87.85
INV504077,2023-01-23,10765,Italy,STK010,Guirlande lumineuse,4,11.29,45.16
INV504077,2023-01-23,10765,Italy,STK008,Tapis de bain,3,29.6,88.80000000000001
INV504077,2023-01-23,10765,Italy,STK007,Panier de rangement,5,18.55,92.75
INV504078,2023-01-26,10765,Italy,STK011,Plateau en bambou,3,25.59,76.77
INV504079,2023-04-26,10765,Italy,STK008,Tapis de bain,2,28.54,57.08
INV504079,2023-04-26,10765,Italy,STK006,Cadre photo bois,1,10.98,10.98
INV504079,2023-04-26,10765,Italy,STK002,Coussin en lin,5,17.07,85.35
INV504079,2023-04-26,10765,Italy,STK009,Vase en verre,3,20.81,62.42999999999999
INV504080,2023-01-27,10765,Italy,STK002,Coussin en lin,5,16.78,83.9
INV504081,2023-04-13,10765,Italy,STK001,Lampe de bureau design,2,31.32,62.64
INV504081,2023-04-13,10765,Italy,STK002,Coussin en lin,1,18.81,18.81
INV504081,2023-04-13,10765,Italy,STK005,Bougie parfumee,1,16.68,16.68
INV504081,2023-04-13,10765,Italy,STK011,Plateau en bambou,5,23.42,117.10000000000001
INV504082,2023-03-14,10765,Italy,STK004,Plaid tricote,2,35.4,70.8
INV504082,2023-03-14,10765,Italy,STK009,Vase en verre,3,18.85,56.550000000000004
INV504082,2023-03-14,10765,Italy,STK010,Guirlande lumineuse,3,14.64,43.92
INV504082,2023-03-14,10765,Italy,STK012,Miroir mural rond,4,38.37,153.48
INV504083,2023-09-10,10766,Germany,STK006,Cadre photo bois,5,10.62,53.099999999999994
INV504083,2023-09-10,10766,Germany,STK003,Set de tasses ceramique,5,15.0,75.0
INV504084,2023-02-01,10766,Germany,STK002,Coussin en lin,2,19.47,38.94
INV504085,2023-06-06,10766,Germany,STK012,Miroir mural rond,4,37.92,151.68
INV504085,2023-06-06,10766,Germany,STK009,Vase en verre,4,18.14,72.56
INV504086,2023-02-28,10766,Germany,STK006,Cadre photo bois,3,10.86,32.58
INV504086,2023-02-28,10766,Germany,STK008,Tapis de bain,3,30.9,92.69999999999999
INV504086,2023-02-28,10766,Germany,STK011,Plateau en bambou,3,24.64,73.92
INV504086,2023-02-28,10766,Germany,STK004,Plaid tricote,5,32.97,164.85
INV504087,2023-11-07,10767,France,STK007,Panier de rangement,2,24.96,49.92
INV504087,2023-11-07,10767,France,STK007,Panier de rangement,1,19.07,19.07
INV504088,2023-06-15,10767,France,STK002,Coussin en lin,1,18.78,18.78
INV504088,2023-06-15,10767,France,STK012,Miroir mural rond,1,42.18,42.18
INV504088,2023-06-15,10767,France,STK007,Panier de rangement,4,19.25,77.0
INV504089,2023-08-11,10767,France,STK010,Guirlande lumineuse,1,15.33,15.33
INV504089,2023-08-11,10767,France,STK006,Cadre photo bois,5,9.78,48.9
INV504090,2023-12-16,10767,France,STK009,Vase en verre,3,22.11,66.33
INV504090,2023-12-16,10767,France,STK009,Vase en verre,4,14.72,58.88
INV504090,2023-12-16,10767,France,STK010,Guirlande lumineuse,5,13.03,65.14999999999999
INV504090,2023-12-16,10767,France,STK009,Vase en verre,1,21.61,21.61
INV504091,2023-09-28,10767,France,STK003,Set de tasses ceramique,2,16.02,32.04
INV504092,2023-01-10,10768,Spain,STK006,Cadre photo bois,2,11.83,23.66
INV504092,2023-01-10,10768,Spain,STK002,Coussin en lin,4,19.95,79.8
INV504093,2023-03-26,10768,Spain,STK005,Bougie parfumee,3,14.08,42.24
INV504093,2023-03-26,10768,Spain,STK007,Panier de rangement,1,29.66,29.66
INV504093,2023-03-26,10768,Spain,STK011,Plateau en bambou,5,26.92,134.60000000000002
INV504093,2023-03-26,10768,Spain,STK001,Lampe de bureau design,3,25.16,75.48
INV504094,2023-07-29,10768,Spain,STK007,Panier de rangement,3,19.88,59.64
INV504094,2023-07-29,10768,Spain,STK007,Panier de rangement,5,21.37,106.85000000000001
INV504094,2023-07-29,10768,Spain,STK008,Tapis de bain,4,30.83,123.32
INV504094,2023-07-29,10768,Spain,STK011,Plateau en bambou,2,24.2,48.4
INV504095,2023-06-08,10768,Spain,STK007,Panier de rangement,1,28.84,28.84
INV504096,2023-02-05,10768,Spain,STK007,Panier de rangement,2,23.0,46.0
INV504096,2023-02-05,10768,Spain,STK012,Miroir mural rond,3,47.69,143.07
INV504097,2023-07-21,10769,Spain,STK011,Plateau en bambou,2,27.65,55.3
INV504097,2023-07-21,10769,Spain,STK007,Panier de rangement,2,24.39,48.78
INV504097,2023-07-21,10769,Spain,STK002,Coussin en lin,4,18.1,72.4
INV504097,2023-07-21,10769,Spain,STK005,Bougie parfumee,5,12.72,63.6
INV504098,2023-07-27,10769,Spain,STK011,Plateau en bambou,5,23.01,115.05000000000001
INV504099,2023-09-01,10769,Spain,STK008,Tapis de bain,1,30.12,30.12
INV504099,2023-09-01,10769,Spain,STK012,Miroir mural rond,2,47.61,95.22
INV504099,2023-09-01,10769,Spain,STK007,Panier de rangement,5,23.13,115.64999999999999
INV504099,2023-09-01,10769,Spain,STK010,Guirlande lumineuse,4,13.84,55.36
INV504100,2023-01-23,10769,Spain,STK008,Tapis de bain,5,26.32,131.6
INV504100,2023-01-23,10769,Spain,STK002,Coussin en lin,2,16.82,33.64
INV504101,2023-05-08,10769,Spain,STK010,Guirlande lumineuse,4,16.52,66.08
INV504101,2023-05-08,10769,Spain,STK001,Lampe de bureau design,2,28.1,56.2
INV504102,2023-01-14,10770,France,STK012,Miroir mural rond,4,46.52,186.08
INV504102,2023-01-14,10770,France,STK006,Cadre photo bois,5,3.21,16.05
INV504102,2023-01-14,10770,France,STK001,Lampe de bureau design,5,29.99,149.95
INV504103,2023-02-20,10770,France,STK004,Plaid tricote,5,38.6,193.0
INV504103,2023-02-20,10770,France,STK002,Coussin en lin,4,16.56,66.24
INV504103,2023-02-20,10770,France,STK010,Guirlande lumineuse,3,15.74,47.22
INV504104,2023-03-28,10771,Spain,STK002,Coussin en lin,4,17.16,68.64
INV504104,2023-03-28,10771,Spain,STK004,Plaid tricote,1,22.02,22.02
INV504104,2023-03-28,10771,Spain,STK010,Guirlande lumineuse,5,12.48,62.400000000000006
INV504105,2023-04-04,10771,Spain,STK002,Coussin en lin,2,19.25,38.5
INV504105,2023-04-04,10771,Spain,STK003,Set de tasses ceramique,5,15.74,78.7
INV504106,2023-12-17,10772,Netherlands,STK010,Guirlande lumineuse,4,13.25,53.0
INV504106,2023-12-17,10772,Netherlands,STK002,Coussin en lin,2,15.14,30.28
INV504107,2023-09-18,10772,Netherlands,STK002,Coussin en lin,1,20.24,20.24
INV504107,2023-09-18,10772,Netherlands,STK004,Plaid tricote,2,35.52,71.04
INV504108,2023-11-06,10772,Netherlands,STK004,Plaid tricote,2,33.61,67.22
INV504109,2023-06-26,10772,Netherlands,STK002,Coussin en lin,2,18.16,36.32
INV504109,2023-06-26,10772,Netherlands,STK003,Set de tasses ceramique,1,16.06,16.06
INV504109,2023-06-26,10772,Netherlands,STK001,Lampe de bureau design,4,18.63,74.52
INV504109,2023-06-26,10772,Netherlands,STK001,Lampe de bureau design,1,24.68,24.68
INV504110,2023-12-27,10772,Netherlands,STK005,Bougie parfumee,3,13.62,40.86
INV504110,2023-12-27,10772,Netherlands,STK006,Cadre photo bois,3,8.11,24.33
INV504110,2023-12-27,10772,Netherlands,STK008,Tapis de bain,3,23.95,71.85
INV504110,2023-12-27,10772,Netherlands,STK011,Plateau en bambou,4,20.97,83.88
INV504111,2023-10-07,10772,Netherlands,STK012,Miroir mural rond,4,38.43,153.72
INV504112,2023-07-12,10773,Belgium,STK004,Plaid tricote,3,30.67,92.01
INV504113,2023-03-27,10773,Belgium,STK005,Bougie parfumee,2,11.09,22.18
INV504113,2023-03-27,10773,Belgium,STK001,Lampe de bureau design,3,27.74,83.22
INV504113,2023-03-27,10773,Belgium,STK009,Vase en verre,2,23.39,46.78
INV504113,2023-03-27,10773,Belgium,STK009,Vase en verre,5,23.54,117.69999999999999
INV504114,2023-07-04,10773,Belgium,STK004,Plaid tricote,5,32.74,163.70000000000002
INV504114,2023-07-04,10773,Belgium,STK012,Miroir mural rond,3,38.76,116.28
INV504114,2023-07-04,10773,Belgium,STK001,Lampe de bureau design,3,26.36,79.08
INV504115,2023-04-22,10773,Belgium,STK008,Tapis de bain,2,25.62,51.24
INV504115,2023-04-22,10773,Belgium,STK008,Tapis de bain,1,26.99,26.99
INV504116,2023-02-07,10773,Belgium,STK004,Plaid tricote,1,35.56,35.56
INV504117,2023-11-17,10773,Belgium,STK009,Vase en verre,2,18.56,37.12
INV504118,2023-06-24,10773,Belgium,STK008,Tapis de bain,5,26.96,134.8
INV504118,2023-06-24,10773,Belgium,STK011,Plateau en bambou,2,14.45,28.9
INV504119,2023-07-04,10773,Belgium,STK004,Plaid tricote,3,29.5,88.5
INV504119,2023-07-04,10773,Belgium,STK005,Bougie parfumee,2,10.92,21.84
INV504119,2023-07-04,10773,Belgium,STK008,Tapis de bain,2,38.32,76.64
INV504119,2023-07-04,10773,Belgium,STK012,Miroir mural rond,1,42.37,42.37
INV504120,2023-09-10,10774,France,STK002,Coussin en lin,5,20.09,100.45
INV504120,2023-09-10,10774,France,STK004,Plaid tricote,3,32.25,96.75
INV504120,2023-09-10,10774,France,STK009,Vase en verre,5,17.59,87.95
INV504120,2023-09-10,10774,France,STK006,Cadre photo bois,2,11.06,22.12
INV504121,2023-10-01,10774,France,STK002,Coussin en lin,2,19.99,39.98
INV504121,2023-10-01,10774,France,STK005,Bougie parfumee,1,12.77,12.77
INV504121,2023-10-01,10774,France,STK002,Coussin en lin,5,22.14,110.7
INV504122,2023-11-29,10774,France,STK012,Miroir mural rond,4,40.72,162.88
INV504122,2023-11-29,10774,France,STK012,Miroir mural rond,3,36.72,110.16
INV504123,2023-05-08,10774,France,STK004,Plaid tricote,2,26.51,53.02
INV504123,2023-05-08,10774,France,STK010,Guirlande lumineuse,2,15.03,30.06
INV504123,2023-05-08,10774,France,STK004,Plaid tricote,5,35.5,177.5
INV504123,2023-05-08,10774,France,STK009,Vase en verre,3,20.61,61.83
INV504124,2023-07-16,10775,Italy,STK002,Coussin en lin,1,12.4,12.4
INV504125,2023-06-21,10775,Italy,STK010,Guirlande lumineuse,2,11.68,23.36
INV504125,2023-06-21,10775,Italy,STK001,Lampe de bureau design,1,18.7,18.7
INV504126,2023-07-14,10775,Italy,STK011,Plateau en bambou,5,22.11,110.55
INV504126,2023-07-14,10775,Italy,STK010,Guirlande lumineuse,5,13.94,69.7
INV504126,2023-07-14,10775,Italy,STK009,Vase en verre,2,22.9,45.8
INV504126,2023-07-14,10775,Italy,STK009,Vase en verre,4,20.61,82.44
INV504127,2023-06-01,10775,Italy,STK007,Panier de rangement,1,17.34,17.34
INV504128,2023-09-25,10775,Italy,STK004,Plaid tricote,2,33.18,66.36
INV504128,2023-09-25,10775,Italy,STK006,Cadre photo bois,3,12.64,37.92
INV504128,2023-09-25,10775,Italy,STK011,Plateau en bambou,1,25.4,25.4
INV504129,2023-11-18,10775,Italy,STK003,Set de tasses ceramique,2,11.54,23.08
INV504129,2023-11-18,10775,Italy,STK001,Lampe de bureau design,2,25.72,51.44
INV504129,2023-11-18,10775,Italy,STK001,Lampe de bureau design,3,28.75,86.25
INV504129,2023-11-18,10775,Italy,STK007,Panier de rangement,5,22.04,110.19999999999999
INV504130,2023-07-10,10775,Italy,STK002,Coussin en lin,2,13.83,27.66
INV504130,2023-07-10,10775,Italy,STK003,Set de tasses ceramique,4,14.0,56.0
INV504131,2023-08-26,10775,Italy,STK011,Plateau en bambou,1,20.2,20.2
INV504131,2023-08-26,10775,Italy,STK004,Plaid tricote,3,30.87,92.61
INV504131,2023-08-26,10775,Italy,STK003,Set de tasses ceramique,3,16.4,49.199999999999996
INV504131,2023-08-26,10775,Italy,STK011,Plateau en bambou,3,23.65,70.94999999999999
INV504132,2023-06-20,10775,Italy,STK008,Tapis de bain,2,27.71,55.42
INV504132,2023-06-20,10775,Italy,STK010,Guirlande lumineuse,1,15.92,15.92
INV504132,2023-06-20,10775,Italy,STK002,Coussin en lin,2,20.67,41.34
INV504132,2023-06-20,10775,Italy,STK009,Vase en verre,1,21.16,21.16
INV504133,2023-04-03,10775,Italy,STK008,Tapis de bain,2,31.85,63.7
INV504133,2023-04-03,10775,Italy,STK007,Panier de rangement,4,20.1,80.4
INV504133,2023-04-03,10775,Italy,STK008,Tapis de bain,1,19.79,19.79
INV504134,2023-10-12,10776,Netherlands,STK007,Panier de rangement,3,22.19,66.57000000000001
INV504135,2023-01-29,10776,Netherlands,STK003,Set de tasses ceramique,4,19.1,76.4
INV504135,2023-01-29,10776,Netherlands,STK007,Panier de rangement,4,22.11,88.44
INV504135,2023-01-29,10776,Netherlands,STK008,Tapis de bain,1,36.92,36.92
INV504135,2023-01-29,10776,Netherlands,STK005,Bougie parfumee,1,16.47,16.47
INV504136,2023-10-17,10776,Netherlands,STK004,Plaid tricote,4,35.36,141.44
INV504136,2023-10-17,10776,Netherlands,STK011,Plateau en bambou,3,17.61,52.83
INV504136,2023-10-17,10776,Netherlands,STK002,Coussin en lin,4,19.09,76.36
INV504136,2023-10-17,10776,Netherlands,STK001,Lampe de bureau design,2,30.95,61.9
INV504137,2023-12-27,10777,France,STK005,Bougie parfumee,3,13.65,40.95
INV504137,2023-12-27,10777,France,STK009,Vase en verre,1,21.43,21.43
INV504137,2023-12-27,10777,France,STK008,Tapis de bain,5,27.86,139.3
INV504138,2023-10-07,10777,France,STK012,Miroir mural rond,5,29.87,149.35
INV504138,2023-10-07,10777,France,STK011,Plateau en bambou,1,20.57,20.57
INV504138,2023-10-07,10777,France,STK003,Set de tasses ceramique,4,14.74,58.96
INV504138,2023-10-07,10777,France,STK003,Set de tasses ceramique,2,15.56,31.12
INV504139,2023-05-10,10777,France,STK010,Guirlande lumineuse,5,10.77,53.849999999999994
INV504139,2023-05-10,10777,France,STK002,Coussin en lin,3,14.32,42.96
INV504140,2023-04-11,10777,France,STK005,Bougie parfumee,4,14.56,58.24
INV504140,2023-04-11,10777,France,STK008,Tapis de bain,3,26.18,78.53999999999999
INV504141,2023-11-29,10777,France,STK012,Miroir mural rond,4,35.36,141.44
INV504141,2023-11-29,10777,France,STK009,Vase en verre,5,16.51,82.55000000000001
INV504141,2023-11-29,10777,France,STK008,Tapis de bain,4,25.5,102.0
INV504141,2023-11-29,10777,France,STK012,Miroir mural rond,4,44.1,176.4
INV504142,2023-07-18,10778,France,STK005,Bougie parfumee,1,11.3,11.3
INV504142,2023-07-18,10778,France,STK012,Miroir mural rond,2,41.7,83.4
INV504142,2023-07-18,10778,France,STK002,Coussin en lin,2,16.52,33.04
INV504142,2023-07-18,10778,France,STK012,Miroir mural rond,3,33.38,100.14000000000001
INV504143,2023-01-23,10778,France,STK006,Cadre photo bois,2,9.73,19.46
INV504143,2023-01-23,10778,France,STK005,Bougie parfumee,1,12.18,12.18
INV504143,2023-01-23,10778,France,STK010,Guirlande lumineuse,2,13.78,27.56
INV504143,2023-01-23,10778,France,STK004,Plaid tricote,2,30.4,60.8
INV504144,2023-01-16,10779,Italy,STK007,Panier de rangement,5,19.57,97.85
INV504144,2023-01-16,10779,Italy,STK003,Set de tasses ceramique,5,10.99,54.95
INV504144,2023-01-16,10779,Italy,STK009,Vase en verre,1,22.5,22.5
INV504144,2023-01-16,10779,Italy,STK011,Plateau en bambou,3,23.96,71.88
INV504145,2023-02-06,10779,Italy,STK008,Tapis de bain,4,23.53,94.12
INV504145,2023-02-06,10779,Italy,STK009,Vase en verre,1,22.2,22.2
INV504145,2023-02-06,10779,Italy,STK012,Miroir mural rond,4,42.02,168.08
INV504146,2023-04-09,10779,Italy,STK004,Plaid tricote,5,31.4,157.0
INV504146,2023-04-09,10779,Italy,STK004,Plaid tricote,2,40.55,81.1
INV504146,2023-04-09,10779,Italy,STK001,Lampe de bureau design,5,23.77,118.85
INV504147,2023-04-07,10779,Italy,STK005,Bougie parfumee,2,15.36,30.72
INV504147,2023-04-07,10779,Italy,STK004,Plaid tricote,1,26.54,26.54
INV504147,2023-04-07,10779,Italy,STK002,Coussin en lin,5,15.23,76.15
INV504148,2023-08-29,10779,Italy,STK002,Coussin en lin,4,14.3,57.2
INV504149,2023-06-12,10779,Italy,STK007,Panier de rangement,5,21.13,105.64999999999999
INV504149,2023-06-12,10779,Italy,STK006,Cadre photo bois,2,11.38,22.76
INV504149,2023-06-12,10779,Italy,STK004,Plaid tricote,5,29.4,147.0
INV504150,2023-04-29,10779,Italy,STK008,Tapis de bain,5,30.36,151.8
INV504150,2023-04-29,10779,Italy,STK007,Panier de rangement,3,24.87,74.61
INV504150,2023-04-29,10779,Italy,STK004,Plaid tricote,2,28.73,57.46
INV504150,2023-04-29,10779,Italy,STK009,Vase en verre,1,18.38,18.38
INV504151,2023-12-07,10779,Italy,STK009,Vase en verre,1,19.51,19.51
INV504151,2023-12-07,10779,Italy,STK012,Miroir mural rond,1,42.43,42.43
INV504151,2023-12-07,10779,Italy,STK001,Lampe de bureau design,2,29.5,59.0
INV504152,2023-09-15,10779,Italy,STK011,Plateau en bambou,3,22.73,68.19
INV504152,2023-09-15,10779,Italy,STK007,Panier de rangement,1,21.5,21.5
INV504152,2023-09-15,10779,Italy,STK006,Cadre photo bois,5,9.06,45.300000000000004
INV504152,2023-09-15,10779,Italy,STK001,Lampe de bureau design,4,20.06,80.24
INV504153,2023-01-15,10779,Italy,STK008,Tapis de bain,4,29.43,117.72
INV504153,2023-01-15,10779,Italy,STK001,Lampe de bureau design,2,21.3,42.6
INV504154,2023-06-02,10779,Italy,STK011,Plateau en bambou,4,15.32,61.28
INV504154,2023-06-02,10779,Italy,STK010,Guirlande lumineuse,4,15.25,61.0
INV504154,2023-06-02,10779,Italy,STK011,Plateau en bambou,1,25.44,25.44
INV504154,2023-06-02,10779,Italy,STK008,Tapis de bain,1,23.17,23.17
INV504155,2023-03-17,10779,Italy,STK006,Cadre photo bois,1,9.7,9.7
INV504155,2023-03-17,10779,Italy,STK012,Miroir mural rond,2,40.48,80.96
INV504156,2023-11-15,10780,Germany,STK010,Guirlande lumineuse,4,17.07,68.28
INV504156,2023-11-15,10780,Germany,STK003,Set de tasses ceramique,2,10.14,20.28
INV504156,2023-11-15,10780,Germany,STK004,Plaid tricote,2,24.08,48.16
INV504157,2023-01-27,10780,Germany,STK009,Vase en verre,2,15.82,31.64
INV504157,2023-01-27,10780,Germany,STK012,Miroir mural rond,3,49.23,147.69
INV504157,2023-01-27,10780,Germany,STK008,Tapis de bain,2,29.79,59.58
INV504158,2023-02-07,10780,Germany,STK008,Tapis de bain,4,25.38,101.52
INV504158,2023-02-07,10780,Germany,STK007,Panier de rangement,3,20.1,60.300000000000004
INV504159,2023-07-01,10780,Germany,STK005,Bougie parfumee,2,12.44,24.88
INV504159,2023-07-01,10780,Germany,STK006,Cadre photo bois,4,10.01,40.04
INV504159,2023-07-01,10780,Germany,STK004,Plaid tricote,5,35.07,175.35
INV504160,2023-09-23,10781,France,STK012,Miroir mural rond,5,40.3,201.5
INV504160,2023-09-23,10781,France,STK011,Plateau en bambou,2,25.9,51.8
INV504161,2023-06-25,10782,Belgium,STK010,Guirlande lumineuse,1,18.63,18.63
INV504161,2023-06-25,10782,Belgium,STK008,Tapis de bain,2,22.3,44.6
INV504161,2023-06-25,10782,Belgium,STK011,Plateau en bambou,1,22.12,22.12
INV504162,2023-06-08,10782,Belgium,STK012,Miroir mural rond,5,34.16,170.79999999999998
INV504162,2023-06-08,10782,Belgium,STK005,Bougie parfumee,1,12.41,12.41
INV504163,2023-12-09,10782,Belgium,STK008,Tapis de bain,3,23.6,70.80000000000001
INV504163,2023-12-09,10782,Belgium,STK007,Panier de rangement,4,22.06,88.24
INV504163,2023-12-09,10782,Belgium,STK003,Set de tasses ceramique,4,19.37,77.48
INV504164,2023-08-22,10782,Belgium,STK003,Set de tasses ceramique,5,12.13,60.650000000000006
INV504165,2023-10-20,10782,Belgium,STK011,Plateau en bambou,3,17.78,53.34
INV504165,2023-10-20,10782,Belgium,STK012,Miroir mural rond,4,47.53,190.12
INV504165,2023-10-20,10782,Belgium,STK002,Coussin en lin,4,14.76,59.04
INV504165,2023-10-20,10782,Belgium,STK008,Tapis de bain,4,27.03,108.12
INV504166,2023-03-02,10782,Belgium,STK005,Bougie parfumee,1,12.0,12.0
INV504167,2023-11-25,10782,Belgium,STK005,Bougie parfumee,5,11.23,56.150000000000006
INV504167,2023-11-25,10782,Belgium,STK011,Plateau en bambou,1,18.09,18.09
INV504167,2023-11-25,10782,Belgium,STK012,Miroir mural rond,4,42.59,170.36
INV504167,2023-11-25,10782,Belgium,STK008,Tapis de bain,5,24.28,121.4
INV504168,2023-03-29,10782,Belgium,STK005,Bougie parfumee,3,16.74,50.22
INV504169,2023-10-24,10782,Belgium,STK009,Vase en verre,4,21.33,85.32
INV504169,2023-10-24,10782,Belgium,STK011,Plateau en bambou,4,22.57,90.28
INV504169,2023-10-24,10782,Belgium,STK007,Panier de rangement,3,27.72,83.16
INV504169,2023-10-24,10782,Belgium,STK006,Cadre photo bois,2,10.05,20.1
INV504170,2023-02-11,10783,France,STK007,Panier de rangement,1,17.17,17.17
INV504171,2023-08-01,10783,France,STK001,Lampe de bureau design,4,26.53,106.12
INV504171,2023-08-01,10783,France,STK010,Guirlande lumineuse,3,13.59,40.769999999999996
INV504172,2023-07-19,10783,France,STK002,Coussin en lin,3,16.58,49.739999999999995
INV504172,2023-07-19,10783,France,STK003,Set de tasses ceramique,4,15.99,63.96
INV504172,2023-07-19,10783,France,STK008,Tapis de bain,4,34.1,136.4
INV504173,2023-05-24,10784,Netherlands,STK007,Panier de rangement,4,17.05,68.2
INV504173,2023-05-24,10784,Netherlands,STK007,Panier de rangement,3,17.42,52.260000000000005
INV504174,2023-05-16,10784,Netherlands,STK008,Tapis de bain,1,33.2,33.2
INV504174,2023-05-16,10784,Netherlands,STK012,Miroir mural rond,1,41.73,41.73
INV504175,2023-07-26,10784,Netherlands,STK011,Plateau en bambou,3,17.85,53.550000000000004
INV504175,2023-07-26,10784,Netherlands,STK009,Vase en verre,3,18.38,55.14
INV504175,2023-07-26,10784,Netherlands,STK006,Cadre photo bois,4,9.89,39.56
INV504175,2023-07-26,10784,Netherlands,STK007,Panier de rangement,5,21.2,106.0
INV504176,2023-05-12,10785,France,STK005,Bougie parfumee,4,13.84,55.36
INV504176,2023-05-12,10785,France,STK005,Bougie parfumee,5,13.76,68.8
INV504177,2023-05-18,10785,France,STK006,Cadre photo bois,2,8.99,17.98
INV504177,2023-05-18,10785,France,STK007,Panier de rangement,3,22.04,66.12
INV504178,2023-10-04,10785,France,STK002,Coussin en lin,1,18.05,18.05
INV504178,2023-10-04,10785,France,STK001,Lampe de bureau design,2,21.1,42.2
INV504178,2023-10-04,10785,France,STK003,Set de tasses ceramique,1,15.82,15.82
INV504178,2023-10-04,10785,France,STK010,Guirlande lumineuse,5,12.21,61.050000000000004
INV504179,2023-05-09,10785,France,STK004,Plaid tricote,2,34.79,69.58
INV504180,2023-12-08,10785,France,STK007,Panier de rangement,5,23.6,118.0
INV504181,2023-10-22,10785,France,STK003,Set de tasses ceramique,5,15.16,75.8
INV504181,2023-10-22,10785,France,STK006,Cadre photo bois,5,10.05,50.25
INV504181,2023-10-22,10785,France,STK002,Coussin en lin,1,19.51,19.51
INV504182,2023-03-15,10785,France,STK004,Plaid tricote,1,32.26,32.26
INV504182,2023-03-15,10785,France,STK010,Guirlande lumineuse,5,11.1,55.5
INV504182,2023-03-15,10785,France,STK008,Tapis de bain,5,23.47,117.35
INV504182,2023-03-15,10785,France,STK003,Set de tasses ceramique,5,12.47,62.35
INV504183,2023-07-12,10785,France,STK004,Plaid tricote,3,39.08,117.24
INV504183,2023-07-12,10785,France,STK004,Plaid tricote,2,31.4,62.8
INV504183,2023-07-12,10785,France,STK011,Plateau en bambou,4,16.73,66.92
INV504184,2023-11-27,10785,France,STK003,Set de tasses ceramique,5,10.14,50.7
INV504184,2023-11-27,10785,France,STK004,Plaid tricote,2,27.42,54.84
INV504185,2023-09-29,10785,France,STK003,Set de tasses ceramique,1,18.42,18.42
INV504185,2023-09-29,10785,France,STK002,Coussin en lin,5,22.97,114.85
INV504185,2023-09-29,10785,France,STK007,Panier de rangement,5,16.42,82.10000000000001
INV504185,2023-09-29,10785,France,STK005,Bougie parfumee,4,14.05,56.2
INV504186,2023-07-06,10785,France,STK010,Guirlande lumineuse,4,15.53,62.12
INV504186,2023-07-06,10785,France,STK010,Guirlande lumineuse,2,13.02,26.04
INV504186,2023-07-06,10785,France,STK004,Plaid tricote,5,28.39,141.95
INV504186,2023-07-06,10785,France,STK001,Lampe de bureau design,4,25.11,100.44
INV504187,2023-09-22,10786,France,STK009,Vase en verre,2,20.45,40.9
INV504187,2023-09-22,10786,France,STK008,Tapis de bain,2,23.27,46.54
INV504188,2023-03-27,10786,France,STK003,Set de tasses ceramique,2,14.94,29.88
INV504189,2023-08-21,10786,France,STK005,Bougie parfumee,5,17.07,85.35
INV504190,2023-11-18,10786,France,STK002,Coussin en lin,4,19.16,76.64
INV504190,2023-11-18,10786,France,STK005,Bougie parfumee,4,13.56,54.24
INV504190,2023-11-18,10786,France,STK004,Plaid tricote,1,39.78,39.78
INV504191,2023-08-15,10786,France,STK003,Set de tasses ceramique,4,15.04,60.16
INV504191,2023-08-15,10786,France,STK009,Vase en verre,4,21.89,87.56
INV504192,2023-08-19,10787,France,STK007,Panier de rangement,2,19.07,38.14
INV504192,2023-08-19,10787,France,STK006,Cadre photo bois,4,9.62,38.48
INV504193,2023-06-19,10787,France,STK012,Miroir mural rond,3,41.83,125.49
INV504193,2023-06-19,10787,France,STK001,Lampe de bureau design,1,20.95,20.95
INV504194,2023-11-17,10787,France,STK008,Tapis de bain,2,31.48,62.96
INV504194,2023-11-17,10787,France,STK011,Plateau en bambou,1,19.71,19.71
INV504194,2023-11-17,10787,France,STK005,Bougie parfumee,2,10.31,20.62
INV504194,2023-11-17,10787,France,STK002,Coussin en lin,1,12.71,12.71
INV504195,2023-03-22,10787,France,STK004,Plaid tricote,5,31.73,158.65
INV504195,2023-03-22,10787,France,STK010,Guirlande lumineuse,3,14.07,42.21
INV504196,2023-07-23,10787,France,STK011,Plateau en bambou,1,17.65,17.65
INV504196,2023-07-23,10787,France,STK010,Guirlande lumineuse,5,12.61,63.05
INV504197,2023-09-06,10787,France,STK008,Tapis de bain,4,24.55,98.2
INV504197,2023-09-06,10787,France,STK004,Plaid tricote,4,33.05,132.2
INV504197,2023-09-06,10787,France,STK006,Cadre photo bois,3,10.1,30.299999999999997
INV504198,2023-10-19,10787,France,STK011,Plateau en bambou,2,22.27,44.54
INV504199,2023-02-24,10787,France,STK001,Lampe de bureau design,4,25.54,102.16
INV504199,2023-02-24,10787,France,STK011,Plateau en bambou,3,24.89,74.67
INV504199,2023-02-24,10787,France,STK004,Plaid tricote,3,32.11,96.33
INV504200,2023-03-12,10787,France,STK007,Panier de rangement,1,18.49,18.49
INV504200,2023-03-12,10787,France,STK005,Bougie parfumee,3,10.57,31.71
INV504201,2023-08-04,10788,France,STK006,Cadre photo bois,3,10.77,32.31
INV504201,2023-08-04,10788,France,STK012,Miroir mural rond,1,38.51,38.51
INV504202,2023-10-14,10788,France,STK009,Vase en verre,1,19.96,19.96
INV504202,2023-10-14,10788,France,STK002,Coussin en lin,3,17.63,52.89
INV504202,2023-10-14,10788,France,STK003,Set de tasses ceramique,1,16.38,16.38
INV504203,2023-10-22,10788,France,STK001,Lampe de bureau design,5,17.55,87.75
INV504204,2023-12-09,10788,France,STK010,Guirlande lumineuse,5,12.34,61.7
INV504204,2023-12-09,10788,France,STK006,Cadre photo bois,4,9.14,36.56
INV504204,2023-12-09,10788,France,STK004,Plaid tricote,2,22.47,44.94
INV504205,2023-03-27,10788,France,STK012,Miroir mural rond,4,38.43,153.72
INV504205,2023-03-27,10788,France,STK007,Panier de rangement,5,20.73,103.65
INV504206,2023-03-16,10788,France,STK010,Guirlande lumineuse,4,16.91,67.64
INV504206,2023-03-16,10788,France,STK008,Tapis de bain,2,26.76,53.52
INV504206,2023-03-16,10788,France,STK012,Miroir mural rond,4,35.67,142.68
INV504207,2023-07-28,10788,France,STK003,Set de tasses ceramique,4,13.69,54.76
INV504207,2023-07-28,10788,France,STK012,Miroir mural rond,1,32.74,32.74
INV504207,2023-07-28,10788,France,STK002,Coussin en lin,5,15.7,78.5
INV504207,2023-07-28,10788,France,STK012,Miroir mural rond,1,47.05,47.05
INV504208,2023-08-16,10788,France,STK008,Tapis de bain,2,21.33,42.66
INV504209,2023-05-19,10788,France,STK006,Cadre photo bois,1,9.88,9.88
INV504209,2023-05-19,10788,France,STK009,Vase en verre,1,17.4,17.4
INV504209,2023-05-19,10788,France,STK011,Plateau en bambou,5,29.3,146.5
INV504210,2023-08-17,10788,France,STK002,Coussin en lin,4,21.01,84.04
INV504210,2023-08-17,10788,France,STK012,Miroir mural rond,3,38.54,115.62
INV504210,2023-08-17,10788,France,STK001,Lampe de bureau design,5,25.1,125.5
INV504210,2023-08-17,10788,France,STK010,Guirlande lumineuse,5,12.36,61.8
INV504211,2023-07-28,10789,Portugal,STK009,Vase en verre,2,19.55,39.1
INV504211,2023-07-28,10789,Portugal,STK012,Miroir mural rond,4,35.92,143.68
INV504212,2023-04-03,10789,Portugal,STK010,Guirlande lumineuse,3,14.16,42.480000000000004
INV504213,2023-09-03,10789,Portugal,STK007,Panier de rangement,4,20.34,81.36
INV504213,2023-09-03,10789,Portugal,STK004,Plaid tricote,2,30.79,61.58
INV504213,2023-09-03,10789,Portugal,STK005,Bougie parfumee,2,13.8,27.6
INV504214,2023-08-25,10789,Portugal,STK011,Plateau en bambou,4,22.1,88.4
INV504214,2023-08-25,10789,Portugal,STK005,Bougie parfumee,2,14.04,28.08
INV504215,2023-09-16,10790,France,STK009,Vase en verre,3,24.37,73.11
INV504216,2023-07-09,10790,France,STK001,Lampe de bureau design,1,27.64,27.64
INV504217,2023-08-20,10790,France,STK002,Coussin en lin,5,18.54,92.69999999999999
INV504217,2023-08-20,10790,France,STK006,Cadre photo bois,1,9.21,9.21
INV504217,2023-08-20,10790,France,STK004,Plaid tricote,2,25.37,50.74
INV504218,2023-08-24,10790,France,STK011,Plateau en bambou,2,22.25,44.5
INV504218,2023-08-24,10790,France,STK012,Miroir mural rond,2,39.2,78.4
INV504218,2023-08-24,10790,France,STK004,Plaid tricote,5,28.86,144.3
INV504219,2023-06-19,10790,France,STK002,Coussin en lin,2,19.43,38.86
INV504220,2023-10-23,10791,France,STK009,Vase en verre,4,20.74,82.96
INV504220,2023-10-23,10791,France,STK009,Vase en verre,1,21.88,21.88
INV504220,2023-10-23,10791,France,STK003,Set de tasses ceramique,1,13.66,13.66
INV504220,2023-10-23,10791,France,STK001,Lampe de bureau design,1,32.98,32.98
INV504221,2023-04-17,10791,France,STK007,Panier de rangement,5,16.45,82.25
INV504221,2023-04-17,10791,France,STK003,Set de tasses ceramique,2,14.49,28.98
INV504221,2023-04-17,10791,France,STK012,Miroir mural rond,4,43.51,174.04
INV504222,2023-11-23,10791,France,STK005,Bougie parfumee,4,11.07,44.28
INV504223,2023-04-23,10791,France,STK008,Tapis de bain,5,14.37,71.85
INV504223,2023-04-23,10791,France,STK006,Cadre photo bois,5,10.03,50.15
INV504223,2023-04-23,10791,France,STK011,Plateau en bambou,1,23.67,23.67
INV504224,2023-11-12,10791,France,STK011,Plateau en bambou,2,24.1,48.2
INV504225,2023-12-05,10791,France,STK005,Bougie parfumee,2,10.6,21.2
INV504225,2023-12-05,10791,France,STK008,Tapis de bain,4,30.21,120.84
INV504225,2023-12-05,10791,France,STK012,Miroir mural rond,3,28.99,86.97
INV504226,2023-11-14,10791,France,STK005,Bougie parfumee,1,12.18,12.18
INV504227,2023-05-24,10791,France,STK011,Plateau en bambou,2,21.33,42.66
INV504227,2023-05-24,10791,France,STK005,Bougie parfumee,4,10.02,40.08
INV504227,2023-05-24,10791,France,STK003,Set de tasses ceramique,5,14.08,70.4
INV504227,2023-05-24,10791,France,STK003,Set de tasses ceramique,3,17.73,53.19
INV504228,2023-03-06,10792,Portugal,STK012,Miroir mural rond,4,41.46,165.84
INV504229,2023-06-06,10792,Portugal,STK005,Bougie parfumee,1,11.17,11.17
INV504229,2023-06-06,10792,Portugal,STK008,Tapis de bain,3,28.21,84.63
INV504230,2023-03-21,10792,Portugal,STK001,Lampe de bureau design,1,24.84,24.84
INV504230,2023-03-21,10792,Portugal,STK009,Vase en verre,5,19.09,95.45
INV504230,2023-03-21,10792,Portugal,STK005,Bougie parfumee,5,13.19,65.95
INV504231,2023-05-06,10793,France,STK009,Vase en verre,3,21.37,64.11
INV504231,2023-05-06,10793,France,STK002,Coussin en lin,3,18.97,56.91
INV504232,2023-03-07,10793,France,STK005,Bougie parfumee,5,13.15,65.75
INV504232,2023-03-07,10793,France,STK009,Vase en verre,4,22.93,91.72
INV504232,2023-03-07,10793,France,STK008,Tapis de bain,1,38.83,38.83
INV504232,2023-03-07,10793,France,STK003,Set de tasses ceramique,4,20.1,80.4
INV504233,2023-03-06,10793,France,STK003,Set de tasses ceramique,2,16.3,32.6
INV504234,2023-08-10,10794,France,STK011,Plateau en bambou,2,21.81,43.62
INV504234,2023-08-10,10794,France,STK009,Vase en verre,3,15.23,45.69
INV504234,2023-08-10,10794,France,STK007,Panier de rangement,2,21.99,43.98
INV504235,2023-04-13,10794,France,STK002,Coussin en lin,2,19.22,38.44
INV504235,2023-04-13,10794,France,STK006,Cadre photo bois,4,10.89,43.56
INV504236,2023-06-18,10794,France,STK007,Panier de rangement,5,21.09,105.45
INV504236,2023-06-18,10794,France,STK001,Lampe de bureau design,5,21.9,109.5
INV504236,2023-06-18,10794,France,STK003,Set de tasses ceramique,5,13.81,69.05
INV504237,2023-09-10,10794,France,STK012,Miroir mural rond,1,32.05,32.05
INV504238,2023-10-28,10794,France,STK003,Set de tasses ceramique,2,11.8,23.6
INV504238,2023-10-28,10794,France,STK008,Tapis de bain,4,28.59,114.36
INV504239,2023-10-08,10794,France,STK002,Coussin en lin,1,20.36,20.36
INV504239,2023-10-08,10794,France,STK001,Lampe de bureau design,5,26.67,133.35000000000002
INV504239,2023-10-08,10794,France,STK008,Tapis de bain,4,21.14,84.56
INV504240,2023-06-25,10794,France,STK008,Tapis de bain,3,31.26,93.78
INV504240,2023-06-25,10794,France,STK001,Lampe de bureau design,5,31.34,156.7
INV504240,2023-06-25,10794,France,STK004,Plaid tricote,3,30.06,90.17999999999999
INV504240,2023-06-25,10794,France,STK001,Lampe de bureau design,5,20.44,102.2
INV504241,2023-09-08,10794,France,STK005,Bougie parfumee,5,12.39,61.95
INV504241,2023-09-08,10794,France,STK004,Plaid tricote,2,32.7,65.4
INV504241,2023-09-08,10794,France,STK002,Coussin en lin,1,17.39,17.39
INV504241,2023-09-08,10794,France,STK012,Miroir mural rond,2,35.88,71.76
INV504242,2023-04-28,10794,France,STK007,Panier de rangement,5,24.66,123.3
INV504242,2023-04-28,10794,France,STK012,Miroir mural rond,1,37.64,37.64
INV504242,2023-04-28,10794,France,STK007,Panier de rangement,4,17.25,69.0
INV504243,2023-08-08,10794,France,STK008,Tapis de bain,1,23.26,23.26
INV504243,2023-08-08,10794,France,STK009,Vase en verre,1,17.4,17.4
INV504243,2023-08-08,10794,France,STK011,Plateau en bambou,3,19.71,59.13
INV504244,2023-08-19,10794,France,STK005,Bougie parfumee,1,10.73,10.73
INV504245,2023-08-16,10794,France,STK002,Coussin en lin,3,24.24,72.72
INV504246,2023-12-24,10794,France,STK002,Coussin en lin,4,20.89,83.56
INV504246,2023-12-24,10794,France,STK005,Bougie parfumee,3,14.6,43.8
INV504246,2023-12-24,10794,France,STK006,Cadre photo bois,1,8.42,8.42
INV504247,2023-11-24,10795,Spain,STK005,Bougie parfumee,2,14.18,28.36
INV504247,2023-11-24,10795,Spain,STK005,Bougie parfumee,5,14.12,70.6
INV504247,2023-11-24,10795,Spain,STK008,Tapis de bain,4,31.82,127.28
INV504248,2023-08-11,10796,France,STK008,Tapis de bain,4,24.73,98.92
INV504248,2023-08-11,10796,France,STK009,Vase en verre,2,21.65,43.3
INV504249,2023-04-19,10797,Netherlands,STK005,Bougie parfumee,2,15.9,31.8
INV504249,2023-04-19,10797,Netherlands,STK001,Lampe de bureau design,2,27.94,55.88
INV504250,2023-11-02,10798,Spain,STK012,Miroir mural rond,2,32.42,64.84
INV504250,2023-11-02,10798,Spain,STK006,Cadre photo bois,5,11.34,56.7
INV504250,2023-11-02,10798,Spain,STK012,Miroir mural rond,4,44.29,177.16
INV504250,2023-11-02,10798,Spain,STK002,Coussin en lin,1,17.51,17.51
INV504251,2023-07-21,10798,Spain,STK012,Miroir mural rond,2,45.82,91.64
INV504251,2023-07-21,10798,Spain,STK005,Bougie parfumee,1,13.85,13.85
INV504251,2023-07-21,10798,Spain,STK012,Miroir mural rond,3,27.64,82.92
INV504252,2023-02-08,10798,Spain,STK004,Plaid tricote,4,32.03,128.12
INV504252,2023-02-08,10798,Spain,STK011,Plateau en bambou,3,23.64,70.92
INV504252,2023-02-08,10798,Spain,STK011,Plateau en bambou,5,24.44,122.2
INV504253,2023-02-01,10798,Spain,STK007,Panier de rangement,1,20.71,20.71
INV504254,2023-06-03,10798,Spain,STK003,Set de tasses ceramique,5,12.34,61.7
INV504254,2023-06-03,10798,Spain,STK004,Plaid tricote,5,29.17,145.85000000000002
INV504254,2023-06-03,10798,Spain,STK008,Tapis de bain,4,26.94,107.76
INV504255,2023-04-04,10799,France,STK009,Vase en verre,3,19.32,57.96
INV504256,2023-04-16,10799,France,STK009,Vase en verre,1,19.92,19.92
INV504257,2023-09-10,10799,France,STK004,Plaid tricote,5,36.04,180.2
INV504258,2023-06-02,10800,Belgium,STK006,Cadre photo bois,1,10.47,10.47
INV504258,2023-06-02,10800,Belgium,STK001,Lampe de bureau design,1,25.63,25.63
INV504259,2023-03-28,10801,Belgium,STK002,Coussin en lin,5,19.72,98.6
INV504259,2023-03-28,10801,Belgium,STK008,Tapis de bain,5,33.56,167.8
INV504260,2023-03-19,10801,Belgium,STK009,Vase en verre,3,14.68,44.04
INV504260,2023-03-19,10801,Belgium,STK002,Coussin en lin,3,13.01,39.03
INV504260,2023-03-19,10801,Belgium,STK007,Panier de rangement,3,15.03,45.089999999999996
INV504260,2023-03-19,10801,Belgium,STK002,Coussin en lin,1,17.31,17.31
INV504261,2023-02-15,10801,Belgium,STK006,Cadre photo bois,5,12.55,62.75
INV504262,2023-07-01,10801,Belgium,STK009,Vase en verre,2,20.11,40.22
INV504262,2023-07-01,10801,Belgium,STK008,Tapis de bain,3,23.5,70.5
INV504262,2023-07-01,10801,Belgium,STK006,Cadre photo bois,2,9.18,18.36
INV504263,2023-04-14,10801,Belgium,STK001,Lampe de bureau design,5,22.48,112.4
INV504263,2023-04-14,10801,Belgium,STK003,Set de tasses ceramique,4,14.29,57.16
INV504263,2023-04-14,10801,Belgium,STK012,Miroir mural rond,1,42.51,42.51
INV504264,2023-04-04,10801,Belgium,STK003,Set de tasses ceramique,3,15.76,47.28
INV504265,2023-07-03,10801,Belgium,STK002,Coussin en lin,2,21.56,43.12
INV504266,2023-08-06,10802,Germany,STK010,Guirlande lumineuse,2,15.15,30.3
INV504267,2023-01-09,10802,Germany,STK001,Lampe de bureau design,1,24.14,24.14
INV504267,2023-01-09,10802,Germany,STK011,Plateau en bambou,1,25.48,25.48
INV504267,2023-01-09,10802,Germany,STK010,Guirlande lumineuse,1,12.16,12.16
INV504267,2023-01-09,10802,Germany,STK003,Set de tasses ceramique,3,12.01,36.03
INV504268,2023-03-12,10802,Germany,STK003,Set de tasses ceramique,5,18.72,93.6
INV504269,2023-08-08,10802,Germany,STK010,Guirlande lumineuse,4,15.75,63.0
INV504269,2023-08-08,10802,Germany,STK003,Set de tasses ceramique,2,14.4,28.8
INV504270,2023-02-01,10802,Germany,STK010,Guirlande lumineuse,2,12.29,24.58
INV504270,2023-02-01,10802,Germany,STK007,Panier de rangement,1,20.67,20.67
INV504271,2023-09-20,10803,France,STK003,Set de tasses ceramique,5,13.85,69.25
INV504272,2023-10-29,10803,France,STK010,Guirlande lumineuse,1,15.01,15.01
INV504272,2023-10-29,10803,France,STK011,Plateau en bambou,2,20.35,40.7
INV504272,2023-10-29,10803,France,STK010,Guirlande lumineuse,1,13.25,13.25
INV504272,2023-10-29,10803,France,STK004,Plaid tricote,5,33.43,167.15
INV504273,2023-06-17,10803,France,STK006,Cadre photo bois,3,8.78,26.339999999999996
INV504274,2023-10-29,10804,France,STK011,Plateau en bambou,4,22.13,88.52
INV504274,2023-10-29,10804,France,STK004,Plaid tricote,4,36.77,147.08
INV504274,2023-10-29,10804,France,STK003,Set de tasses ceramique,4,13.02,52.08
INV504274,2023-10-29,10804,France,STK010,Guirlande lumineuse,3,14.94,44.82
INV504275,2023-12-29,10804,France,STK008,Tapis de bain,5,32.51,162.54999999999998
INV504276,2023-03-30,10804,France,STK006,Cadre photo bois,3,11.07,33.21
INV504276,2023-03-30,10804,France,STK009,Vase en verre,2,16.08,32.16
INV504276,2023-03-30,10804,France,STK001,Lampe de bureau design,1,16.39,16.39
INV504276,2023-03-30,10804,France,STK003,Set de tasses ceramique,5,11.81,59.050000000000004
INV504277,2023-08-16,10804,France,STK006,Cadre photo bois,4,10.16,40.64
INV504278,2023-11-26,10804,France,STK008,Tapis de bain,3,21.36,64.08
INV504279,2023-10-16,10804,France,STK004,Plaid tricote,4,43.11,172.44
INV504279,2023-10-16,10804,France,STK006,Cadre photo bois,3,6.37,19.11
INV504279,2023-10-16,10804,France,STK001,Lampe de bureau design,1,21.55,21.55
INV504279,2023-10-16,10804,France,STK007,Panier de rangement,2,18.46,36.92
INV504280,2023-10-06,10804,France,STK010,Guirlande lumineuse,2,10.48,20.96
INV504280,2023-10-06,10804,France,STK003,Set de tasses ceramique,4,14.98,59.92
INV504280,2023-10-06,10804,France,STK008,Tapis de bain,3,26.0,78.0
INV504281,2023-10-13,10804,France,STK005,Bougie parfumee,3,11.91,35.730000000000004
INV504281,2023-10-13,10804,France,STK004,Plaid tricote,1,33.42,33.42
INV504282,2023-08-13,10804,France,STK006,Cadre photo bois,4,8.66,34.64
INV504282,2023-08-13,10804,France,STK009,Vase en verre,3,18.98,56.94
INV504282,2023-08-13,10804,France,STK005,Bougie parfumee,1,15.75,15.75
INV504283,2023-11-26,10804,France,STK008,Tapis de bain,3,30.21,90.63
INV504283,2023-11-26,10804,France,STK001,Lampe de bureau design,2,23.95,47.9
INV504284,2023-05-27,10805,France,STK010,Guirlande lumineuse,2,16.88,33.76
INV504284,2023-05-27,10805,France,STK003,Set de tasses ceramique,3,15.02,45.06
INV504285,2023-07-04,10805,France,STK004,Plaid tricote,5,31.78,158.9
INV504285,2023-07-04,10805,France,STK009,Vase en verre,3,22.27,66.81
INV504286,2023-04-26,10805,France,STK010,Guirlande lumineuse,5,16.06,80.3
INV504286,2023-04-26,10805,France,STK002,Coussin en lin,3,23.9,71.69999999999999
INV504286,2023-04-26,10805,France,STK005,Bougie parfumee,4,13.58,54.32
INV504287,2023-08-28,10806,France,STK010,Guirlande lumineuse,4,15.14,60.56
INV504287,2023-08-28,10806,France,STK010,Guirlande lumineuse,2,13.58,27.16
INV504288,2023-11-16,10807,France,STK006,Cadre photo bois,5,8.21,41.050000000000004
INV504288,2023-11-16,10807,France,STK005,Bougie parfumee,5,13.42,67.1
INV504288,2023-11-16,10807,France,STK005,Bougie parfumee,5,10.18,50.9
INV504289,2023-08-10,10807,France,STK001,Lampe de bureau design,3,20.9,62.699999999999996
INV504289,2023-08-10,10807,France,STK006,Cadre photo bois,4,8.16,32.64
INV504289,2023-08-10,10807,France,STK003,Set de tasses ceramique,2,10.97,21.94
INV504290,2023-02-18,10807,France,STK010,Guirlande lumineuse,3,10.42,31.259999999999998
INV504290,2023-02-18,10807,France,STK009,Vase en verre,4,19.96,79.84
INV504290,2023-02-18,10807,France,STK006,Cadre photo bois,5,9.2,46.0
INV504291,2023-06-20,10808,Italy,STK003,Set de tasses ceramique,4,18.06,72.24
INV504291,2023-06-20,10808,Italy,STK001,Lampe de bureau design,1,18.94,18.94
INV504292,2023-01-14,10809,Italy,STK012,Miroir mural rond,2,35.21,70.42
INV504292,2023-01-14,10809,Italy,STK005,Bougie parfumee,4,15.11,60.44
INV504293,2023-11-21,10809,Italy,STK008,Tapis de bain,1,28.41,28.41
INV504293,2023-11-21,10809,Italy,STK008,Tapis de bain,3,26.18,78.53999999999999
INV504293,2023-11-21,10809,Italy,STK008,Tapis de bain,2,15.3,30.6
INV504294,2023-10-02,10810,France,STK010,Guirlande lumineuse,2,16.97,33.94
INV504294,2023-10-02,10810,France,STK010,Guirlande lumineuse,3,13.08,39.24
INV504294,2023-10-02,10810,France,STK011,Plateau en bambou,3,20.92,62.760000000000005
INV504295,2023-06-04,10810,France,STK011,Plateau en bambou,1,17.93,17.93
INV504295,2023-06-04,10810,France,STK005,Bougie parfumee,4,13.17,52.68
INV504296,2023-03-20,10810,France,STK005,Bougie parfumee,1,14.17,14.17
INV504296,2023-03-20,10810,France,STK011,Plateau en bambou,3,22.22,66.66
INV504297,2023-03-22,10811,Germany,STK011,Plateau en bambou,4,20.86,83.44
INV504297,2023-03-22,10811,Germany,STK008,Tapis de bain,2,33.15,66.3
INV504297,2023-03-22,10811,Germany,STK001,Lampe de bureau design,5,24.82,124.1
INV504297,2023-03-22,10811,Germany,STK004,Plaid tricote,2,28.92,57.84
INV504298,2023-12-19,10811,Germany,STK006,Cadre photo bois,2,12.41,24.82
INV504298,2023-12-19,10811,Germany,STK006,Cadre photo bois,5,12.24,61.2
INV504299,2023-07-24,10811,Germany,STK001,Lampe de bureau design,4,27.03,108.12
INV504299,2023-07-24,10811,Germany,STK011,Plateau en bambou,3,24.34,73.02
INV504299,2023-07-24,10811,Germany,STK001,Lampe de bureau design,1,30.59,30.59
INV504300,2023-11-03,10811,Germany,STK011,Plateau en bambou,2,23.88,47.76
INV504300,2023-11-03,10811,Germany,STK008,Tapis de bain,2,27.97,55.94
INV504301,2023-01-23,10811,Germany,STK012,Miroir mural rond,2,40.72,81.44
INV504301,2023-01-23,10811,Germany,STK003,Set de tasses ceramique,4,18.85,75.4
INV504301,2023-01-23,10811,Germany,STK003,Set de tasses ceramique,4,14.71,58.84
INV504302,2023-08-26,10812,France,STK003,Set de tasses ceramique,5,18.47,92.35
INV504302,2023-08-26,10812,France,STK012,Miroir mural rond,3,28.89,86.67
INV504302,2023-08-26,10812,France,STK008,Tapis de bain,1,30.74,30.74
INV504302,2023-08-26,10812,France,STK009,Vase en verre,2,20.06,40.12
INV504303,2023-11-05,10813,France,STK012,Miroir mural rond,5,31.53,157.65
INV504303,2023-11-05,10813,France,STK009,Vase en verre,4,22.33,89.32
INV504303,2023-11-05,10813,France,STK009,Vase en verre,4,18.47,73.88
INV504303,2023-11-05,10813,France,STK012,Miroir mural rond,4,43.99,175.96
INV504304,2023-07-19,10813,France,STK010,Guirlande lumineuse,2,12.94,25.88
INV504304,2023-07-19,10813,France,STK001,Lampe de bureau design,3,18.37,55.11
INV504304,2023-07-19,10813,France,STK012,Miroir mural rond,3,30.03,90.09
INV504304,2023-07-19,10813,France,STK007,Panier de rangement,1,24.41,24.41
INV504305,2023-04-24,10813,France,STK009,Vase en verre,4,22.71,90.84
INV504305,2023-04-24,10813,France,STK003,Set de tasses ceramique,3,15.97,47.910000000000004
INV504305,2023-04-24,10813,France,STK003,Set de tasses ceramique,5,15.82,79.1
INV504306,2023-08-15,10813,France,STK003,Set de tasses ceramique,4,12.3,49.2
INV504306,2023-08-15,10813,France,STK003,Set de tasses ceramique,1,14.58,14.58
INV504306,2023-08-15,10813,France,STK009,Vase en verre,2,14.83,29.66
INV504306,2023-08-15,10813,France,STK011,Plateau en bambou,1,21.41,21.41
INV504307,2023-10-29,10813,France,STK005,Bougie parfumee,2,10.62,21.24
INV504307,2023-10-29,10813,France,STK004,Plaid tricote,3,30.7,92.1
INV504307,2023-10-29,10813,France,STK001,Lampe de bureau design,2,23.47,46.94
INV504308,2023-08-01,10813,France,STK011,Plateau en bambou,2,25.86,51.72
INV504308,2023-08-01,10813,France,STK007,Panier de rangement,5,19.5,97.5
INV504309,2023-07-28,10814,France,STK010,Guirlande lumineuse,2,13.31,26.62
INV504309,2023-07-28,10814,France,STK007,Panier de rangement,3,22.28,66.84
INV504309,2023-07-28,10814,France,STK009,Vase en verre,2,22.19,44.38
INV504310,2023-09-13,10814,France,STK009,Vase en verre,1,16.35,16.35
INV504311,2023-01-16,10814,France,STK002,Coussin en lin,2,20.47,40.94
INV504312,2023-04-02,10815,Portugal,STK009,Vase en verre,4,24.74,98.96
INV504312,2023-04-02,10815,Portugal,STK002,Coussin en lin,2,19.0,38.0
INV504312,2023-04-02,10815,Portugal,STK002,Coussin en lin,3,17.3,51.900000000000006
INV504312,2023-04-02,10815,Portugal,STK005,Bougie parfumee,3,11.75,35.25
INV504313,2023-06-26,10815,Portugal,STK008,Tapis de bain,3,27.13,81.39
INV504313,2023-06-26,10815,Portugal,STK010,Guirlande lumineuse,4,15.42,61.68
INV504313,2023-06-26,10815,Portugal,STK007,Panier de rangement,4,22.72,90.88
INV504313,2023-06-26,10815,Portugal,STK007,Panier de rangement,4,22.91,91.64
INV504314,2023-10-02,10815,Portugal,STK011,Plateau en bambou,3,19.89,59.67
INV504314,2023-10-02,10815,Portugal,STK003,Set de tasses ceramique,1,19.13,19.13
INV504314,2023-10-02,10815,Portugal,STK002,Coussin en lin,3,17.23,51.69
INV504314,2023-10-02,10815,Portugal,STK007,Panier de rangement,5,22.44,112.2
INV504315,2023-02-03,10815,Portugal,STK004,Plaid tricote,5,27.57,137.85
INV504315,2023-02-03,10815,Portugal,STK009,Vase en verre,2,17.33,34.66
INV504315,2023-02-03,10815,Portugal,STK006,Cadre photo bois,3,9.83,29.490000000000002
INV504316,2023-06-07,10815,Portugal,STK012,Miroir mural rond,1,33.0,33.0
INV504316,2023-06-07,10815,Portugal,STK009,Vase en verre,4,20.56,82.24
INV504317,2023-09-27,10816,France,STK008,Tapis de bain,4,19.3,77.2
INV504317,2023-09-27,10816,France,STK007,Panier de rangement,3,17.41,52.230000000000004
INV504317,2023-09-27,10816,France,STK006,Cadre photo bois,5,9.08,45.4
INV504317,2023-09-27,10816,France,STK007,Panier de rangement,1,22.32,22.32
INV504318,2023-08-10,10816,France,STK004,Plaid tricote,3,31.8,95.4
INV504319,2023-02-21,10817,Belgium,STK011,Plateau en bambou,5,24.32,121.6
INV504320,2023-01-13,10817,Belgium,STK003,Set de tasses ceramique,2,14.41,28.82
INV504320,2023-01-13,10817,Belgium,STK009,Vase en verre,1,22.34,22.34
INV504320,2023-01-13,10817,Belgium,STK005,Bougie parfumee,2,9.1,18.2
INV504321,2023-11-28,10818,Netherlands,STK008,Tapis de bain,2,25.27,50.54
INV504321,2023-11-28,10818,Netherlands,STK008,Tapis de bain,4,20.37,81.48
INV504322,2023-07-09,10818,Netherlands,STK010,Guirlande lumineuse,3,14.77,44.31
INV504322,2023-07-09,10818,Netherlands,STK008,Tapis de bain,5,34.15,170.75
INV504323,2023-12-28,10818,Netherlands,STK010,Guirlande lumineuse,3,9.97,29.910000000000004
INV504324,2023-05-17,10818,Netherlands,STK010,Guirlande lumineuse,4,19.01,76.04
INV504324,2023-05-17,10818,Netherlands,STK009,Vase en verre,1,24.33,24.33
INV504324,2023-05-17,10818,Netherlands,STK009,Vase en verre,4,22.41,89.64
INV504324,2023-05-17,10818,Netherlands,STK001,Lampe de bureau design,5,20.5,102.5
INV504325,2023-07-29,10819,France,STK002,Coussin en lin,1,18.8,18.8
INV504326,2023-08-11,10819,France,STK003,Set de tasses ceramique,5,23.35,116.75
INV504326,2023-08-11,10819,France,STK001,Lampe de bureau design,1,23.34,23.34
INV504326,2023-08-11,10819,France,STK002,Coussin en lin,5,18.2,91.0
INV504326,2023-08-11,10819,France,STK009,Vase en verre,3,18.86,56.58
INV504327,2023-09-23,10819,France,STK006,Cadre photo bois,3,8.12,24.36
INV504327,2023-09-23,10819,France,STK005,Bougie parfumee,1,11.56,11.56
INV504327,2023-09-23,10819,France,STK004,Plaid tricote,2,30.45,60.9
INV504327,2023-09-23,10819,France,STK012,Miroir mural rond,3,40.63,121.89000000000001
INV504328,2023-11-16,10819,France,STK011,Plateau en bambou,4,24.74,98.96
INV504328,2023-11-16,10819,France,STK002,Coussin en lin,5,16.69,83.45
INV504328,2023-11-16,10819,France,STK003,Set de tasses ceramique,5,15.27,76.35
INV504329,2023-07-17,10819,France,STK011,Plateau en bambou,1,24.24,24.24
INV504329,2023-07-17,10819,France,STK001,Lampe de bureau design,4,29.55,118.2
INV504330,2023-12-10,10819,France,STK004,Plaid tricote,4,35.11,140.44
INV504330,2023-12-10,10819,France,STK007,Panier de rangement,4,23.29,93.16
INV504331,2023-02-27,10819,France,STK007,Panier de rangement,2,19.04,38.08
INV504332,2023-10-06,10820,Spain,STK004,Plaid tricote,3,29.1,87.30000000000001
INV504332,2023-10-06,10820,Spain,STK011,Plateau en bambou,5,21.24,106.19999999999999
INV504332,2023-10-06,10820,Spain,STK008,Tapis de bain,1,24.6,24.6
INV504333,2023-10-14,10820,Spain,STK011,Plateau en bambou,5,21.12,105.60000000000001
INV504333,2023-10-14,10820,Spain,STK002,Coussin en lin,2,20.53,41.06
INV504333,2023-10-14,10820,Spain,STK005,Bougie parfumee,2,15.01,30.02
INV504334,2023-03-09,10820,Spain,STK002,Coussin en lin,5,16.64,83.2
INV504334,2023-03-09,10820,Spain,STK005,Bougie parfumee,1,13.01,13.01
INV504334,2023-03-09,10820,Spain,STK005,Bougie parfumee,3,16.82,50.46
INV504334,2023-03-09,10820,Spain,STK007,Panier de rangement,3,19.73,59.19
INV504335,2023-07-24,10820,Spain,STK012,Miroir mural rond,5,52.79,263.95
INV504335,2023-07-24,10820,Spain,STK011,Plateau en bambou,2,18.92,37.84
INV504335,2023-07-24,10820,Spain,STK005,Bougie parfumee,4,12.17,48.68
INV504336,2023-10-20,10820,Spain,STK008,Tapis de bain,4,22.48,89.92
INV504336,2023-10-20,10820,Spain,STK005,Bougie parfumee,5,15.67,78.35
INV504337,2023-12-21,10820,Spain,STK007,Panier de rangement,2,22.32,44.64
INV504338,2023-11-27,10820,Spain,STK003,Set de tasses ceramique,2,13.58,27.16
INV504338,2023-11-27,10820,Spain,STK001,Lampe de bureau design,3,24.23,72.69
INV504339,2023-11-13,10820,Spain,STK004,Plaid tricote,4,36.94,147.76
INV504339,2023-11-13,10820,Spain,STK011,Plateau en bambou,1,19.65,19.65
INV504339,2023-11-13,10820,Spain,STK011,Plateau en bambou,2,15.29,30.58
INV504340,2023-03-08,10820,Spain,STK010,Guirlande lumineuse,4,13.72,54.88
INV504340,2023-03-08,10820,Spain,STK010,Guirlande lumineuse,2,15.03,30.06
INV504340,2023-03-08,10820,Spain,STK005,Bougie parfumee,2,15.43,30.86
INV504341,2023-12-09,10820,Spain,STK010,Guirlande lumineuse,1,15.62,15.62
INV504341,2023-12-09,10820,Spain,STK009,Vase en verre,5,21.26,106.30000000000001
INV504341,2023-12-09,10820,Spain,STK004,Plaid tricote,2,26.71,53.42
INV504342,2023-08-15,10820,Spain,STK006,Cadre photo bois,4,11.44,45.76
INV504342,2023-08-15,10820,Spain,STK004,Plaid tricote,2,36.72,73.44
INV504342,2023-08-15,10820,Spain,STK002,Coussin en lin,2,18.86,37.72
INV504343,2023-07-29,10820,Spain,STK004,Plaid tricote,3,29.36,88.08
INV504343,2023-07-29,10820,Spain,STK003,Set de tasses ceramique,3,16.31,48.92999999999999
INV504343,2023-07-29,10820,Spain,STK001,Lampe de bureau design,4,22.95,91.8
INV504343,2023-07-29,10820,Spain,STK005,Bougie parfumee,1,12.57,12.57
INV504344,2023-08-26,10821,France,STK005,Bougie parfumee,5,16.05,80.25
INV504345,2023-04-08,10821,France,STK012,Miroir mural rond,4,29.7,118.8
INV504345,2023-04-08,10821,France,STK002,Coussin en lin,1,16.41,16.41
INV504345,2023-04-08,10821,France,STK005,Bougie parfumee,2,10.2,20.4
INV504346,2023-10-11,10821,France,STK006,Cadre photo bois,2,7.54,15.08
INV504346,2023-10-11,10821,France,STK004,Plaid tricote,1,35.3,35.3
INV504346,2023-10-11,10821,France,STK010,Guirlande lumineuse,1,12.16,12.16
INV504347,2023-08-13,10821,France,STK004,Plaid tricote,2,30.07,60.14
INV504348,2023-08-19,10821,France,STK007,Panier de rangement,4,27.64,110.56
INV504349,2023-11-13,10821,France,STK011,Plateau en bambou,4,17.76,71.04
INV504350,2023-02-18,10821,France,STK012,Miroir mural rond,5,40.76,203.79999999999998
INV504350,2023-02-18,10821,France,STK005,Bougie parfumee,1,11.39,11.39
INV504350,2023-02-18,10821,France,STK006,Cadre photo bois,2,8.95,17.9
INV504351,2023-12-18,10821,France,STK011,Plateau en bambou,5,24.82,124.1
INV504351,2023-12-18,10821,France,STK009,Vase en verre,5,21.52,107.6
INV504351,2023-12-18,10821,France,STK012,Miroir mural rond,2,47.03,94.06
INV504352,2023-06-29,10821,France,STK007,Panier de rangement,1,17.98,17.98
INV504352,2023-06-29,10821,France,STK009,Vase en verre,2,19.95,39.9
INV504352,2023-06-29,10821,France,STK009,Vase en verre,5,24.28,121.4
INV504352,2023-06-29,10821,France,STK004,Plaid tricote,3,33.47,100.41
INV504353,2023-11-16,10821,France,STK010,Guirlande lumineuse,5,12.81,64.05
INV504353,2023-11-16,10821,France,STK009,Vase en verre,4,16.8,67.2
INV504353,2023-11-16,10821,France,STK002,Coussin en lin,5,15.82,79.1
INV504353,2023-11-16,10821,France,STK011,Plateau en bambou,3,22.12,66.36
INV504354,2023-10-08,10821,France,STK001,Lampe de bureau design,4,26.76,107.04
INV504354,2023-10-08,10821,France,STK009,Vase en verre,4,22.03,88.12
INV504355,2023-10-30,10821,France,STK006,Cadre photo bois,1,9.78,9.78
INV504356,2023-09-29,10821,France,STK005,Bougie parfumee,5,13.31,66.55
INV504357,2023-11-03,10821,France,STK006,Cadre photo bois,1,11.73,11.73
INV504358,2023-10-26,10821,France,STK008,Tapis de bain,4,30.3,121.2
INV504359,2023-05-02,10821,France,STK008,Tapis de bain,2,25.19,50.38
INV504359,2023-05-02,10821,France,STK004,Plaid tricote,3,32.62,97.85999999999999
INV504359,2023-05-02,10821,France,STK010,Guirlande lumineuse,2,14.95,29.9
INV504359,2023-05-02,10821,France,STK007,Panier de rangement,2,19.59,39.18
INV504360,2023-11-26,10821,France,STK007,Panier de rangement,3,23.7,71.1
INV504360,2023-11-26,10821,France,STK002,Coussin en lin,3,17.25,51.75
INV504360,2023-11-26,10821,France,STK006,Cadre photo bois,2,9.64,19.28
INV504360,2023-11-26,10821,France,STK004,Plaid tricote,5,28.19,140.95000000000002
INV504361,2023-04-01,10821,France,STK009,Vase en verre,1,25.5,25.5
INV504362,2023-04-04,10821,France,STK008,Tapis de bain,2,33.21,66.42
INV504362,2023-04-04,10821,France,STK004,Plaid tricote,2,31.9,63.8
INV504363,2023-04-28,10821,France,STK007,Panier de rangement,3,17.44,52.32000000000001
INV504363,2023-04-28,10821,France,STK003,Set de tasses ceramique,1,14.09,14.09
INV504363,2023-04-28,10821,France,STK001,Lampe de bureau design,2,25.79,51.58
INV504363,2023-04-28,10821,France,STK009,Vase en verre,4,16.42,65.68
INV504364,2023-08-05,10821,France,STK004,Plaid tricote,1,23.56,23.56
INV504364,2023-08-05,10821,France,STK005,Bougie parfumee,1,12.81,12.81
INV504365,2023-09-15,10822,Germany,STK004,Plaid tricote,2,22.45,44.9
INV504366,2023-09-08,10822,Germany,STK010,Guirlande lumineuse,3,17.13,51.39
INV504366,2023-09-08,10822,Germany,STK004,Plaid tricote,1,27.56,27.56
INV504367,2023-03-03,10822,Germany,STK012,Miroir mural rond,2,40.44,80.88
INV504368,2023-10-02,10822,Germany,STK009,Vase en verre,5,17.37,86.85000000000001
INV504368,2023-10-02,10822,Germany,STK001,Lampe de bureau design,1,24.0,24.0
INV504368,2023-10-02,10822,Germany,STK003,Set de tasses ceramique,2,12.25,24.5
INV504368,2023-10-02,10822,Germany,STK012,Miroir mural rond,4,41.81,167.24
INV504369,2023-06-11,10822,Germany,STK008,Tapis de bain,1,29.39,29.39
INV504369,2023-06-11,10822,Germany,STK007,Panier de rangement,4,22.05,88.2
INV504370,2023-08-09,10822,Germany,STK005,Bougie parfumee,5,12.86,64.3
INV504371,2023-04-11,10822,Germany,STK009,Vase en verre,2,23.19,46.38
INV504371,2023-04-11,10822,Germany,STK011,Plateau en bambou,4,17.58,70.32
INV504371,2023-04-11,10822,Germany,STK007,Panier de rangement,3,22.08,66.24
INV504371,2023-04-11,10822,Germany,STK010,Guirlande lumineuse,5,17.01,85.05000000000001
INV504372,2023-10-20,10822,Germany,STK001,Lampe de bureau design,3,23.92,71.76
INV504373,2023-04-26,10822,Germany,STK006,Cadre photo bois,1,9.62,9.62
INV504373,2023-04-26,10822,Germany,STK011,Plateau en bambou,5,21.82,109.1
INV504373,2023-04-26,10822,Germany,STK010,Guirlande lumineuse,3,11.84,35.519999999999996
INV504373,2023-04-26,10822,Germany,STK012,Miroir mural rond,4,41.25,165.0
INV504374,2023-11-05,10823,Spain,STK006,Cadre photo bois,5,12.49,62.45
INV504374,2023-11-05,10823,Spain,STK004,Plaid tricote,5,30.25,151.25
INV504374,2023-11-05,10823,Spain,STK009,Vase en verre,2,17.28,34.56
INV504375,2023-07-07,10823,Spain,STK005,Bougie parfumee,5,10.19,50.949999999999996
INV504376,2023-04-09,10823,Spain,STK008,Tapis de bain,5,22.04,110.19999999999999
INV504377,2023-11-12,10824,Spain,STK003,Set de tasses ceramique,5,17.25,86.25
INV504377,2023-11-12,10824,Spain,STK011,Plateau en bambou,3,23.18,69.53999999999999
INV504377,2023-11-12,10824,Spain,STK011,Plateau en bambou,5,13.54,67.69999999999999
INV504377,2023-11-12,10824,Spain,STK010,Guirlande lumineuse,5,15.09,75.45
INV504378,2023-01-15,10824,Spain,STK012,Miroir mural rond,4,39.01,156.04
INV504378,2023-01-15,10824,Spain,STK012,Miroir mural rond,3,35.94,107.82
INV504378,2023-01-15,10824,Spain,STK009,Vase en verre,2,22.43,44.86
INV504379,2023-04-05,10825,Portugal,STK005,Bougie parfumee,5,16.35,81.75
INV504379,2023-04-05,10825,Portugal,STK003,Set de tasses ceramique,4,13.91,55.64
INV504380,2023-04-02,10825,Portugal,STK009,Vase en verre,5,16.64,83.2
INV504380,2023-04-02,10825,Portugal,STK005,Bougie parfumee,1,9.94,9.94
INV504380,2023-04-02,10825,Portugal,STK003,Set de tasses ceramique,1,14.59,14.59
INV504380,2023-04-02,10825,Portugal,STK008,Tapis de bain,1,27.39,27.39
INV504381,2023-01-16,10825,Portugal,STK001,Lampe de bureau design,1,22.57,22.57
INV504381,2023-01-16,10825,Portugal,STK004,Plaid tricote,3,19.58,58.739999999999995
INV504381,2023-01-16,10825,Portugal,STK011,Plateau en bambou,3,14.5,43.5
INV504381,2023-01-16,10825,Portugal,STK012,Miroir mural rond,4,43.41,173.64
INV504382,2023-09-10,10826,Germany,STK001,Lampe de bureau design,2,24.87,49.74
INV504382,2023-09-10,10826,Germany,STK002,Coussin en lin,2,22.68,45.36
INV504382,2023-09-10,10826,Germany,STK008,Tapis de bain,3,21.24,63.72
INV504382,2023-09-10,10826,Germany,STK009,Vase en verre,2,12.48,24.96
INV504383,2023-08-23,10826,Germany,STK006,Cadre photo bois,5,9.41,47.05
INV504383,2023-08-23,10826,Germany,STK010,Guirlande lumineuse,4,18.68,74.72
INV504384,2023-06-24,10826,Germany,STK004,Plaid tricote,2,31.56,63.12
INV504384,2023-06-24,10826,Germany,STK011,Plateau en bambou,4,20.58,82.32
INV504384,2023-06-24,10826,Germany,STK007,Panier de rangement,1,18.96,18.96
INV504385,2023-11-11,10826,Germany,STK002,Coussin en lin,3,21.6,64.80000000000001
INV504385,2023-11-11,10826,Germany,STK001,Lampe de bureau design,1,23.81,23.81
INV504386,2023-12-19,10826,Germany,STK002,Coussin en lin,2,20.97,41.94
INV504386,2023-12-19,10826,Germany,STK002,Coussin en lin,3,19.11,57.33
INV504386,2023-12-19,10826,Germany,STK012,Miroir mural rond,4,41.41,165.64
INV504387,2023-09-23,10826,Germany,STK010,Guirlande lumineuse,1,10.24,10.24
INV504387,2023-09-23,10826,Germany,STK005,Bougie parfumee,5,9.52,47.599999999999994
INV504387,2023-09-23,10826,Germany,STK003,Set de tasses ceramique,5,14.94,74.7
INV504387,2023-09-23,10826,Germany,STK005,Bougie parfumee,5,14.16,70.8
INV504388,2023-05-05,10826,Germany,STK011,Plateau en bambou,1,19.64,19.64
INV504388,2023-05-05,10826,Germany,STK012,Miroir mural rond,2,44.89,89.78
INV504388,2023-05-05,10826,Germany,STK011,Plateau en bambou,2,22.65,45.3
INV504388,2023-05-05,10826,Germany,STK004,Plaid tricote,5,28.37,141.85
INV504389,2023-09-17,10826,Germany,STK001,Lampe de bureau design,5,28.77,143.85
INV504389,2023-09-17,10826,Germany,STK009,Vase en verre,5,19.17,95.85000000000001
INV504389,2023-09-17,10826,Germany,STK012,Miroir mural rond,1,44.11,44.11
INV504390,2023-06-10,10826,Germany,STK005,Bougie parfumee,5,14.01,70.05
INV504390,2023-06-10,10826,Germany,STK012,Miroir mural rond,1,30.03,30.03
INV504390,2023-06-10,10826,Germany,STK009,Vase en verre,4,22.45,89.8
INV504391,2023-12-27,10826,Germany,STK007,Panier de rangement,5,20.51,102.55000000000001
INV504391,2023-12-27,10826,Germany,STK004,Plaid tricote,5,27.13,135.65
INV504391,2023-12-27,10826,Germany,STK004,Plaid tricote,4,28.54,114.16
INV504391,2023-12-27,10826,Germany,STK009,Vase en verre,3,23.16,69.48
INV504392,2023-12-10,10826,Germany,STK006,Cadre photo bois,2,11.58,23.16
INV504392,2023-12-10,10826,Germany,STK006,Cadre photo bois,2,11.21,22.42
INV504392,2023-12-10,10826,Germany,STK005,Bougie parfumee,4,13.35,53.4
INV504392,2023-12-10,10826,Germany,STK006,Cadre photo bois,4,8.99,35.96
INV504393,2023-07-04,10826,Germany,STK010,Guirlande lumineuse,1,13.64,13.64
INV504394,2023-06-08,10826,Germany,STK006,Cadre photo bois,2,7.3,14.6
INV504394,2023-06-08,10826,Germany,STK007,Panier de rangement,5,20.9,104.5
INV504395,2023-09-29,10826,Germany,STK004,Plaid tricote,3,33.06,99.18
INV504395,2023-09-29,10826,Germany,STK003,Set de tasses ceramique,4,16.33,65.32
INV504395,2023-09-29,10826,Germany,STK002,Coussin en lin,5,20.27,101.35
INV504396,2023-05-26,10827,Portugal,STK005,Bougie parfumee,5,9.46,47.300000000000004
INV504396,2023-05-26,10827,Portugal,STK006,Cadre photo bois,2,9.47,18.94
INV504396,2023-05-26,10827,Portugal,STK009,Vase en verre,5,19.99,99.94999999999999
INV504396,2023-05-26,10827,Portugal,STK002,Coussin en lin,5,19.11,95.55
INV504397,2023-02-23,10827,Portugal,STK002,Coussin en lin,4,15.53,62.12
INV504397,2023-02-23,10827,Portugal,STK006,Cadre photo bois,1,10.97,10.97
INV504397,2023-02-23,10827,Portugal,STK005,Bougie parfumee,3,10.26,30.78
INV504398,2023-08-03,10827,Portugal,STK006,Cadre photo bois,4,11.5,46.0
INV504399,2023-01-31,10827,Portugal,STK005,Bougie parfumee,1,15.66,15.66
INV504399,2023-01-31,10827,Portugal,STK005,Bougie parfumee,3,11.95,35.849999999999994
INV504399,2023-01-31,10827,Portugal,STK010,Guirlande lumineuse,1,12.41,12.41
INV504399,2023-01-31,10827,Portugal,STK008,Tapis de bain,1,26.22,26.22
INV504400,2023-07-31,10827,Portugal,STK010,Guirlande lumineuse,3,13.95,41.849999999999994
INV504401,2023-02-24,10827,Portugal,STK008,Tapis de bain,5,28.32,141.6
INV504401,2023-02-24,10827,Portugal,STK008,Tapis de bain,3,22.78,68.34
INV504401,2023-02-24,10827,Portugal,STK008,Tapis de bain,1,26.52,26.52
INV504401,2023-02-24,10827,Portugal,STK012,Miroir mural rond,5,34.35,171.75
INV504402,2023-02-05,10827,Portugal,STK007,Panier de rangement,3,22.96,68.88
INV504402,2023-02-05,10827,Portugal,STK003,Set de tasses ceramique,4,14.72,58.88
INV504402,2023-02-05,10827,Portugal,STK010,Guirlande lumineuse,4,15.85,63.4
INV504403,2023-01-08,10827,Portugal,STK001,Lampe de bureau design,3,20.28,60.84
INV504403,2023-01-08,10827,Portugal,STK008,Tapis de bain,5,27.83,139.14999999999998
INV504403,2023-01-08,10827,Portugal,STK007,Panier de rangement,2,22.29,44.58
INV504403,2023-01-08,10827,Portugal,STK006,Cadre photo bois,3,9.57,28.71
INV504404,2023-03-28,10828,France,STK001,Lampe de bureau design,5,23.59,117.95
INV504405,2023-10-25,10828,France,STK008,Tapis de bain,2,29.98,59.96
INV504405,2023-10-25,10828,France,STK011,Plateau en bambou,4,18.94,75.76
INV504405,2023-10-25,10828,France,STK012,Miroir mural rond,3,33.91,101.72999999999999
INV504406,2023-01-29,10828,France,STK003,Set de tasses ceramique,3,16.53,49.59
INV504406,2023-01-29,10828,France,STK003,Set de tasses ceramique,2,12.42,24.84
INV504406,2023-01-29,10828,France,STK005,Bougie parfumee,1,14.89,14.89
INV504406,2023-01-29,10828,France,STK003,Set de tasses ceramique,2,14.36,28.72
INV504407,2023-11-29,10828,France,STK004,Plaid tricote,1,32.27,32.27
INV504407,2023-11-29,10828,France,STK003,Set de tasses ceramique,5,17.3,86.5
INV504408,2023-04-12,10829,France,STK006,Cadre photo bois,4,11.09,44.36
INV504408,2023-04-12,10829,France,STK008,Tapis de bain,5,32.8,164.0
INV504409,2023-08-15,10829,France,STK009,Vase en verre,5,23.55,117.75
INV504409,2023-08-15,10829,France,STK003,Set de tasses ceramique,4,15.59,62.36
INV504410,2023-01-24,10829,France,STK002,Coussin en lin,3,20.05,60.150000000000006
INV504411,2023-10-19,10829,France,STK003,Set de tasses ceramique,4,12.77,51.08
INV504411,2023-10-19,10829,France,STK003,Set de tasses ceramique,1,19.35,19.35
INV504412,2023-11-26,10829,France,STK009,Vase en verre,5,18.08,90.39999999999999
INV504412,2023-11-26,10829,France,STK007,Panier de rangement,5,22.19,110.95
INV504413,2023-03-05,10829,France,STK004,Plaid tricote,1,34.42,34.42
INV504414,2023-04-18,10829,France,STK008,Tapis de bain,3,32.1,96.30000000000001
INV504414,2023-04-18,10829,France,STK011,Plateau en bambou,3,20.76,62.28
INV504414,2023-04-18,10829,France,STK008,Tapis de bain,4,27.19,108.76
INV504415,2023-02-05,10830,France,STK011,Plateau en bambou,4,21.3,85.2
INV504415,2023-02-05,10830,France,STK005,Bougie parfumee,4,12.78,51.12
INV504415,2023-02-05,10830,France,STK006,Cadre photo bois,1,9.77,9.77
INV504415,2023-02-05,10830,France,STK010,Guirlande lumineuse,4,9.97,39.88
INV504416,2023-01-15,10830,France,STK009,Vase en verre,1,16.61,16.61
INV504416,2023-01-15,10830,France,STK006,Cadre photo bois,1,9.24,9.24
INV504416,2023-01-15,10830,France,STK009,Vase en verre,2,21.91,43.82
INV504416,2023-01-15,10830,France,STK012,Miroir mural rond,3,33.29,99.87
INV504417,2023-02-14,10830,France,STK011,Plateau en bambou,2,16.65,33.3
INV504417,2023-02-14,10830,France,STK003,Set de tasses ceramique,5,17.76,88.80000000000001
INV504418,2023-08-05,10830,France,STK005,Bougie parfumee,4,12.93,51.72
INV504418,2023-08-05,10830,France,STK006,Cadre photo bois,1,11.2,11.2
INV504418,2023-08-05,10830,France,STK010,Guirlande lumineuse,5,8.15,40.75
INV504418,2023-08-05,10830,France,STK005,Bougie parfumee,4,15.07,60.28
INV504419,2023-03-28,10830,France,STK008,Tapis de bain,3,21.85,65.55000000000001
INV504419,2023-03-28,10830,France,STK007,Panier de rangement,3,27.29,81.87
INV504419,2023-03-28,10830,France,STK007,Panier de rangement,4,17.41,69.64
INV504420,2023-04-03,10830,France,STK006,Cadre photo bois,1,11.07,11.07
INV504421,2023-01-25,10831,France,STK005,Bougie parfumee,3,13.82,41.46
INV504421,2023-01-25,10831,France,STK004,Plaid tricote,1,25.01,25.01
INV504421,2023-01-25,10831,France,STK001,Lampe de bureau design,5,22.62,113.10000000000001
INV504422,2023-10-08,10831,France,STK005,Bougie parfumee,2,15.35,30.7
INV504422,2023-10-08,10831,France,STK008,Tapis de bain,4,26.62,106.48
INV504422,2023-10-08,10831,France,STK003,Set de tasses ceramique,2,14.96,29.92
INV504423,2023-01-27,10831,France,STK001,Lampe de bureau design,4,19.35,77.4
INV504423,2023-01-27,10831,France,STK005,Bougie parfumee,1,17.11,17.11
INV504424,2023-06-08,10832,France,STK010,Guirlande lumineuse,4,16.12,64.48
INV504424,2023-06-08,10832,France,STK002,Coussin en lin,4,17.72,70.88
INV504425,2023-02-02,10832,France,STK011,Plateau en bambou,2,23.35,46.7
INV504425,2023-02-02,10832,France,STK009,Vase en verre,5,20.63,103.14999999999999
INV504425,2023-02-02,10832,France,STK005,Bougie parfumee,1,13.27,13.27
INV504426,2023-06-19,10832,France,STK004,Plaid tricote,5,35.75,178.75
INV504426,2023-06-19,10832,France,STK004,Plaid tricote,3,28.77,86.31
INV504426,2023-06-19,10832,France,STK005,Bougie parfumee,3,12.88,38.64
INV504426,2023-06-19,10832,France,STK004,Plaid tricote,1,31.31,31.31
INV504427,2023-07-15,10833,Germany,STK010,Guirlande lumineuse,3,8.82,26.46
INV504427,2023-07-15,10833,Germany,STK001,Lampe de bureau design,3,24.85,74.55000000000001
INV504428,2023-06-18,10833,Germany,STK009,Vase en verre,3,18.28,54.84
INV504428,2023-06-18,10833,Germany,STK007,Panier de rangement,5,18.63,93.14999999999999
INV504429,2023-01-04,10833,Germany,STK008,Tapis de bain,4,22.61,90.44
INV504430,2023-01-30,10833,Germany,STK010,Guirlande lumineuse,3,16.67,50.010000000000005
INV504430,2023-01-30,10833,Germany,STK009,Vase en verre,2,22.2,44.4
INV504430,2023-01-30,10833,Germany,STK001,Lampe de bureau design,4,20.26,81.04
INV504430,2023-01-30,10833,Germany,STK010,Guirlande lumineuse,5,14.21,71.05000000000001
INV504431,2023-02-02,10834,Spain,STK005,Bougie parfumee,5,10.02,50.099999999999994
INV504431,2023-02-02,10834,Spain,STK011,Plateau en bambou,2,24.82,49.64
INV504431,2023-02-02,10834,Spain,STK010,Guirlande lumineuse,4,12.38,49.52
INV504431,2023-02-02,10834,Spain,STK005,Bougie parfumee,2,15.7,31.4
INV504432,2023-04-12,10834,Spain,STK001,Lampe de bureau design,4,27.87,111.48
INV504432,2023-04-12,10834,Spain,STK007,Panier de rangement,2,15.59,31.18
INV504433,2023-03-23,10834,Spain,STK009,Vase en verre,1,14.88,14.88
INV504433,2023-03-23,10834,Spain,STK004,Plaid tricote,4,29.26,117.04
INV504433,2023-03-23,10834,Spain,STK004,Plaid tricote,5,25.39,126.95
INV504433,2023-03-23,10834,Spain,STK004,Plaid tricote,5,34.84,174.20000000000002
INV504434,2023-04-18,10834,Spain,STK005,Bougie parfumee,5,10.84,54.2
INV504434,2023-04-18,10834,Spain,STK001,Lampe de bureau design,4,27.79,111.16
INV504434,2023-04-18,10834,Spain,STK012,Miroir mural rond,5,30.68,153.4
INV504435,2023-04-27,10834,Spain,STK011,Plateau en bambou,1,19.88,19.88
INV504435,2023-04-27,10834,Spain,STK008,Tapis de bain,2,26.95,53.9
INV504436,2023-12-15,10834,Spain,STK010,Guirlande lumineuse,2,17.23,34.46
INV504436,2023-12-15,10834,Spain,STK012,Miroir mural rond,5,35.61,178.05
INV504437,2023-01-31,10834,Spain,STK001,Lampe de bureau design,4,31.01,124.04
INV504437,2023-01-31,10834,Spain,STK009,Vase en verre,5,14.13,70.65
INV504437,2023-01-31,10834,Spain,STK007,Panier de rangement,1,19.38,19.38
INV504437,2023-01-31,10834,Spain,STK002,Coussin en lin,3,21.82,65.46000000000001
INV504438,2023-01-24,10835,France,STK003,Set de tasses ceramique,3,13.93,41.79
INV504438,2023-01-24,10835,France,STK007,Panier de rangement,5,23.17,115.85000000000001
INV504438,2023-01-24,10835,France,STK004,Plaid tricote,5,24.7,123.5
INV504438,2023-01-24,10835,France,STK006,Cadre photo bois,3,7.34,22.02
INV504439,2023-12-12,10835,France,STK009,Vase en verre,4,20.78,83.12
INV504439,2023-12-12,10835,France,STK008,Tapis de bain,1,29.84,29.84
INV504439,2023-12-12,10835,France,STK003,Set de tasses ceramique,5,15.24,76.2
INV504440,2023-11-18,10835,France,STK001,Lampe de bureau design,5,25.25,126.25
INV504441,2023-01-04,10835,France,STK009,Vase en verre,5,20.28,101.4
INV504441,2023-01-04,10835,France,STK007,Panier de rangement,4,24.67,98.68
INV504441,2023-01-04,10835,France,STK003,Set de tasses ceramique,1,13.0,13.0
INV504441,2023-01-04,10835,France,STK006,Cadre photo bois,3,12.49,37.47
INV504442,2023-10-24,10835,France,STK005,Bougie parfumee,1,11.58,11.58
INV504442,2023-10-24,10835,France,STK008,Tapis de bain,1,25.08,25.08
INV504443,2023-07-20,10835,France,STK002,Coussin en lin,2,17.06,34.12
INV504443,2023-07-20,10835,France,STK004,Plaid tricote,4,27.06,108.24
INV504444,2023-04-10,10835,France,STK009,Vase en verre,4,16.86,67.44
INV504444,2023-04-10,10835,France,STK004,Plaid tricote,2,36.56,73.12
INV504444,2023-04-10,10835,France,STK002,Coussin en lin,1,18.84,18.84
INV504444,2023-04-10,10835,France,STK009,Vase en verre,3,16.22,48.66
INV504445,2023-03-31,10836,Netherlands,STK002,Coussin en lin,3,13.3,39.900000000000006
INV504446,2023-02-14,10836,Netherlands,STK004,Plaid tricote,5,36.93,184.65
INV504446,2023-02-14,10836,Netherlands,STK006,Cadre photo bois,4,9.52,38.08
INV504447,2023-03-09,10837,France,STK001,Lampe de bureau design,4,24.8,99.2
INV504447,2023-03-09,10837,France,STK012,Miroir mural rond,3,38.64,115.92
INV504448,2023-06-19,10837,France,STK001,Lampe de bureau design,1,27.64,27.64
INV504448,2023-06-19,10837,France,STK002,Coussin en lin,5,16.17,80.85000000000001
INV504448,2023-06-19,10837,France,STK011,Plateau en bambou,5,22.12,110.60000000000001
INV504449,2023-01-16,10837,France,STK005,Bougie parfumee,3,13.82,41.46
INV504450,2023-03-28,10837,France,STK001,Lampe de bureau design,3,27.47,82.41
INV504450,2023-03-28,10837,France,STK010,Guirlande lumineuse,1,18.89,18.89
INV504451,2023-01-10,10837,France,STK003,Set de tasses ceramique,5,18.67,93.35000000000001
INV504451,2023-01-10,10837,France,STK010,Guirlande lumineuse,2,15.88,31.76
INV504451,2023-01-10,10837,France,STK002,Coussin en lin,2,19.64,39.28
INV504451,2023-01-10,10837,France,STK010,Guirlande lumineuse,4,13.02,52.08
INV504452,2023-10-09,10838,France,STK011,Plateau en bambou,4,20.49,81.96
INV504453,2023-06-03,10838,France,STK009,Vase en verre,3,18.95,56.849999999999994
INV504453,2023-06-03,10838,France,STK001,Lampe de bureau design,1,21.68,21.68
INV504453,2023-06-03,10838,France,STK008,Tapis de bain,1,32.92,32.92
INV504454,2023-02-24,10838,France,STK011,Plateau en bambou,3,25.07,75.21000000000001
INV504454,2023-02-24,10838,France,STK011,Plateau en bambou,5,22.19,110.95
INV504454,2023-02-24,10838,France,STK006,Cadre photo bois,1,10.36,10.36
INV504454,2023-02-24,10838,France,STK012,Miroir mural rond,4,38.9,155.6
INV504455,2023-08-22,10838,France,STK012,Miroir mural rond,5,40.19,200.95
INV504455,2023-08-22,10838,France,STK006,Cadre photo bois,5,11.68,58.4
INV504456,2023-01-27,10839,Spain,STK005,Bougie parfumee,4,11.96,47.84
INV504456,2023-01-27,10839,Spain,STK011,Plateau en bambou,3,18.48,55.44
INV504456,2023-01-27,10839,Spain,STK003,Set de tasses ceramique,4,16.64,66.56
INV504456,2023-01-27,10839,Spain,STK003,Set de tasses ceramique,2,13.32,26.64
INV504457,2023-04-28,10839,Spain,STK007,Panier de rangement,4,24.07,96.28
INV504457,2023-04-28,10839,Spain,STK001,Lampe de bureau design,4,22.56,90.24
INV504458,2023-06-03,10839,Spain,STK002,Coussin en lin,4,22.2,88.8
INV504459,2023-03-01,10839,Spain,STK008,Tapis de bain,3,29.29,87.87
INV504459,2023-03-01,10839,Spain,STK010,Guirlande lumineuse,5,13.59,67.95
INV504460,2023-06-14,10839,Spain,STK003,Set de tasses ceramique,4,10.69,42.76
INV504461,2023-01-31,10839,Spain,STK009,Vase en verre,3,17.84,53.519999999999996
INV504461,2023-01-31,10839,Spain,STK007,Panier de rangement,2,20.49,40.98
INV504461,2023-01-31,10839,Spain,STK007,Panier de rangement,4,18.5,74.0
INV504462,2023-09-16,10840,Italy,STK005,Bougie parfumee,5,14.88,74.4
INV504462,2023-09-16,10840,Italy,STK010,Guirlande lumineuse,3,12.09,36.269999999999996
INV504462,2023-09-16,10840,Italy,STK009,Vase en verre,1,18.88,18.88
INV504463,2023-06-10,10840,Italy,STK012,Miroir mural rond,1,34.16,34.16
INV504464,2023-07-27,10840,Italy,STK010,Guirlande lumineuse,2,14.83,29.66
INV504464,2023-07-27,10840,Italy,STK009,Vase en verre,1,22.39,22.39
INV504464,2023-07-27,10840,Italy,STK004,Plaid tricote,1,29.02,29.02
INV504464,2023-07-27,10840,Italy,STK001,Lampe de bureau design,5,24.19,120.95
INV504465,2023-10-29,10840,Italy,STK010,Guirlande lumineuse,5,16.6,83.0
INV504465,2023-10-29,10840,Italy,STK001,Lampe de bureau design,1,27.88,27.88
INV504466,2023-06-06,10840,Italy,STK005,Bougie parfumee,5,11.87,59.349999999999994
INV504467,2023-12-19,10840,Italy,STK008,Tapis de bain,3,28.61,85.83
INV504467,2023-12-19,10840,Italy,STK010,Guirlande lumineuse,2,9.61,19.22
INV504468,2023-11-14,10840,Italy,STK009,Vase en verre,5,19.33,96.64999999999999
INV504469,2023-10-27,10840,Italy,STK008,Tapis de bain,2,28.98,57.96
INV504469,2023-10-27,10840,Italy,STK007,Panier de rangement,4,22.06,88.24
INV504469,2023-10-27,10840,Italy,STK012,Miroir mural rond,1,41.75,41.75
INV504469,2023-10-27,10840,Italy,STK012,Miroir mural rond,1,42.13,42.13
INV504470,2023-04-16,10840,Italy,STK011,Plateau en bambou,2,24.45,48.9
INV504470,2023-04-16,10840,Italy,STK011,Plateau en bambou,4,21.57,86.28
INV504470,2023-04-16,10840,Italy,STK008,Tapis de bain,4,31.64,126.56
INV504471,2023-09-27,10840,Italy,STK004,Plaid tricote,2,34.3,68.6
INV504471,2023-09-27,10840,Italy,STK008,Tapis de bain,1,28.9,28.9
INV504471,2023-09-27,10840,Italy,STK008,Tapis de bain,4,25.7,102.8
INV504471,2023-09-27,10840,Italy,STK007,Panier de rangement,1,21.53,21.53
INV504472,2023-05-02,10840,Italy,STK006,Cadre photo bois,3,9.94,29.82
INV504473,2023-02-05,10840,Italy,STK010,Guirlande lumineuse,1,12.84,12.84
INV504473,2023-02-05,10840,Italy,STK003,Set de tasses ceramique,3,17.67,53.010000000000005
INV504473,2023-02-05,10840,Italy,STK004,Plaid tricote,5,29.67,148.35000000000002
INV504473,2023-02-05,10840,Italy,STK012,Miroir mural rond,1,43.11,43.11
INV504474,2023-07-21,10840,Italy,STK003,Set de tasses ceramique,3,12.92,38.76
INV504474,2023-07-21,10840,Italy,STK003,Set de tasses ceramique,2,16.26,32.52
INV504474,2023-07-21,10840,Italy,STK002,Coussin en lin,4,17.25,69.0
INV504475,2023-04-20,10840,Italy,STK004,Plaid tricote,3,30.64,91.92
INV504475,2023-04-20,10840,Italy,STK007,Panier de rangement,4,21.04,84.16
INV504476,2023-10-29,10840,Italy,STK012,Miroir mural rond,3,43.15,129.45
INV504476,2023-10-29,10840,Italy,STK012,Miroir mural rond,3,36.48,109.44
INV504476,2023-10-29,10840,Italy,STK001,Lampe de bureau design,5,24.21,121.05000000000001
INV504477,2023-10-18,10840,Italy,STK002,Coussin en lin,4,19.65,78.6
INV504477,2023-10-18,10840,Italy,STK006,Cadre photo bois,2,8.38,16.76
INV504478,2023-10-24,10840,Italy,STK008,Tapis de bain,3,30.11,90.33
INV504478,2023-10-24,10840,Italy,STK011,Plateau en bambou,2,17.82,35.64
INV504478,2023-10-24,10840,Italy,STK006,Cadre photo bois,1,10.62,10.62
INV504479,2023-12-01,10841,Germany,STK006,Cadre photo bois,5,13.25,66.25
INV504479,2023-12-01,10841,Germany,STK006,Cadre photo bois,4,10.56,42.24
INV504480,2023-10-30,10842,France,STK009,Vase en verre,4,18.15,72.6
INV504481,2023-07-25,10842,France,STK002,Coussin en lin,1,15.12,15.12
INV504481,2023-07-25,10842,France,STK007,Panier de rangement,4,23.6,94.4
INV504481,2023-07-25,10842,France,STK009,Vase en verre,3,20.9,62.699999999999996
INV504482,2023-10-02,10842,France,STK002,Coussin en lin,1,16.79,16.79
INV504482,2023-10-02,10842,France,STK011,Plateau en bambou,5,18.29,91.44999999999999
INV504482,2023-10-02,10842,France,STK010,Guirlande lumineuse,1,16.81,16.81
INV504483,2023-07-13,10843,France,STK004,Plaid tricote,4,30.54,122.16
INV504483,2023-07-13,10843,France,STK011,Plateau en bambou,2,21.78,43.56
INV504483,2023-07-13,10843,France,STK007,Panier de rangement,4,21.84,87.36
INV504484,2023-12-23,10844,Spain,STK006,Cadre photo bois,3,7.53,22.59
INV504484,2023-12-23,10844,Spain,STK010,Guirlande lumineuse,1,16.89,16.89
INV504484,2023-12-23,10844,Spain,STK010,Guirlande lumineuse,3,14.0,42.0
INV504485,2023-08-19,10844,Spain,STK009,Vase en verre,3,21.45,64.35
INV504485,2023-08-19,10844,Spain,STK012,Miroir mural rond,1,34.34,34.34
INV504485,2023-08-19,10844,Spain,STK010,Guirlande lumineuse,4,14.11,56.44
INV504486,2023-05-17,10844,Spain,STK003,Set de tasses ceramique,5,13.17,65.85
INV504486,2023-05-17,10844,Spain,STK010,Guirlande lumineuse,1,10.46,10.46
INV504487,2023-03-24,10844,Spain,STK001,Lampe de bureau design,1,29.46,29.46
INV504487,2023-03-24,10844,Spain,STK009,Vase en verre,1,16.45,16.45
INV504488,2023-08-01,10844,Spain,STK007,Panier de rangement,4,22.68,90.72
INV504488,2023-08-01,10844,Spain,STK006,Cadre photo bois,3,11.76,35.28
INV504488,2023-08-01,10844,Spain,STK005,Bougie parfumee,3,12.11,36.33
INV504488,2023-08-01,10844,Spain,STK012,Miroir mural rond,2,44.55,89.1
INV504489,2023-04-11,10845,France,STK010,Guirlande lumineuse,2,15.71,31.42
INV504490,2023-03-28,10845,France,STK012,Miroir mural rond,5,37.33,186.64999999999998
INV504490,2023-03-28,10845,France,STK012,Miroir mural rond,5,43.32,216.6
INV504491,2023-03-08,10845,France,STK003,Set de tasses ceramique,2,16.11,32.22
INV504491,2023-03-08,10845,France,STK010,Guirlande lumineuse,4,10.14,40.56
INV504492,2023-01-13,10845,France,STK011,Plateau en bambou,2,23.17,46.34
INV504492,2023-01-13,10845,France,STK002,Coussin en lin,3,18.63,55.89
INV504492,2023-01-13,10845,France,STK011,Plateau en bambou,3,21.97,65.91
INV504492,2023-01-13,10845,France,STK001,Lampe de bureau design,1,28.14,28.14
INV504493,2023-01-17,10846,Spain,STK009,Vase en verre,4,24.06,96.24
INV504493,2023-01-17,10846,Spain,STK010,Guirlande lumineuse,4,12.62,50.48
INV504493,2023-01-17,10846,Spain,STK001,Lampe de bureau design,3,28.14,84.42
INV504494,2023-12-25,10846,Spain,STK010,Guirlande lumineuse,1,10.11,10.11
INV504494,2023-12-25,10846,Spain,STK008,Tapis de bain,3,24.23,72.69
INV504495,2023-05-22,10846,Spain,STK011,Plateau en bambou,4,20.64,82.56
INV504495,2023-05-22,10846,Spain,STK010,Guirlande lumineuse,2,14.38,28.76
INV504495,2023-05-22,10846,Spain,STK005,Bougie parfumee,5,13.29,66.44999999999999
INV504496,2023-05-25,10847,Spain,STK009,Vase en verre,2,20.02,40.04
INV504496,2023-05-25,10847,Spain,STK009,Vase en verre,1,25.31,25.31
INV504496,2023-05-25,10847,Spain,STK011,Plateau en bambou,2,15.34,30.68
INV504497,2023-09-28,10847,Spain,STK011,Plateau en bambou,5,21.49,107.44999999999999
INV504497,2023-09-28,10847,Spain,STK003,Set de tasses ceramique,4,15.36,61.44
INV504498,2023-10-26,10847,Spain,STK005,Bougie parfumee,2,12.49,24.98
INV504498,2023-10-26,10847,Spain,STK011,Plateau en bambou,4,25.66,102.64
INV504498,2023-10-26,10847,Spain,STK003,Set de tasses ceramique,1,15.19,15.19
INV504499,2023-02-07,10847,Spain,STK011,Plateau en bambou,1,21.01,21.01
INV504499,2023-02-07,10847,Spain,STK004,Plaid tricote,3,36.46,109.38
INV504500,2023-05-04,10847,Spain,STK011,Plateau en bambou,1,24.62,24.62
INV504501,2023-03-28,10847,Spain,STK010,Guirlande lumineuse,1,12.2,12.2
INV504502,2023-03-27,10847,Spain,STK012,Miroir mural rond,1,42.97,42.97
INV504502,2023-03-27,10847,Spain,STK004,Plaid tricote,1,28.39,28.39
INV504502,2023-03-27,10847,Spain,STK009,Vase en verre,4,20.88,83.52
INV504503,2023-09-22,10847,Spain,STK010,Guirlande lumineuse,2,15.26,30.52
INV504503,2023-09-22,10847,Spain,STK004,Plaid tricote,3,29.07,87.21000000000001
INV504503,2023-09-22,10847,Spain,STK004,Plaid tricote,1,33.91,33.91
INV504504,2023-06-09,10848,France,STK003,Set de tasses ceramique,1,11.51,11.51
INV504505,2023-01-16,10848,France,STK011,Plateau en bambou,4,22.14,88.56
INV504506,2023-01-14,10848,France,STK008,Tapis de bain,4,16.58,66.32
INV504506,2023-01-14,10848,France,STK004,Plaid tricote,4,30.7,122.8
INV504506,2023-01-14,10848,France,STK001,Lampe de bureau design,2,20.02,40.04
INV504506,2023-01-14,10848,France,STK007,Panier de rangement,4,20.73,82.92
INV504507,2023-05-13,10848,France,STK005,Bougie parfumee,2,14.22,28.44
INV504508,2023-03-10,10849,Italy,STK001,Lampe de bureau design,1,21.1,21.1
INV504508,2023-03-10,10849,Italy,STK011,Plateau en bambou,2,18.89,37.78
INV504509,2023-03-21,10849,Italy,STK005,Bougie parfumee,1,11.66,11.66
INV504509,2023-03-21,10849,Italy,STK011,Plateau en bambou,2,15.52,31.04
INV504510,2023-12-02,10849,Italy,STK003,Set de tasses ceramique,1,16.05,16.05
INV504510,2023-12-02,10849,Italy,STK004,Plaid tricote,3,26.76,80.28
INV504511,2023-08-15,10849,Italy,STK008,Tapis de bain,1,19.67,19.67
INV504511,2023-08-15,10849,Italy,STK003,Set de tasses ceramique,2,14.08,28.16
INV504511,2023-08-15,10849,Italy,STK009,Vase en verre,5,22.34,111.7
INV504511,2023-08-15,10849,Italy,STK009,Vase en verre,3,22.05,66.15
INV504512,2023-05-09,10849,Italy,STK012,Miroir mural rond,3,36.75,110.25
INV504513,2023-05-13,10849,Italy,STK010,Guirlande lumineuse,5,14.62,73.1
INV504514,2023-10-03,10849,Italy,STK005,Bougie parfumee,2,12.5,25.0
INV504514,2023-10-03,10849,Italy,STK010,Guirlande lumineuse,4,15.96,63.84
INV504514,2023-10-03,10849,Italy,STK007,Panier de rangement,2,15.88,31.76
INV504514,2023-10-03,10849,Italy,STK007,Panier de rangement,2,23.65,47.3
INV504515,2023-10-25,10849,Italy,STK005,Bougie parfumee,1,13.36,13.36
INV504515,2023-10-25,10849,Italy,STK002,Coussin en lin,5,22.65,113.25
INV504515,2023-10-25,10849,Italy,STK008,Tapis de bain,4,29.91,119.64
INV504516,2023-02-26,10850,France,STK006,Cadre photo bois,3,10.19,30.57
INV504516,2023-02-26,10850,France,STK012,Miroir mural rond,3,47.66,142.98
INV504516,2023-02-26,10850,France,STK004,Plaid tricote,4,22.92,91.68
INV504517,2023-03-28,10850,France,STK011,Plateau en bambou,5,25.7,128.5
INV504517,2023-03-28,10850,France,STK009,Vase en verre,4,18.42,73.68
INV504517,2023-03-28,10850,France,STK003,Set de tasses ceramique,4,15.87,63.48
INV504518,2023-03-04,10850,France,STK004,Plaid tricote,3,18.42,55.260000000000005
INV504518,2023-03-04,10850,France,STK003,Set de tasses ceramique,3,16.13,48.39
INV504519,2023-04-12,10850,France,STK008,Tapis de bain,3,25.08,75.24
INV504519,2023-04-12,10850,France,STK007,Panier de rangement,5,21.3,106.5
INV504520,2023-08-05,10850,France,STK006,Cadre photo bois,5,9.52,47.599999999999994
INV504520,2023-08-05,10850,France,STK006,Cadre photo bois,3,11.03,33.089999999999996
INV504520,2023-08-05,10850,France,STK009,Vase en verre,2,20.04,40.08
INV504521,2023-11-05,10851,Germany,STK012,Miroir mural rond,3,32.61,97.83
INV504522,2023-12-29,10851,Germany,STK011,Plateau en bambou,2,27.14,54.28
INV504522,2023-12-29,10851,Germany,STK012,Miroir mural rond,3,44.4,133.2
INV504522,2023-12-29,10851,Germany,STK007,Panier de rangement,3,19.15,57.449999999999996
INV504523,2023-08-30,10851,Germany,STK003,Set de tasses ceramique,2,13.95,27.9
INV504523,2023-08-30,10851,Germany,STK008,Tapis de bain,4,34.78,139.12
INV504523,2023-08-30,10851,Germany,STK006,Cadre photo bois,3,9.31,27.93
INV504524,2023-11-25,10851,Germany,STK007,Panier de rangement,1,16.72,16.72
INV504524,2023-11-25,10851,Germany,STK001,Lampe de bureau design,4,25.21,100.84
INV504524,2023-11-25,10851,Germany,STK009,Vase en verre,1,21.58,21.58
INV504525,2023-11-24,10851,Germany,STK001,Lampe de bureau design,1,22.13,22.13
INV504525,2023-11-24,10851,Germany,STK004,Plaid tricote,4,30.27,121.08
INV504525,2023-11-24,10851,Germany,STK006,Cadre photo bois,3,9.75,29.25
INV504526,2023-12-12,10851,Germany,STK002,Coussin en lin,3,13.81,41.43
INV504526,2023-12-12,10851,Germany,STK003,Set de tasses ceramique,2,13.82,27.64
INV504527,2023-12-28,10852,Belgium,STK001,Lampe de bureau design,4,22.18,88.72
INV504527,2023-12-28,10852,Belgium,STK004,Plaid tricote,2,29.56,59.12
INV504527,2023-12-28,10852,Belgium,STK012,Miroir mural rond,5,35.48,177.39999999999998
INV504527,2023-12-28,10852,Belgium,STK010,Guirlande lumineuse,3,13.73,41.19
INV504528,2023-07-16,10852,Belgium,STK007,Panier de rangement,5,19.74,98.69999999999999
INV504528,2023-07-16,10852,Belgium,STK001,Lampe de bureau design,2,23.34,46.68
INV504528,2023-07-16,10852,Belgium,STK005,Bougie parfumee,3,15.04,45.12
INV504529,2023-04-20,10853,France,STK005,Bougie parfumee,5,11.93,59.65
INV504529,2023-04-20,10853,France,STK010,Guirlande lumineuse,3,12.57,37.71
INV504529,2023-04-20,10853,France,STK004,Plaid tricote,3,33.38,100.14000000000001
INV504529,2023-04-20,10853,France,STK005,Bougie parfumee,5,10.53,52.65
INV504530,2023-02-05,10853,France,STK011,Plateau en bambou,4,21.8,87.2
INV504530,2023-02-05,10853,France,STK008,Tapis de bain,4,26.57,106.28
INV504530,2023-02-05,10853,France,STK001,Lampe de bureau design,2,21.03,42.06
INV504530,2023-02-05,10853,France,STK012,Miroir mural rond,2,26.43,52.86
INV504531,2023-01-10,10853,France,STK012,Miroir mural rond,3,43.21,129.63
INV504531,2023-01-10,10853,France,STK012,Miroir mural rond,2,44.23,88.46
INV504531,2023-01-10,10853,France,STK003,Set de tasses ceramique,4,15.28,61.12
INV504531,2023-01-10,10853,France,STK008,Tapis de bain,2,25.37,50.74
INV504532,2023-01-06,10853,France,STK003,Set de tasses ceramique,2,13.97,27.94
INV504533,2023-11-29,10853,France,STK010,Guirlande lumineuse,3,12.18,36.54
INV504534,2023-01-06,10854,France,STK004,Plaid tricote,1,31.65,31.65
INV504534,2023-01-06,10854,France,STK005,Bougie parfumee,3,13.61,40.83
INV504535,2023-07-21,10854,France,STK010,Guirlande lumineuse,2,13.46,26.92
INV504536,2023-07-03,10854,France,STK008,Tapis de bain,4,27.87,111.48
INV504536,2023-07-03,10854,France,STK005,Bougie parfumee,3,13.3,39.900000000000006
INV504536,2023-07-03,10854,France,STK004,Plaid tricote,4,30.91,123.64
INV504536,2023-07-03,10854,France,STK012,Miroir mural rond,3,41.97,125.91
INV504537,2023-02-11,10855,Belgium,STK006,Cadre photo bois,5,7.59,37.95
INV504537,2023-02-11,10855,Belgium,STK004,Plaid tricote,3,22.87,68.61
INV504538,2023-04-05,10855,Belgium,STK009,Vase en verre,1,18.22,18.22
INV504538,2023-04-05,10855,Belgium,STK004,Plaid tricote,5,29.23,146.15
INV504539,2023-08-16,10855,Belgium,STK012,Miroir mural rond,1,47.61,47.61
INV504540,2023-01-18,10855,Belgium,STK005,Bougie parfumee,2,12.39,24.78
INV504541,2023-04-28,10856,France,STK010,Guirlande lumineuse,2,14.66,29.32
INV504541,2023-04-28,10856,France,STK002,Coussin en lin,3,15.47,46.410000000000004
INV504541,2023-04-28,10856,France,STK002,Coussin en lin,4,19.42,77.68
INV504541,2023-04-28,10856,France,STK003,Set de tasses ceramique,4,16.79,67.16
INV504542,2023-05-01,10856,France,STK006,Cadre photo bois,2,9.61,19.22
INV504543,2023-12-18,10856,France,STK012,Miroir mural rond,3,34.62,103.85999999999999
INV504543,2023-12-18,10856,France,STK007,Panier de rangement,2,20.96,41.92
INV504544,2023-04-20,10856,France,STK011,Plateau en bambou,3,18.75,56.25
INV504544,2023-04-20,10856,France,STK011,Plateau en bambou,5,20.43,102.15
INV504544,2023-04-20,10856,France,STK008,Tapis de bain,2,29.86,59.72
INV504544,2023-04-20,10856,France,STK003,Set de tasses ceramique,5,18.26,91.30000000000001
INV504545,2023-01-18,10856,France,STK002,Coussin en lin,5,22.73,113.65
INV504545,2023-01-18,10856,France,STK001,Lampe de bureau design,1,20.49,20.49
INV504545,2023-01-18,10856,France,STK011,Plateau en bambou,4,22.67,90.68
INV504546,2023-04-15,10856,France,STK007,Panier de rangement,5,13.88,69.4
INV504547,2023-07-29,10856,France,STK004,Plaid tricote,5,38.87,194.35
INV504547,2023-07-29,10856,France,STK005,Bougie parfumee,2,12.48,24.96
INV504548,2023-04-22,10857,France,STK008,Tapis de bain,2,33.0,66.0
INV504549,2023-10-03,10857,France,STK009,Vase en verre,1,20.08,20.08
INV504550,2023-04-04,10858,Portugal,STK004,Plaid tricote,1,28.69,28.69
INV504550,2023-04-04,10858,Portugal,STK005,Bougie parfumee,2,13.72,27.44
INV504550,2023-04-04,10858,Portugal,STK006,Cadre photo bois,1,11.84,11.84
INV504550,2023-04-04,10858,Portugal,STK006,Cadre photo bois,2,9.62,19.24
INV504551,2023-04-19,10858,Portugal,STK011,Plateau en bambou,2,20.59,41.18
INV504551,2023-04-19,10858,Portugal,STK001,Lampe de bureau design,5,20.65,103.25
INV504551,2023-04-19,10858,Portugal,STK008,Tapis de bain,2,26.39,52.78
INV504551,2023-04-19,10858,Portugal,STK006,Cadre photo bois,4,9.66,38.64
INV504552,2023-06-06,10859,Portugal,STK006,Cadre photo bois,3,7.98,23.94
INV504552,2023-06-06,10859,Portugal,STK007,Panier de rangement,5,23.41,117.05
INV504552,2023-06-06,10859,Portugal,STK007,Panier de rangement,1,22.1,22.1
INV504553,2023-01-16,10859,Portugal,STK011,Plateau en bambou,4,25.84,103.36
INV504553,2023-01-16,10859,Portugal,STK002,Coussin en lin,2,22.95,45.9
INV504554,2023-06-04,10859,Portugal,STK012,Miroir mural rond,1,40.1,40.1
INV504554,2023-06-04,10859,Portugal,STK009,Vase en verre,2,21.46,42.92
INV504554,2023-06-04,10859,Portugal,STK006,Cadre photo bois,4,10.6,42.4
INV504554,2023-06-04,10859,Portugal,STK005,Bougie parfumee,1,13.13,13.13
INV504555,2023-06-28,10859,Portugal,STK010,Guirlande lumineuse,5,12.33,61.65
INV504555,2023-06-28,10859,Portugal,STK012,Miroir mural rond,2,42.51,85.02
INV504555,2023-06-28,10859,Portugal,STK001,Lampe de bureau design,3,21.53,64.59
INV504555,2023-06-28,10859,Portugal,STK012,Miroir mural rond,5,34.63,173.15
INV504556,2023-12-23,10859,Portugal,STK008,Tapis de bain,5,27.28,136.4
INV504557,2023-04-16,10859,Portugal,STK001,Lampe de bureau design,1,27.79,27.79
INV504557,2023-04-16,10859,Portugal,STK008,Tapis de bain,1,29.45,29.45
INV504557,2023-04-16,10859,Portugal,STK007,Panier de rangement,2,27.94,55.88
INV504558,2023-08-05,10859,Portugal,STK008,Tapis de bain,4,28.59,114.36
INV504559,2023-02-09,10859,Portugal,STK001,Lampe de bureau design,3,26.23,78.69
INV504559,2023-02-09,10859,Portugal,STK006,Cadre photo bois,5,8.45,42.25
INV504559,2023-02-09,10859,Portugal,STK002,Coussin en lin,5,16.82,84.1
INV504560,2023-05-23,10859,Portugal,STK010,Guirlande lumineuse,1,18.74,18.74
INV504561,2023-11-27,10860,France,STK009,Vase en verre,3,17.86,53.58
INV504562,2023-05-09,10861,Netherlands,STK006,Cadre photo bois,3,9.19,27.57
INV504562,2023-05-09,10861,Netherlands,STK001,Lampe de bureau design,3,19.34,58.019999999999996
INV504562,2023-05-09,10861,Netherlands,STK012,Miroir mural rond,4,43.98,175.92
INV504562,2023-05-09,10861,Netherlands,STK004,Plaid tricote,4,29.57,118.28
INV504563,2023-02-16,10861,Netherlands,STK005,Bougie parfumee,3,11.46,34.38
INV504563,2023-02-16,10861,Netherlands,STK007,Panier de rangement,3,22.28,66.84
INV504564,2023-10-21,10861,Netherlands,STK008,Tapis de bain,3,25.88,77.64
INV504564,2023-10-21,10861,Netherlands,STK009,Vase en verre,1,17.98,17.98
INV504564,2023-10-21,10861,Netherlands,STK011,Plateau en bambou,1,23.18,23.18
INV504565,2023-04-02,10862,France,STK010,Guirlande lumineuse,4,14.06,56.24
INV504565,2023-04-02,10862,France,STK010,Guirlande lumineuse,1,14.39,14.39
INV504565,2023-04-02,10862,France,STK012,Miroir mural rond,1,39.13,39.13
INV504565,2023-04-02,10862,France,STK006,Cadre photo bois,1,12.42,12.42
INV504566,2023-06-11,10862,France,STK006,Cadre photo bois,2,10.09,20.18
INV504566,2023-06-11,10862,France,STK012,Miroir mural rond,3,48.51,145.53
INV504566,2023-06-11,10862,France,STK009,Vase en verre,4,24.49,97.96
INV504567,2023-08-18,10862,France,STK003,Set de tasses ceramique,2,14.68,29.36
INV504568,2023-03-09,10862,France,STK002,Coussin en lin,1,18.97,18.97
INV504569,2023-05-04,10862,France,STK003,Set de tasses ceramique,3,15.36,46.08
INV504569,2023-05-04,10862,France,STK005,Bougie parfumee,4,12.62,50.48
INV504569,2023-05-04,10862,France,STK001,Lampe de bureau design,4,21.92,87.68
INV504570,2023-07-24,10862,France,STK010,Guirlande lumineuse,2,11.96,23.92
INV504570,2023-07-24,10862,France,STK007,Panier de rangement,1,19.1,19.1
INV504570,2023-07-24,10862,France,STK007,Panier de rangement,4,19.34,77.36
INV504571,2023-10-07,10863,France,STK004,Plaid tricote,1,34.38,34.38
INV504572,2023-08-07,10863,France,STK006,Cadre photo bois,4,10.1,40.4
INV504572,2023-08-07,10863,France,STK011,Plateau en bambou,5,24.24,121.19999999999999
INV504572,2023-08-07,10863,France,STK005,Bougie parfumee,5,11.73,58.650000000000006
INV504573,2023-07-25,10863,France,STK004,Plaid tricote,5,36.03,180.15
INV504573,2023-07-25,10863,France,STK008,Tapis de bain,5,30.15,150.75
INV504574,2023-09-02,10863,France,STK009,Vase en verre,5,14.13,70.65
INV504574,2023-09-02,10863,France,STK011,Plateau en bambou,4,13.4,53.6
INV504575,2023-04-22,10864,Spain,STK009,Vase en verre,5,18.68,93.4
INV504575,2023-04-22,10864,Spain,STK007,Panier de rangement,3,20.36,61.08
INV504575,2023-04-22,10864,Spain,STK007,Panier de rangement,4,15.27,61.08
INV504576,2023-07-09,10864,Spain,STK001,Lampe de bureau design,2,23.48,46.96
INV504576,2023-07-09,10864,Spain,STK005,Bougie parfumee,5,13.72,68.60000000000001
INV504576,2023-07-09,10864,Spain,STK011,Plateau en bambou,3,25.61,76.83
INV504576,2023-07-09,10864,Spain,STK010,Guirlande lumineuse,2,14.54,29.08
INV504577,2023-08-27,10864,Spain,STK005,Bougie parfumee,4,14.47,57.88
INV504577,2023-08-27,10864,Spain,STK012,Miroir mural rond,1,32.33,32.33
INV504577,2023-08-27,10864,Spain,STK010,Guirlande lumineuse,4,16.1,64.4
INV504578,2023-06-21,10865,France,STK007,Panier de rangement,1,23.7,23.7
INV504579,2023-12-27,10865,France,STK003,Set de tasses ceramique,3,18.05,54.150000000000006
INV504579,2023-12-27,10865,France,STK001,Lampe de bureau design,5,28.81,144.04999999999998
INV504579,2023-12-27,10865,France,STK004,Plaid tricote,5,30.63,153.15
INV504580,2023-09-24,10865,France,STK003,Set de tasses ceramique,4,14.73,58.92
INV504580,2023-09-24,10865,France,STK008,Tapis de bain,1,28.71,28.71
INV504580,2023-09-24,10865,France,STK005,Bougie parfumee,2,12.87,25.74
INV504581,2023-07-29,10865,France,STK011,Plateau en bambou,5,17.29,86.44999999999999
INV504581,2023-07-29,10865,France,STK007,Panier de rangement,1,20.03,20.03
INV504581,2023-07-29,10865,France,STK011,Plateau en bambou,1,23.79,23.79
INV504582,2023-11-02,10865,France,STK009,Vase en verre,2,21.29,42.58
INV504583,2023-07-27,10865,France,STK009,Vase en verre,1,22.18,22.18
INV504583,2023-07-27,10865,France,STK012,Miroir mural rond,2,26.78,53.56
INV504584,2023-12-24,10865,France,STK012,Miroir mural rond,2,46.64,93.28
INV504584,2023-12-24,10865,France,STK009,Vase en verre,2,14.78,29.56
INV504585,2023-06-18,10865,France,STK006,Cadre photo bois,5,9.41,47.05
INV504586,2023-09-19,10865,France,STK001,Lampe de bureau design,1,23.82,23.82
INV504586,2023-09-19,10865,France,STK010,Guirlande lumineuse,3,14.7,44.099999999999994
INV504586,2023-09-19,10865,France,STK006,Cadre photo bois,4,9.77,39.08
INV504587,2023-03-23,10865,France,STK012,Miroir mural rond,5,38.48,192.39999999999998
INV504587,2023-03-23,10865,France,STK005,Bougie parfumee,1,13.44,13.44
INV504588,2023-09-03,10865,France,STK008,Tapis de bain,2,27.26,54.52
INV504588,2023-09-03,10865,France,STK006,Cadre photo bois,1,8.04,8.04
INV504589,2023-05-15,10865,France,STK007,Panier de rangement,5,21.83,109.14999999999999
INV504589,2023-05-15,10865,France,STK005,Bougie parfumee,2,18.26,36.52
INV504589,2023-05-15,10865,France,STK002,Coussin en lin,1,24.26,24.26
INV504590,2023-08-27,10865,France,STK008,Tapis de bain,5,23.81,119.05
INV504591,2023-07-27,10865,France,STK009,Vase en verre,2,16.94,33.88
INV504591,2023-07-27,10865,France,STK005,Bougie parfumee,4,13.22,52.88
INV504591,2023-07-27,10865,France,STK008,Tapis de bain,2,27.36,54.72
INV504592,2023-09-30,10866,Germany,STK012,Miroir mural rond,1,37.93,37.93
INV504592,2023-09-30,10866,Germany,STK012,Miroir mural rond,3,39.26,117.78
INV504593,2023-11-16,10866,Germany,STK004,Plaid tricote,3,37.39,112.17
INV504594,2023-05-05,10866,Germany,STK010,Guirlande lumineuse,5,14.65,73.25
INV504594,2023-05-05,10866,Germany,STK006,Cadre photo bois,4,9.35,37.4
INV504594,2023-05-05,10866,Germany,STK001,Lampe de bureau design,5,25.58,127.89999999999999
INV504594,2023-05-05,10866,Germany,STK001,Lampe de bureau design,3,25.65,76.94999999999999
INV504595,2023-09-02,10866,Germany,STK003,Set de tasses ceramique,5,19.81,99.05
INV504595,2023-09-02,10866,Germany,STK009,Vase en verre,2,14.84,29.68
INV504595,2023-09-02,10866,Germany,STK005,Bougie parfumee,1,16.66,16.66
INV504596,2023-04-14,10866,Germany,STK009,Vase en verre,1,21.03,21.03
INV504597,2023-11-16,10866,Germany,STK001,Lampe de bureau design,2,16.82,33.64
INV504598,2023-06-05,10866,Germany,STK010,Guirlande lumineuse,3,13.14,39.42
INV504598,2023-06-05,10866,Germany,STK010,Guirlande lumineuse,3,14.19,42.57
INV504598,2023-06-05,10866,Germany,STK012,Miroir mural rond,3,37.74,113.22
INV504599,2023-10-20,10866,Germany,STK003,Set de tasses ceramique,5,13.66,68.3
INV504599,2023-10-20,10866,Germany,STK004,Plaid tricote,4,39.98,159.92
INV504599,2023-10-20,10866,Germany,STK005,Bougie parfumee,3,11.78,35.339999999999996
INV504600,2023-04-18,10866,Germany,STK011,Plateau en bambou,1,14.22,14.22
INV504600,2023-04-18,10866,Germany,STK004,Plaid tricote,5,31.13,155.65
INV504600,2023-04-18,10866,Germany,STK006,Cadre photo bois,2,11.28,22.56
INV504601,2023-05-25,10866,Germany,STK012,Miroir mural rond,2,50.18,100.36
INV504602,2023-06-04,10867,Spain,STK003,Set de tasses ceramique,1,15.0,15.0
INV504602,2023-06-04,10867,Spain,STK009,Vase en verre,5,22.34,111.7
INV504603,2023-12-19,10867,Spain,STK006,Cadre photo bois,2,11.7,23.4
INV504603,2023-12-19,10867,Spain,STK005,Bougie parfumee,5,13.54,67.69999999999999
INV504604,2023-10-26,10867,Spain,STK003,Set de tasses ceramique,2,16.69,33.38
INV504605,2023-05-01,10867,Spain,STK008,Tapis de bain,3,24.05,72.15
INV504605,2023-05-01,10867,Spain,STK003,Set de tasses ceramique,4,17.39,69.56
INV504606,2023-06-24,10868,France,STK002,Coussin en lin,1,22.63,22.63
INV504606,2023-06-24,10868,France,STK012,Miroir mural rond,3,38.64,115.92
INV504606,2023-06-24,10868,France,STK008,Tapis de bain,1,30.55,30.55
INV504606,2023-06-24,10868,France,STK010,Guirlande lumineuse,3,17.92,53.760000000000005
INV504607,2023-10-13,10868,France,STK012,Miroir mural rond,1,43.02,43.02
INV504608,2023-05-25,10868,France,STK009,Vase en verre,4,16.87,67.48
INV504608,2023-05-25,10868,France,STK009,Vase en verre,4,20.76,83.04
INV504609,2023-02-20,10868,France,STK008,Tapis de bain,5,25.94,129.70000000000002
INV504609,2023-02-20,10868,France,STK008,Tapis de bain,4,33.04,132.16
INV504609,2023-02-20,10868,France,STK003,Set de tasses ceramique,1,12.63,12.63
INV504610,2023-09-24,10868,France,STK007,Panier de rangement,5,21.29,106.44999999999999
INV504610,2023-09-24,10868,France,STK010,Guirlande lumineuse,2,14.75,29.5
INV504610,2023-09-24,10868,France,STK005,Bougie parfumee,1,12.63,12.63
INV504610,2023-09-24,10868,France,STK012,Miroir mural rond,3,35.3,105.89999999999999
INV504611,2023-11-29,10868,France,STK003,Set de tasses ceramique,5,19.54,97.69999999999999
INV504611,2023-11-29,10868,France,STK009,Vase en verre,5,19.83,99.14999999999999
INV504611,2023-11-29,10868,France,STK001,Lampe de bureau design,5,23.79,118.94999999999999
INV504611,2023-11-29,10868,France,STK010,Guirlande lumineuse,4,17.71,70.84
INV504612,2023-10-31,10868,France,STK003,Set de tasses ceramique,4,14.92,59.68
INV504612,2023-10-31,10868,France,STK011,Plateau en bambou,1,21.57,21.57
INV504613,2023-08-05,10868,France,STK012,Miroir mural rond,2,40.18,80.36
INV504613,2023-08-05,10868,France,STK002,Coussin en lin,1,16.68,16.68
INV504614,2023-07-12,10868,France,STK004,Plaid tricote,3,24.99,74.97
INV504615,2023-08-31,10868,France,STK011,Plateau en bambou,5,18.12,90.60000000000001
INV504615,2023-08-31,10868,France,STK005,Bougie parfumee,4,15.97,63.88
INV504615,2023-08-31,10868,France,STK007,Panier de rangement,2,21.1,42.2
INV504615,2023-08-31,10868,France,STK008,Tapis de bain,3,21.69,65.07000000000001
INV504616,2023-01-15,10868,France,STK010,Guirlande lumineuse,1,17.59,17.59
INV504616,2023-01-15,10868,France,STK003,Set de tasses ceramique,4,17.97,71.88
INV504617,2023-11-02,10868,France,STK005,Bougie parfumee,5,8.21,41.050000000000004
INV504618,2023-04-29,10868,France,STK002,Coussin en lin,4,19.11,76.44
INV504618,2023-04-29,10868,France,STK012,Miroir mural rond,3,37.07,111.21000000000001
INV504618,2023-04-29,10868,France,STK007,Panier de rangement,5,20.66,103.3
INV504618,2023-04-29,10868,France,STK003,Set de tasses ceramique,3,11.56,34.68
INV504619,2023-09-24,10868,France,STK009,Vase en verre,2,19.44,38.88
INV504619,2023-09-24,10868,France,STK006,Cadre photo bois,3,12.47,37.410000000000004
INV504619,2023-09-24,10868,France,STK006,Cadre photo bois,5,10.01,50.05
INV504619,2023-09-24,10868,France,STK009,Vase en verre,2,23.7,47.4
INV504620,2023-03-29,10868,France,STK001,Lampe de bureau design,5,24.31,121.55
INV504620,2023-03-29,10868,France,STK006,Cadre photo bois,2,8.32,16.64
INV504620,2023-03-29,10868,France,STK002,Coussin en lin,2,19.78,39.56
INV504620,2023-03-29,10868,France,STK002,Coussin en lin,4,19.19,76.76
INV504621,2023-10-06,10869,France,STK010,Guirlande lumineuse,5,12.62,63.099999999999994
INV504621,2023-10-06,10869,France,STK001,Lampe de bureau design,3,30.25,90.75
INV504622,2023-07-19,10869,France,STK012,Miroir mural rond,5,36.03,180.15
INV504622,2023-07-19,10869,France,STK005,Bougie parfumee,1,12.5,12.5
INV504623,2023-10-11,10869,France,STK011,Plateau en bambou,1,20.83,20.83
INV504623,2023-10-11,10869,France,STK010,Guirlande lumineuse,4,12.6,50.4
INV504623,2023-10-11,10869,France,STK001,Lampe de bureau design,3,29.47,88.41
INV504623,2023-10-11,10869,France,STK011,Plateau en bambou,1,28.1,28.1
INV504624,2023-09-27,10869,France,STK009,Vase en verre,3,21.68,65.03999999999999
INV504625,2023-11-12,10870,Spain,STK009,Vase en verre,2,22.28,44.56
INV504625,2023-11-12,10870,Spain,STK002,Coussin en lin,1,18.92,18.92
INV504626,2023-09-26,10871,Germany,STK006,Cadre photo bois,5,8.26,41.3
INV504626,2023-09-26,10871,Germany,STK004,Plaid tricote,3,36.19,108.57
INV504626,2023-09-26,10871,Germany,STK002,Coussin en lin,3,19.83,59.489999999999995
INV504627,2023-09-09,10871,Germany,STK006,Cadre photo bois,3,9.65,28.950000000000003
INV504627,2023-09-09,10871,Germany,STK009,Vase en verre,2,15.63,31.26
INV504627,2023-09-09,10871,Germany,STK007,Panier de rangement,2,21.04,42.08
INV504628,2023-12-10,10871,Germany,STK004,Plaid tricote,2,27.3,54.6
INV504628,2023-12-10,10871,Germany,STK008,Tapis de bain,4,24.3,97.2
INV504628,2023-12-10,10871,Germany,STK007,Panier de rangement,1,22.2,22.2
INV504629,2023-05-16,10871,Germany,STK008,Tapis de bain,5,25.8,129.0
INV504629,2023-05-16,10871,Germany,STK006,Cadre photo bois,1,8.21,8.21
INV504629,2023-05-16,10871,Germany,STK003,Set de tasses ceramique,4,8.97,35.88
INV504630,2023-10-12,10871,Germany,STK006,Cadre photo bois,4,8.39,33.56
INV504631,2023-11-03,10871,Germany,STK005,Bougie parfumee,1,7.45,7.45
INV504631,2023-11-03,10871,Germany,STK004,Plaid tricote,3,27.63,82.89
INV504631,2023-11-03,10871,Germany,STK011,Plateau en bambou,2,25.56,51.12
INV504632,2023-11-05,10871,Germany,STK006,Cadre photo bois,5,9.21,46.050000000000004
INV504632,2023-11-05,10871,Germany,STK003,Set de tasses ceramique,3,14.45,43.349999999999994
INV504632,2023-11-05,10871,Germany,STK012,Miroir mural rond,1,45.49,45.49
INV504633,2023-04-09,10871,Germany,STK009,Vase en verre,3,23.31,69.92999999999999
INV504633,2023-04-09,10871,Germany,STK006,Cadre photo bois,2,9.91,19.82
INV504633,2023-04-09,10871,Germany,STK003,Set de tasses ceramique,2,10.34,20.68
INV504634,2023-06-16,10871,Germany,STK012,Miroir mural rond,2,51.0,102.0
INV504634,2023-06-16,10871,Germany,STK007,Panier de rangement,1,22.85,22.85
INV504634,2023-06-16,10871,Germany,STK006,Cadre photo bois,1,11.73,11.73
INV504634,2023-06-16,10871,Germany,STK012,Miroir mural rond,3,26.57,79.71000000000001
INV504635,2023-03-08,10872,Netherlands,STK006,Cadre photo bois,4,8.99,35.96
INV504636,2023-02-07,10872,Netherlands,STK002,Coussin en lin,4,17.95,71.8
INV504636,2023-02-07,10872,Netherlands,STK011,Plateau en bambou,5,17.9,89.5
INV504636,2023-02-07,10872,Netherlands,STK009,Vase en verre,5,18.81,94.05
INV504636,2023-02-07,10872,Netherlands,STK009,Vase en verre,4,22.81,91.24
INV504637,2023-04-21,10872,Netherlands,STK002,Coussin en lin,5,17.79,88.94999999999999
INV504637,2023-04-21,10872,Netherlands,STK009,Vase en verre,4,14.77,59.08
INV504638,2023-12-05,10872,Netherlands,STK011,Plateau en bambou,1,23.72,23.72
INV504639,2023-11-27,10872,Netherlands,STK011,Plateau en bambou,1,19.05,19.05
INV504639,2023-11-27,10872,Netherlands,STK012,Miroir mural rond,1,38.59,38.59
INV504639,2023-11-27,10872,Netherlands,STK001,Lampe de bureau design,4,24.63,98.52
INV504639,2023-11-27,10872,Netherlands,STK002,Coussin en lin,3,21.09,63.269999999999996
INV504640,2023-04-08,10872,Netherlands,STK007,Panier de rangement,4,25.99,103.96
INV504640,2023-04-08,10872,Netherlands,STK009,Vase en verre,1,25.0,25.0
INV504640,2023-04-08,10872,Netherlands,STK002,Coussin en lin,3,21.08,63.239999999999995
INV504641,2023-04-25,10872,Netherlands,STK012,Miroir mural rond,3,47.66,142.98
INV504641,2023-04-25,10872,Netherlands,STK012,Miroir mural rond,4,46.33,185.32
INV504642,2023-06-07,10872,Netherlands,STK012,Miroir mural rond,1,34.43,34.43
INV504643,2023-03-05,10872,Netherlands,STK001,Lampe de bureau design,2,23.06,46.12
INV504643,2023-03-05,10872,Netherlands,STK011,Plateau en bambou,1,22.23,22.23
INV504643,2023-03-05,10872,Netherlands,STK002,Coussin en lin,5,14.55,72.75
INV504643,2023-03-05,10872,Netherlands,STK006,Cadre photo bois,2,11.33,22.66
INV504644,2023-03-09,10872,Netherlands,STK006,Cadre photo bois,4,9.42,37.68
INV504644,2023-03-09,10872,Netherlands,STK010,Guirlande lumineuse,2,12.02,24.04
INV504644,2023-03-09,10872,Netherlands,STK010,Guirlande lumineuse,1,17.3,17.3
INV504645,2023-10-11,10872,Netherlands,STK003,Set de tasses ceramique,4,17.71,70.84
INV504646,2023-01-09,10872,Netherlands,STK003,Set de tasses ceramique,3,17.23,51.69
INV504646,2023-01-09,10872,Netherlands,STK007,Panier de rangement,2,18.15,36.3
INV504646,2023-01-09,10872,Netherlands,STK007,Panier de rangement,5,24.08,120.39999999999999
INV504647,2023-07-25,10872,Netherlands,STK011,Plateau en bambou,2,21.56,43.12
INV504647,2023-07-25,10872,Netherlands,STK012,Miroir mural rond,2,39.03,78.06
INV504647,2023-07-25,10872,Netherlands,STK012,Miroir mural rond,5,49.62,248.1
INV504647,2023-07-25,10872,Netherlands,STK001,Lampe de bureau design,4,21.91,87.64
INV504648,2023-03-20,10872,Netherlands,STK003,Set de tasses ceramique,5,16.11,80.55
INV504648,2023-03-20,10872,Netherlands,STK011,Plateau en bambou,4,23.46,93.84
INV504649,2023-03-21,10872,Netherlands,STK009,Vase en verre,3,18.56,55.67999999999999
INV504649,2023-03-21,10872,Netherlands,STK008,Tapis de bain,3,26.13,78.39
INV504650,2023-05-18,10872,Netherlands,STK001,Lampe de bureau design,2,23.04,46.08
INV504650,2023-05-18,10872,Netherlands,STK006,Cadre photo bois,1,10.7,10.7
INV504650,2023-05-18,10872,Netherlands,STK007,Panier de rangement,1,17.69,17.69
INV504650,2023-05-18,10872,Netherlands,STK007,Panier de rangement,3,15.96,47.88
INV504651,2023-02-26,10873,France,STK009,Vase en verre,3,22.54,67.62
INV504651,2023-02-26,10873,France,STK004,Plaid tricote,2,34.17,68.34
INV504651,2023-02-26,10873,France,STK001,Lampe de bureau design,4,28.84,115.36
INV504652,2023-05-12,10874,Spain,STK012,Miroir mural rond,4,50.54,202.16
INV504653,2023-08-10,10875,Italy,STK011,Plateau en bambou,2,18.73,37.46
INV504653,2023-08-10,10875,Italy,STK009,Vase en verre,2,22.72,45.44
INV504653,2023-08-10,10875,Italy,STK005,Bougie parfumee,4,13.91,55.64
INV504654,2023-11-14,10875,Italy,STK003,Set de tasses ceramique,4,15.57,62.28
INV504655,2023-07-01,10875,Italy,STK006,Cadre photo bois,1,9.4,9.4
INV504655,2023-07-01,10875,Italy,STK012,Miroir mural rond,2,36.26,72.52
INV504656,2023-08-11,10875,Italy,STK007,Panier de rangement,4,27.15,108.6
INV504656,2023-08-11,10875,Italy,STK007,Panier de rangement,2,21.07,42.14
INV504656,2023-08-11,10875,Italy,STK006,Cadre photo bois,3,10.12,30.36
INV504656,2023-08-11,10875,Italy,STK007,Panier de rangement,5,23.42,117.10000000000001
INV504657,2023-05-20,10876,France,STK008,Tapis de bain,1,34.2,34.2
INV504658,2023-10-31,10876,France,STK002,Coussin en lin,1,19.94,19.94
INV504658,2023-10-31,10876,France,STK006,Cadre photo bois,5,10.3,51.5
INV504658,2023-10-31,10876,France,STK002,Coussin en lin,1,17.68,17.68
INV504658,2023-10-31,10876,France,STK003,Set de tasses ceramique,2,13.14,26.28
INV504659,2023-02-10,10876,France,STK005,Bougie parfumee,3,12.14,36.42
INV504659,2023-02-10,10876,France,STK004,Plaid tricote,1,31.63,31.63
INV504659,2023-02-10,10876,France,STK003,Set de tasses ceramique,3,16.06,48.17999999999999
INV504659,2023-02-10,10876,France,STK002,Coussin en lin,3,15.11,45.33
INV504660,2023-07-20,10876,France,STK002,Coussin en lin,3,18.95,56.849999999999994
INV504660,2023-07-20,10876,France,STK002,Coussin en lin,4,26.48,105.92
INV504660,2023-07-20,10876,France,STK008,Tapis de bain,4,23.26,93.04
INV504661,2023-07-12,10876,France,STK001,Lampe de bureau design,2,31.34,62.68
INV504662,2023-08-05,10876,France,STK007,Panier de rangement,5,18.04,90.19999999999999
INV504663,2023-08-21,10876,France,STK007,Panier de rangement,4,28.84,115.36
INV504663,2023-08-21,10876,France,STK007,Panier de rangement,2,17.41,34.82
INV504663,2023-08-21,10876,France,STK002,Coussin en lin,2,19.9,39.8
INV504663,2023-08-21,10876,France,STK009,Vase en verre,4,18.65,74.6
INV504664,2023-07-30,10876,France,STK011,Plateau en bambou,1,16.51,16.51
INV504665,2023-08-03,10876,France,STK004,Plaid tricote,4,34.09,136.36
INV504665,2023-08-03,10876,France,STK007,Panier de rangement,4,21.72,86.88
INV504666,2023-10-27,10877,France,STK012,Miroir mural rond,2,38.79,77.58
INV504667,2023-10-07,10877,France,STK003,Set de tasses ceramique,1,13.6,13.6
INV504667,2023-10-07,10877,France,STK002,Coussin en lin,5,17.32,86.6
INV504667,2023-10-07,10877,France,STK004,Plaid tricote,1,30.99,30.99
INV504667,2023-10-07,10877,France,STK007,Panier de rangement,4,24.23,96.92
INV504668,2023-02-05,10877,France,STK011,Plateau en bambou,1,22.26,22.26
INV504668,2023-02-05,10877,France,STK001,Lampe de bureau design,1,29.69,29.69
INV504669,2023-04-27,10877,France,STK001,Lampe de bureau design,3,26.97,80.91
INV504669,2023-04-27,10877,France,STK012,Miroir mural rond,5,38.8,194.0
INV504670,2023-06-25,10877,France,STK004,Plaid tricote,1,41.26,41.26
INV504670,2023-06-25,10877,France,STK008,Tapis de bain,2,20.08,40.16
INV504670,2023-06-25,10877,France,STK003,Set de tasses ceramique,2,15.06,30.12
INV504670,2023-06-25,10877,France,STK006,Cadre photo bois,2,11.05,22.1
INV504671,2023-12-13,10877,France,STK012,Miroir mural rond,2,33.79,67.58
INV504671,2023-12-13,10877,France,STK002,Coussin en lin,4,17.64,70.56
INV504671,2023-12-13,10877,France,STK005,Bougie parfumee,2,10.38,20.76
INV504672,2023-02-27,10877,France,STK011,Plateau en bambou,2,15.71,31.42
INV504672,2023-02-27,10877,France,STK007,Panier de rangement,3,25.27,75.81
INV504672,2023-02-27,10877,France,STK008,Tapis de bain,4,29.09,116.36
INV504672,2023-02-27,10877,France,STK001,Lampe de bureau design,5,29.56,147.79999999999998
INV504673,2023-12-23,10877,France,STK005,Bougie parfumee,1,14.69,14.69
INV504674,2023-03-19,10877,France,STK007,Panier de rangement,5,22.8,114.0
INV504674,2023-03-19,10877,France,STK007,Panier de rangement,3,22.72,68.16
INV504674,2023-03-19,10877,France,STK005,Bougie parfumee,1,13.19,13.19
INV504674,2023-03-19,10877,France,STK006,Cadre photo bois,5,10.36,51.8
INV504675,2023-01-14,10877,France,STK004,Plaid tricote,2,33.02,66.04
INV504675,2023-01-14,10877,France,STK003,Set de tasses ceramique,2,14.63,29.26
INV504675,2023-01-14,10877,France,STK001,Lampe de bureau design,5,22.37,111.85000000000001
INV504675,2023-01-14,10877,France,STK006,Cadre photo bois,4,10.05,40.2
INV504676,2023-05-05,10877,France,STK006,Cadre photo bois,2,9.39,18.78
INV504676,2023-05-05,10877,France,STK002,Coussin en lin,1,21.37,21.37
INV504676,2023-05-05,10877,France,STK006,Cadre photo bois,1,7.8,7.8
INV504677,2023-04-11,10877,France,STK007,Panier de rangement,2,22.71,45.42
INV504677,2023-04-11,10877,France,STK008,Tapis de bain,3,26.42,79.26
INV504677,2023-04-11,10877,France,STK005,Bougie parfumee,5,16.15,80.75
INV504678,2023-09-19,10877,France,STK008,Tapis de bain,4,25.7,102.8
INV504678,2023-09-19,10877,France,STK008,Tapis de bain,1,28.11,28.11
INV504678,2023-09-19,10877,France,STK010,Guirlande lumineuse,3,14.07,42.21
INV504679,2023-11-27,10877,France,STK011,Plateau en bambou,3,26.18,78.53999999999999
INV504680,2023-05-31,10877,France,STK008,Tapis de bain,5,25.42,127.10000000000001
INV504681,2023-10-24,10877,France,STK002,Coussin en lin,3,19.7,59.099999999999994
INV504682,2023-01-24,10877,France,STK001,Lampe de bureau design,4,19.95,79.8
INV504682,2023-01-24,10877,France,STK012,Miroir mural rond,1,35.58,35.58
INV504682,2023-01-24,10877,France,STK005,Bougie parfumee,1,13.59,13.59
INV504682,2023-01-24,10877,France,STK006,Cadre photo bois,3,9.26,27.78
INV504683,2023-01-06,10877,France,STK004,Plaid tricote,3,25.21,75.63
INV504683,2023-01-06,10877,France,STK005,Bougie parfumee,3,16.55,49.650000000000006
INV504683,2023-01-06,10877,France,STK003,Set de tasses ceramique,5,15.81,79.05
INV504683,2023-01-06,10877,France,STK011,Plateau en bambou,5,21.06,105.3
INV504684,2023-08-11,10877,France,STK007,Panier de rangement,5,23.76,118.80000000000001
INV504684,2023-08-11,10877,France,STK001,Lampe de bureau design,3,28.8,86.4
INV504684,2023-08-11,10877,France,STK008,Tapis de bain,1,27.97,27.97
INV504684,2023-08-11,10877,France,STK003,Set de tasses ceramique,3,16.32,48.96
INV504685,2023-02-16,10877,France,STK010,Guirlande lumineuse,5,12.87,64.35
INV504686,2023-10-15,10878,France,STK009,Vase en verre,1,15.28,15.28
INV504687,2023-05-22,10878,France,STK012,Miroir mural rond,5,33.71,168.55
INV504688,2023-09-14,10878,France,STK002,Coussin en lin,1,17.82,17.82
INV504688,2023-09-14,10878,France,STK011,Plateau en bambou,4,25.7,102.8
INV504689,2023-03-24,10878,France,STK001,Lampe de bureau design,5,27.28,136.4
INV504689,2023-03-24,10878,France,STK008,Tapis de bain,1,31.96,31.96
INV504690,2023-04-21,10878,France,STK004,Plaid tricote,4,30.29,121.16
INV504690,2023-04-21,10878,France,STK008,Tapis de bain,1,30.17,30.17
INV504691,2023-10-14,10878,France,STK009,Vase en verre,3,19.86,59.58
INV504692,2023-12-29,10878,France,STK011,Plateau en bambou,4,21.62,86.48
INV504692,2023-12-29,10878,France,STK006,Cadre photo bois,2,11.44,22.88
INV504693,2023-11-13,10878,France,STK008,Tapis de bain,4,29.84,119.36
INV504694,2023-10-21,10878,France,STK002,Coussin en lin,5,21.11,105.55
INV504694,2023-10-21,10878,France,STK005,Bougie parfumee,2,10.55,21.1
INV504695,2023-03-20,10879,France,STK008,Tapis de bain,2,28.98,57.96
INV504695,2023-03-20,10879,France,STK003,Set de tasses ceramique,3,16.56,49.67999999999999
INV504695,2023-03-20,10879,France,STK010,Guirlande lumineuse,1,13.11,13.11
INV504696,2023-02-21,10880,France,STK010,Guirlande lumineuse,5,13.57,67.85
INV504696,2023-02-21,10880,France,STK007,Panier de rangement,5,12.27,61.349999999999994
INV504697,2023-09-18,10881,France,STK008,Tapis de bain,2,25.88,51.76
INV504697,2023-09-18,10881,France,STK012,Miroir mural rond,1,41.22,41.22
INV504697,2023-09-18,10881,France,STK004,Plaid tricote,1,29.78,29.78
INV504697,2023-09-18,10881,France,STK011,Plateau en bambou,5,24.32,121.6
INV504698,2023-02-13,10881,France,STK001,Lampe de bureau design,2,25.24,50.48
INV504698,2023-02-13,10881,France,STK008,Tapis de bain,3,29.35,88.05000000000001
INV504698,2023-02-13,10881,France,STK007,Panier de rangement,2,15.57,31.14
INV504699,2023-08-12,10881,France,STK001,Lampe de bureau design,2,26.74,53.48
INV504699,2023-08-12,10881,France,STK009,Vase en verre,4,22.25,89.0
INV504699,2023-08-12,10881,France,STK005,Bougie parfumee,3,11.92,35.76
INV504699,2023-08-12,10881,France,STK004,Plaid tricote,2,26.97,53.94
INV504700,2023-01-23,10881,France,STK011,Plateau en bambou,2,22.98,45.96
INV504700,2023-01-23,10881,France,STK009,Vase en verre,2,22.51,45.02
INV504700,2023-01-23,10881,France,STK010,Guirlande lumineuse,1,14.12,14.12
INV504701,2023-06-08,10881,France,STK005,Bougie parfumee,2,10.23,20.46
INV504701,2023-06-08,10881,France,STK010,Guirlande lumineuse,2,14.7,29.4
INV504701,2023-06-08,10881,France,STK001,Lampe de bureau design,4,23.36,93.44
INV504701,2023-06-08,10881,France,STK006,Cadre photo bois,2,6.98,13.96
INV504702,2023-01-06,10881,France,STK008,Tapis de bain,3,28.94,86.82000000000001
INV504702,2023-01-06,10881,France,STK001,Lampe de bureau design,3,24.57,73.71000000000001
INV504702,2023-01-06,10881,France,STK006,Cadre photo bois,5,9.02,45.099999999999994
INV504703,2023-06-24,10882,France,STK001,Lampe de bureau design,2,26.98,53.96
INV504704,2023-01-16,10882,France,STK002,Coussin en lin,1,17.55,17.55
INV504704,2023-01-16,10882,France,STK011,Plateau en bambou,3,19.73,59.19
INV504705,2023-03-06,10882,France,STK010,Guirlande lumineuse,1,13.88,13.88
INV504705,2023-03-06,10882,France,STK009,Vase en verre,4,18.72,74.88
INV504705,2023-03-06,10882,France,STK005,Bougie parfumee,3,12.12,36.36
INV504706,2023-06-18,10882,France,STK002,Coussin en lin,3,20.22,60.66
INV504707,2023-07-23,10883,Germany,STK008,Tapis de bain,4,26.16,104.64
INV504707,2023-07-23,10883,Germany,STK006,Cadre photo bois,2,10.43,20.86
INV504708,2023-04-08,10883,Germany,STK009,Vase en verre,1,20.56,20.56
INV504708,2023-04-08,10883,Germany,STK006,Cadre photo bois,3,7.42,22.259999999999998
INV504708,2023-04-08,10883,Germany,STK006,Cadre photo bois,2,9.83,19.66
INV504709,2023-04-09,10883,Germany,STK009,Vase en verre,4,20.85,83.4
INV504710,2023-09-05,10883,Germany,STK007,Panier de rangement,3,24.73,74.19
INV504711,2023-01-07,10883,Germany,STK010,Guirlande lumineuse,5,17.32,86.6
INV504711,2023-01-07,10883,Germany,STK008,Tapis de bain,3,24.64,73.92
INV504711,2023-01-07,10883,Germany,STK007,Panier de rangement,2,20.22,40.44
INV504712,2023-01-04,10883,Germany,STK007,Panier de rangement,1,21.12,21.12
INV504712,2023-01-04,10883,Germany,STK008,Tapis de bain,4,26.1,104.4
INV504712,2023-01-04,10883,Germany,STK009,Vase en verre,5,20.68,103.4
INV504713,2023-09-25,10883,Germany,STK004,Plaid tricote,1,34.55,34.55
INV504714,2023-04-05,10883,Germany,STK002,Coussin en lin,4,17.79,71.16
INV504714,2023-04-05,10883,Germany,STK011,Plateau en bambou,5,17.55,87.75
INV504715,2023-10-07,10884,France,STK009,Vase en verre,1,19.51,19.51
INV504715,2023-10-07,10884,France,STK008,Tapis de bain,1,30.85,30.85
INV504716,2023-12-26,10884,France,STK009,Vase en verre,3,18.18,54.54
INV504716,2023-12-26,10884,France,STK011,Plateau en bambou,1,27.86,27.86
INV504717,2023-07-30,10884,France,STK005,Bougie parfumee,2,13.42,26.84
INV504717,2023-07-30,10884,France,STK002,Coussin en lin,4,18.56,74.24
INV504717,2023-07-30,10884,France,STK009,Vase en verre,3,17.8,53.400000000000006
INV504718,2023-12-20,10884,France,STK005,Bougie parfumee,5,13.99,69.95
INV504718,2023-12-20,10884,France,STK003,Set de tasses ceramique,3,14.28,42.839999999999996
INV504719,2023-03-27,10884,France,STK011,Plateau en bambou,2,19.69,39.38
INV504719,2023-03-27,10884,France,STK010,Guirlande lumineuse,1,12.33,12.33
INV504719,2023-03-27,10884,France,STK006,Cadre photo bois,2,9.79,19.58
INV504720,2023-04-20,10884,France,STK008,Tapis de bain,4,27.69,110.76
INV504720,2023-04-20,10884,France,STK003,Set de tasses ceramique,5,16.45,82.25
INV504720,2023-04-20,10884,France,STK010,Guirlande lumineuse,1,15.65,15.65
INV504720,2023-04-20,10884,France,STK003,Set de tasses ceramique,1,15.17,15.17
INV504721,2023-12-16,10884,France,STK005,Bougie parfumee,5,14.19,70.95
INV504721,2023-12-16,10884,France,STK011,Plateau en bambou,1,19.82,19.82
INV504722,2023-12-20,10884,France,STK001,Lampe de bureau design,5,25.93,129.65
INV504722,2023-12-20,10884,France,STK004,Plaid tricote,1,32.75,32.75
INV504723,2023-01-03,10884,France,STK009,Vase en verre,1,19.81,19.81
INV504724,2023-08-24,10884,France,STK008,Tapis de bain,5,31.83,159.14999999999998
INV504724,2023-08-24,10884,France,STK012,Miroir mural rond,2,29.64,59.28
INV504724,2023-08-24,10884,France,STK005,Bougie parfumee,1,12.77,12.77
INV504725,2023-10-21,10884,France,STK004,Plaid tricote,1,26.73,26.73
INV504726,2023-10-16,10885,Belgium,STK011,Plateau en bambou,3,25.25,75.75
INV504726,2023-10-16,10885,Belgium,STK010,Guirlande lumineuse,2,13.16,26.32
INV504726,2023-10-16,10885,Belgium,STK005,Bougie parfumee,3,10.8,32.400000000000006
INV504727,2023-12-07,10885,Belgium,STK005,Bougie parfumee,3,15.24,45.72
INV504728,2023-10-20,10885,Belgium,STK006,Cadre photo bois,5,10.55,52.75
INV504728,2023-10-20,10885,Belgium,STK006,Cadre photo bois,1,9.17,9.17
INV504728,2023-10-20,10885,Belgium,STK012,Miroir mural rond,4,29.99,119.96
INV504728,2023-10-20,10885,Belgium,STK005,Bougie parfumee,2,13.75,27.5
INV504729,2023-12-02,10885,Belgium,STK006,Cadre photo bois,4,9.99,39.96
INV504729,2023-12-02,10885,Belgium,STK005,Bougie parfumee,5,10.39,51.95
INV504729,2023-12-02,10885,Belgium,STK005,Bougie parfumee,5,11.98,59.900000000000006
INV504730,2023-08-06,10885,Belgium,STK006,Cadre photo bois,5,8.86,44.3
INV504730,2023-08-06,10885,Belgium,STK001,Lampe de bureau design,5,25.18,125.9
INV504730,2023-08-06,10885,Belgium,STK008,Tapis de bain,1,21.92,21.92
INV504731,2023-03-17,10886,France,STK010,Guirlande lumineuse,2,11.84,23.68
INV504731,2023-03-17,10886,France,STK002,Coussin en lin,4,21.16,84.64
INV504732,2023-03-02,10886,France,STK004,Plaid tricote,3,25.38,76.14
INV504733,2023-08-21,10886,France,STK010,Guirlande lumineuse,4,17.12,68.48
INV504733,2023-08-21,10886,France,STK011,Plateau en bambou,2,23.01,46.02
INV504734,2023-01-25,10886,France,STK004,Plaid tricote,4,32.73,130.92
INV504734,2023-01-25,10886,France,STK003,Set de tasses ceramique,2,15.92,31.84
INV504734,2023-01-25,10886,France,STK007,Panier de rangement,2,20.76,41.52
INV504734,2023-01-25,10886,France,STK005,Bougie parfumee,5,7.65,38.25
INV504735,2023-04-25,10886,France,STK008,Tapis de bain,4,29.78,119.12
INV504735,2023-04-25,10886,France,STK008,Tapis de bain,5,29.85,149.25
INV504736,2023-08-28,10886,France,STK011,Plateau en bambou,4,26.23,104.92
INV504737,2023-10-30,10886,France,STK004,Plaid tricote,2,31.26,62.52
INV504737,2023-10-30,10886,France,STK012,Miroir mural rond,4,43.89,175.56
INV504737,2023-10-30,10886,France,STK005,Bougie parfumee,5,16.26,81.30000000000001
INV504738,2023-04-21,10886,France,STK012,Miroir mural rond,2,32.31,64.62
INV504739,2023-09-20,10886,France,STK002,Coussin en lin,4,24.54,98.16
INV504739,2023-09-20,10886,France,STK008,Tapis de bain,5,27.25,136.25
INV504739,2023-09-20,10886,France,STK001,Lampe de bureau design,5,19.68,98.4
INV504739,2023-09-20,10886,France,STK011,Plateau en bambou,4,20.13,80.52
INV504740,2023-09-21,10886,France,STK006,Cadre photo bois,1,9.82,9.82
INV504741,2023-01-16,10886,France,STK005,Bougie parfumee,2,14.06,28.12
INV504742,2023-07-06,10886,France,STK012,Miroir mural rond,2,38.91,77.82
INV504742,2023-07-06,10886,France,STK007,Panier de rangement,3,20.33,60.989999999999995
INV504742,2023-07-06,10886,France,STK005,Bougie parfumee,5,13.24,66.2
INV504743,2023-02-23,10886,France,STK002,Coussin en lin,4,17.9,71.6
INV504744,2023-04-17,10886,France,STK007,Panier de rangement,1,23.74,23.74
INV504744,2023-04-17,10886,France,STK001,Lampe de bureau design,1,18.46,18.46
INV504744,2023-04-17,10886,France,STK007,Panier de rangement,4,18.44,73.76
INV504745,2023-04-06,10886,France,STK002,Coussin en lin,5,15.13,75.65
INV504745,2023-04-06,10886,France,STK003,Set de tasses ceramique,2,13.0,26.0
INV504746,2023-03-03,10886,France,STK007,Panier de rangement,4,23.95,95.8
INV504746,2023-03-03,10886,France,STK011,Plateau en bambou,4,22.01,88.04
INV504746,2023-03-03,10886,France,STK003,Set de tasses ceramique,1,16.19,16.19
INV504746,2023-03-03,10886,France,STK004,Plaid tricote,4,33.97,135.88
INV504747,2023-05-13,10886,France,STK002,Coussin en lin,3,20.62,61.86
INV504747,2023-05-13,10886,France,STK002,Coussin en lin,5,15.67,78.35
INV504747,2023-05-13,10886,France,STK006,Cadre photo bois,1,10.46,10.46
INV504748,2023-06-02,10886,France,STK010,Guirlande lumineuse,4,17.14,68.56
INV504748,2023-06-02,10886,France,STK001,Lampe de bureau design,3,33.53,100.59
INV504748,2023-06-02,10886,France,STK009,Vase en verre,3,17.05,51.150000000000006
INV504748,2023-06-02,10886,France,STK005,Bougie parfumee,5,14.36,71.8
INV504749,2023-10-10,10886,France,STK012,Miroir mural rond,4,39.75,159.0
INV504750,2023-08-01,10886,France,STK003,Set de tasses ceramique,1,18.54,18.54
INV504750,2023-08-01,10886,France,STK008,Tapis de bain,3,31.42,94.26
INV504750,2023-08-01,10886,France,STK011,Plateau en bambou,2,22.8,45.6
INV504751,2023-09-12,10886,France,STK006,Cadre photo bois,3,7.54,22.62
INV504752,2023-09-09,10887,France,STK003,Set de tasses ceramique,3,15.19,45.57
INV504753,2023-09-23,10887,France,STK005,Bougie parfumee,2,14.66,29.32
INV504753,2023-09-23,10887,France,STK010,Guirlande lumineuse,5,17.7,88.5
INV504754,2023-04-16,10887,France,STK007,Panier de rangement,5,21.37,106.85000000000001
INV504754,2023-04-16,10887,France,STK011,Plateau en bambou,5,28.02,140.1
INV504754,2023-04-16,10887,France,STK005,Bougie parfumee,3,12.97,38.910000000000004
INV504755,2023-12-05,10887,France,STK011,Plateau en bambou,4,23.31,93.24
INV504756,2023-07-07,10887,France,STK001,Lampe de bureau design,5,27.88,139.4
INV504756,2023-07-07,10887,France,STK012,Miroir mural rond,4,36.36,145.44
INV504757,2023-09-17,10887,France,STK008,Tapis de bain,5,24.87,124.35000000000001
INV504757,2023-09-17,10887,France,STK007,Panier de rangement,4,24.05,96.2
INV504758,2023-10-22,10887,France,STK009,Vase en verre,2,23.09,46.18
INV504758,2023-10-22,10887,France,STK012,Miroir mural rond,5,42.49,212.45000000000002
INV504758,2023-10-22,10887,France,STK010,Guirlande lumineuse,2,17.11,34.22
INV504759,2023-07-26,10887,France,STK008,Tapis de bain,2,29.99,59.98
INV504759,2023-07-26,10887,France,STK003,Set de tasses ceramique,5,11.62,58.099999999999994
INV504759,2023-07-26,10887,France,STK009,Vase en verre,2,17.11,34.22
INV504760,2023-05-24,10887,France,STK001,Lampe de bureau design,1,20.35,20.35
INV504760,2023-05-24,10887,France,STK003,Set de tasses ceramique,3,12.47,37.410000000000004
INV504761,2023-09-04,10887,France,STK004,Plaid tricote,2,32.41,64.82
INV504761,2023-09-04,10887,France,STK001,Lampe de bureau design,1,26.32,26.32
INV504761,2023-09-04,10887,France,STK009,Vase en verre,1,25.18,25.18
INV504762,2023-02-22,10887,France,STK004,Plaid tricote,5,34.38,171.9
INV504762,2023-02-22,10887,France,STK012,Miroir mural rond,2,40.6,81.2
INV504762,2023-02-22,10887,France,STK007,Panier de rangement,3,22.05,66.15
INV504762,2023-02-22,10887,France,STK004,Plaid tricote,1,27.9,27.9
INV504763,2023-06-07,10887,France,STK002,Coussin en lin,5,19.08,95.39999999999999
INV504763,2023-06-07,10887,France,STK009,Vase en verre,5,22.62,113.10000000000001
INV504763,2023-06-07,10887,France,STK008,Tapis de bain,5,24.76,123.80000000000001
INV504763,2023-06-07,10887,France,STK003,Set de tasses ceramique,1,17.0,17.0
INV504764,2023-01-10,10888,Germany,STK007,Panier de rangement,5,15.56,77.8
INV504764,2023-01-10,10888,Germany,STK008,Tapis de bain,3,20.89,62.67
INV504764,2023-01-10,10888,Germany,STK006,Cadre photo bois,5,8.64,43.2
INV504765,2023-01-22,10888,Germany,STK001,Lampe de bureau design,2,23.03,46.06
INV504766,2023-03-29,10888,Germany,STK009,Vase en verre,5,24.5,122.5
INV504766,2023-03-29,10888,Germany,STK003,Set de tasses ceramique,2,14.47,28.94
INV504766,2023-03-29,10888,Germany,STK003,Set de tasses ceramique,5,14.51,72.55
INV504767,2023-02-10,10888,Germany,STK012,Miroir mural rond,1,36.86,36.86
INV504767,2023-02-10,10888,Germany,STK009,Vase en verre,4,22.88,91.52
INV504767,2023-02-10,10888,Germany,STK012,Miroir mural rond,5,36.37,181.85
INV504768,2023-08-10,10888,Germany,STK006,Cadre photo bois,2,11.68,23.36
INV504768,2023-08-10,10888,Germany,STK011,Plateau en bambou,2,23.24,46.48
INV504768,2023-08-10,10888,Germany,STK008,Tapis de bain,5,33.1,165.5
INV504768,2023-08-10,10888,Germany,STK010,Guirlande lumineuse,1,12.31,12.31
INV504769,2023-10-02,10888,Germany,STK009,Vase en verre,3,24.12,72.36
INV504769,2023-10-02,10888,Germany,STK003,Set de tasses ceramique,1,11.79,11.79
INV504770,2023-02-07,10889,France,STK010,Guirlande lumineuse,3,11.81,35.43
INV504770,2023-02-07,10889,France,STK007,Panier de rangement,4,18.5,74.0
INV504771,2023-07-12,10889,France,STK005,Bougie parfumee,5,12.93,64.65
INV504771,2023-07-12,10889,France,STK012,Miroir mural rond,2,42.02,84.04
INV504771,2023-07-12,10889,France,STK004,Plaid tricote,3,35.84,107.52000000000001
INV504771,2023-07-12,10889,France,STK009,Vase en verre,3,18.55,55.650000000000006
INV504772,2023-04-30,10889,France,STK008,Tapis de bain,5,26.98,134.9
INV504773,2023-04-30,10889,France,STK009,Vase en verre,3,16.7,50.099999999999994
INV504773,2023-04-30,10889,France,STK010,Guirlande lumineuse,4,10.28,41.12
INV504773,2023-04-30,10889,France,STK012,Miroir mural rond,2,47.4,94.8
INV504774,2023-01-27,10889,France,STK004,Plaid tricote,5,33.69,168.45
INV504774,2023-01-27,10889,France,STK003,Set de tasses ceramique,1,17.17,17.17
INV504775,2023-02-21,10889,France,STK006,Cadre photo bois,2,9.61,19.22
INV504775,2023-02-21,10889,France,STK012,Miroir mural rond,2,41.71,83.42
INV504776,2023-01-28,10889,France,STK004,Plaid tricote,4,31.68,126.72
INV504776,2023-01-28,10889,France,STK004,Plaid tricote,5,28.35,141.75
INV504776,2023-01-28,10889,France,STK012,Miroir mural rond,1,39.76,39.76
INV504776,2023-01-28,10889,France,STK004,Plaid tricote,4,30.06,120.24
INV504777,2023-09-21,10890,Belgium,STK009,Vase en verre,5,18.86,94.3
INV504777,2023-09-21,10890,Belgium,STK001,Lampe de bureau design,4,27.71,110.84
INV504777,2023-09-21,10890,Belgium,STK001,Lampe de bureau design,5,26.58,132.89999999999998
INV504778,2023-12-30,10890,Belgium,STK008,Tapis de bain,3,19.16,57.480000000000004
INV504778,2023-12-30,10890,Belgium,STK007,Panier de rangement,4,19.22,76.88
INV504779,2023-09-04,10890,Belgium,STK003,Set de tasses ceramique,1,16.48,16.48
INV504779,2023-09-04,10890,Belgium,STK002,Coussin en lin,1,20.61,20.61
INV504780,2023-04-19,10890,Belgium,STK006,Cadre photo bois,2,11.27,22.54
INV504780,2023-04-19,10890,Belgium,STK006,Cadre photo bois,2,11.3,22.6
INV504780,2023-04-19,10890,Belgium,STK008,Tapis de bain,4,32.27,129.08
INV504780,2023-04-19,10890,Belgium,STK007,Panier de rangement,3,17.61,52.83
INV504781,2023-04-27,10890,Belgium,STK003,Set de tasses ceramique,1,15.75,15.75
INV504782,2023-06-12,10890,Belgium,STK002,Coussin en lin,5,15.32,76.6
INV504783,2023-08-11,10890,Belgium,STK007,Panier de rangement,4,17.88,71.52
INV504784,2023-08-09,10890,Belgium,STK006,Cadre photo bois,5,10.55,52.75
INV504784,2023-08-09,10890,Belgium,STK002,Coussin en lin,1,14.92,14.92
INV504784,2023-08-09,10890,Belgium,STK006,Cadre photo bois,4,10.72,42.88
INV504785,2023-03-02,10891,France,STK009,Vase en verre,1,15.78,15.78
INV504785,2023-03-02,10891,France,STK009,Vase en verre,5,17.08,85.39999999999999
INV504786,2023-06-01,10892,Belgium,STK004,Plaid tricote,4,31.96,127.84
INV504786,2023-06-01,10892,Belgium,STK004,Plaid tricote,4,26.98,107.92
INV504787,2023-11-14,10893,Italy,STK004,Plaid tricote,1,23.93,23.93
INV504787,2023-11-14,10893,Italy,STK011,Plateau en bambou,1,23.36,23.36
INV504787,2023-11-14,10893,Italy,STK005,Bougie parfumee,5,11.27,56.349999999999994
INV504787,2023-11-14,10893,Italy,STK005,Bougie parfumee,3,11.53,34.589999999999996
INV504788,2023-05-29,10893,Italy,STK007,Panier de rangement,1,18.05,18.05
INV504788,2023-05-29,10893,Italy,STK002,Coussin en lin,2,17.04,34.08
INV504789,2023-12-26,10894,France,STK003,Set de tasses ceramique,4,18.96,75.84
INV504790,2023-08-22,10894,France,STK005,Bougie parfumee,3,12.96,38.88
INV504790,2023-08-22,10894,France,STK006,Cadre photo bois,2,10.97,21.94
INV504791,2023-12-23,10894,France,STK002,Coussin en lin,4,17.18,68.72
INV504792,2023-12-03,10894,France,STK004,Plaid tricote,4,32.27,129.08
INV504792,2023-12-03,10894,France,STK008,Tapis de bain,5,22.52,112.6
INV504793,2023-12-10,10894,France,STK011,Plateau en bambou,5,24.26,121.30000000000001
INV504793,2023-12-10,10894,France,STK005,Bougie parfumee,5,11.95,59.75
INV504793,2023-12-10,10894,France,STK002,Coussin en lin,5,17.16,85.8
INV504793,2023-12-10,10894,France,STK002,Coussin en lin,5,17.19,85.95
INV504794,2023-04-24,10895,France,STK006,Cadre photo bois,3,11.29,33.87
INV504794,2023-04-24,10895,France,STK006,Cadre photo bois,5,11.71,58.550000000000004
INV504795,2023-05-16,10895,France,STK004,Plaid tricote,3,33.53,100.59
INV504795,2023-05-16,10895,France,STK012,Miroir mural rond,4,20.99,83.96
INV504796,2023-03-18,10895,France,STK005,Bougie parfumee,2,14.23,28.46
INV504796,2023-03-18,10895,France,STK006,Cadre photo bois,1,11.85,11.85
INV504796,2023-03-18,10895,France,STK009,Vase en verre,2,21.46,42.92
INV504797,2023-06-24,10895,France,STK007,Panier de rangement,2,25.23,50.46
INV504797,2023-06-24,10895,France,STK004,Plaid tricote,3,27.32,81.96000000000001
INV504797,2023-06-24,10895,France,STK007,Panier de rangement,1,21.46,21.46
INV504797,2023-06-24,10895,France,STK012,Miroir mural rond,4,33.47,133.88
INV504798,2023-04-09,10895,France,STK005,Bougie parfumee,3,12.23,36.69
INV504798,2023-04-09,10895,France,STK010,Guirlande lumineuse,1,17.69,17.69
INV504799,2023-02-15,10895,France,STK009,Vase en verre,3,19.87,59.61
INV504799,2023-02-15,10895,France,STK005,Bougie parfumee,5,13.16,65.8
INV504799,2023-02-15,10895,France,STK003,Set de tasses ceramique,4,18.22,72.88
INV504799,2023-02-15,10895,France,STK007,Panier de rangement,2,25.41,50.82
INV504800,2023-04-17,10895,France,STK010,Guirlande lumineuse,5,14.29,71.44999999999999
INV504800,2023-04-17,10895,France,STK005,Bougie parfumee,4,13.38,53.52
INV504800,2023-04-17,10895,France,STK007,Panier de rangement,4,14.96,59.84
INV504800,2023-04-17,10895,France,STK001,Lampe de bureau design,1,26.55,26.55
INV504801,2023-03-15,10896,Germany,STK004,Plaid tricote,2,28.69,57.38
INV504801,2023-03-15,10896,Germany,STK012,Miroir mural rond,1,44.21,44.21
INV504801,2023-03-15,10896,Germany,STK002,Coussin en lin,4,16.93,67.72
INV504801,2023-03-15,10896,Germany,STK010,Guirlande lumineuse,3,14.44,43.32
INV504802,2023-10-09,10896,Germany,STK002,Coussin en lin,4,20.7,82.8
INV504803,2023-01-28,10896,Germany,STK003,Set de tasses ceramique,2,14.44,28.88
INV504804,2023-03-28,10896,Germany,STK012,Miroir mural rond,2,41.46,82.92
INV504804,2023-03-28,10896,Germany,STK002,Coussin en lin,2,19.55,39.1
INV504804,2023-03-28,10896,Germany,STK008,Tapis de bain,1,24.85,24.85
INV504804,2023-03-28,10896,Germany,STK009,Vase en verre,3,20.19,60.57000000000001
INV504805,2023-10-10,10897,France,STK009,Vase en verre,1,15.9,15.9
INV504805,2023-10-10,10897,France,STK005,Bougie parfumee,3,13.28,39.839999999999996
INV504806,2023-09-08,10897,France,STK003,Set de tasses ceramique,1,14.9,14.9
INV504807,2023-06-08,10898,Portugal,STK003,Set de tasses ceramique,1,19.21,19.21
INV504807,2023-06-08,10898,Portugal,STK005,Bougie parfumee,2,14.14,28.28
INV504807,2023-06-08,10898,Portugal,STK009,Vase en verre,5,22.06,110.3
INV504807,2023-06-08,10898,Portugal,STK007,Panier de rangement,2,17.59,35.18
INV504808,2023-05-14,10898,Portugal,STK003,Set de tasses ceramique,3,13.9,41.7
INV504808,2023-05-14,10898,Portugal,STK006,Cadre photo bois,3,12.88,38.64
INV504808,2023-05-14,10898,Portugal,STK002,Coussin en lin,5,17.4,87.0
INV504809,2023-01-02,10898,Portugal,STK004,Plaid tricote,1,35.64,35.64
INV504809,2023-01-02,10898,Portugal,STK004,Plaid tricote,2,29.69,59.38
INV504810,2023-02-01,10899,France,STK004,Plaid tricote,1,25.07,25.07
INV504811,2023-04-26,10899,France,STK011,Plateau en bambou,5,29.84,149.2
INV504812,2023-05-28,10899,France,STK010,Guirlande lumineuse,4,14.21,56.84
INV504813,2023-09-21,10899,France,STK001,Lampe de bureau design,1,27.56,27.56
INV504814,2023-05-12,10899,France,STK002,Coussin en lin,4,20.77,83.08
INV504814,2023-05-12,10899,France,STK004,Plaid tricote,2,36.02,72.04
INV504815,2023-09-25,10899,France,STK001,Lampe de bureau design,3,21.76,65.28
INV504816,2023-09-27,10899,France,STK009,Vase en verre,2,21.48,42.96
INV504817,2023-04-25,10899,France,STK004,Plaid tricote,2,28.24,56.48
INV504817,2023-04-25,10899,France,STK003,Set de tasses ceramique,1,16.36,16.36
INV504817,2023-04-25,10899,France,STK001,Lampe de bureau design,2,24.68,49.36
INV504817,2023-04-25,10899,France,STK002,Coussin en lin,1,20.37,20.37
INV504818,2023-09-09,10899,France,STK003,Set de tasses ceramique,4,15.71,62.84
INV504818,2023-09-09,10899,France,STK011,Plateau en bambou,1,21.1,21.1
INV504818,2023-09-09,10899,France,STK011,Plateau en bambou,1,21.32,21.32
INV504818,2023-09-09,10899,France,STK010,Guirlande lumineuse,2,15.25,30.5
INV504819,2023-08-18,10899,France,STK010,Guirlande lumineuse,5,18.49,92.44999999999999
INV504819,2023-08-18,10899,France,STK009,Vase en verre,1,22.56,22.56
INV504819,2023-08-18,10899,France,STK012,Miroir mural rond,2,44.88,89.76
INV504819,2023-08-18,10899,France,STK012,Miroir mural rond,2,48.29,96.58
INV504820,2023-10-27,10899,France,STK002,Coussin en lin,1,13.84,13.84
INV504820,2023-10-27,10899,France,STK001,Lampe de bureau design,4,17.79,71.16
INV504820,2023-10-27,10899,France,STK001,Lampe de bureau design,5,30.91,154.55
INV504821,2023-08-29,10900,France,STK010,Guirlande lumineuse,4,16.1,64.4
INV504821,2023-08-29,10900,France,STK002,Coussin en lin,2,17.5,35.0
INV504821,2023-08-29,10900,France,STK002,Coussin en lin,4,15.39,61.56
INV504821,2023-08-29,10900,France,STK001,Lampe de bureau design,3,20.8,62.400000000000006
INV504822,2023-02-20,10900,France,STK006,Cadre photo bois,4,9.66,38.64
INV504822,2023-02-20,10900,France,STK008,Tapis de bain,3,28.08,84.24
INV504822,2023-02-20,10900,France,STK011,Plateau en bambou,2,22.87,45.74
INV504823,2023-07-09,10900,France,STK007,Panier de rangement,5,17.32,86.6
INV504823,2023-07-09,10900,France,STK006,Cadre photo bois,5,10.41,52.05
INV504823,2023-07-09,10900,France,STK011,Plateau en bambou,3,29.56,88.67999999999999
INV504824,2023-02-16,10900,France,STK004,Plaid tricote,2,33.03,66.06
INV504824,2023-02-16,10900,France,STK011,Plateau en bambou,5,15.4,77.0
INV504824,2023-02-16,10900,France,STK005,Bougie parfumee,2,11.08,22.16
INV504824,2023-02-16,10900,France,STK007,Panier de rangement,3,14.49,43.47
INV504825,2023-12-04,10901,Germany,STK004,Plaid tricote,3,33.16,99.47999999999999
INV504825,2023-12-04,10901,Germany,STK001,Lampe de bureau design,5,24.16,120.8
INV504825,2023-12-04,10901,Germany,STK006,Cadre photo bois,3,9.94,29.82
INV504826,2023-02-15,10902,Spain,STK004,Plaid tricote,4,27.37,109.48
INV504827,2023-05-11,10902,Spain,STK005,Bougie parfumee,4,12.05,48.2
INV504827,2023-05-11,10902,Spain,STK002,Coussin en lin,3,19.06,57.17999999999999
INV504827,2023-05-11,10902,Spain,STK005,Bougie parfumee,2,12.98,25.96
INV504828,2023-07-03,10902,Spain,STK010,Guirlande lumineuse,4,11.27,45.08
INV504828,2023-07-03,10902,Spain,STK005,Bougie parfumee,5,13.43,67.15
INV504828,2023-07-03,10902,Spain,STK003,Set de tasses ceramique,4,18.62,74.48
INV504828,2023-07-03,10902,Spain,STK008,Tapis de bain,2,25.67,51.34
INV504829,2023-06-06,10903,Belgium,STK003,Set de tasses ceramique,2,17.37,34.74
INV504829,2023-06-06,10903,Belgium,STK010,Guirlande lumineuse,1,14.08,14.08
INV504829,2023-06-06,10903,Belgium,STK007,Panier de rangement,2,20.03,40.06
INV504830,2023-09-23,10903,Belgium,STK003,Set de tasses ceramique,5,14.86,74.3
INV504830,2023-09-23,10903,Belgium,STK009,Vase en verre,4,19.9,79.6
INV504830,2023-09-23,10903,Belgium,STK003,Set de tasses ceramique,3,14.31,42.93
INV504830,2023-09-23,10903,Belgium,STK005,Bougie parfumee,3,15.18,45.54
INV504831,2023-07-25,10903,Belgium,STK010,Guirlande lumineuse,3,11.13,33.39
INV504831,2023-07-25,10903,Belgium,STK001,Lampe de bureau design,3,21.41,64.23
INV504831,2023-07-25,10903,Belgium,STK007,Panier de rangement,5,18.66,93.3
INV504831,2023-07-25,10903,Belgium,STK007,Panier de rangement,3,23.27,69.81
INV504832,2023-08-06,10903,Belgium,STK009,Vase en verre,4,30.39,121.56
INV504832,2023-08-06,10903,Belgium,STK005,Bougie parfumee,3,15.19,45.57
INV504832,2023-08-06,10903,Belgium,STK002,Coussin en lin,3,19.22,57.66
INV504833,2023-06-09,10904,Netherlands,STK011,Plateau en bambou,3,25.58,76.74
INV504833,2023-06-09,10904,Netherlands,STK001,Lampe de bureau design,3,21.2,63.599999999999994
INV504833,2023-06-09,10904,Netherlands,STK001,Lampe de bureau design,5,26.4,132.0
INV504833,2023-06-09,10904,Netherlands,STK011,Plateau en bambou,5,22.69,113.45
INV504834,2023-03-09,10904,Netherlands,STK010,Guirlande lumineuse,1,17.12,17.12
INV504835,2023-03-19,10904,Netherlands,STK008,Tapis de bain,5,24.84,124.2
INV504836,2023-05-24,10904,Netherlands,STK009,Vase en verre,3,26.0,78.0
INV504836,2023-05-24,10904,Netherlands,STK005,Bougie parfumee,3,10.53,31.589999999999996
INV504837,2023-12-14,10905,France,STK010,Guirlande lumineuse,3,9.59,28.77
INV504838,2023-11-15,10905,France,STK006,Cadre photo bois,4,12.48,49.92
INV504838,2023-11-15,10905,France,STK008,Tapis de bain,2,20.55,41.1
INV504838,2023-11-15,10905,France,STK002,Coussin en lin,1,21.98,21.98
INV504838,2023-11-15,10905,France,STK005,Bougie parfumee,1,11.71,11.71
INV504839,2023-05-28,10906,France,STK011,Plateau en bambou,5,16.03,80.15
INV504839,2023-05-28,10906,France,STK008,Tapis de bain,1,29.66,29.66
INV504839,2023-05-28,10906,France,STK003,Set de tasses ceramique,2,13.99,27.98
INV504840,2023-12-04,10906,France,STK001,Lampe de bureau design,5,37.0,185.0
INV504840,2023-12-04,10906,France,STK005,Bougie parfumee,1,10.33,10.33
INV504840,2023-12-04,10906,France,STK002,Coussin en lin,3,21.62,64.86
INV504841,2023-07-02,10906,France,STK007,Panier de rangement,2,21.93,43.86
INV504841,2023-07-02,10906,France,STK002,Coussin en lin,4,20.21,80.84
INV504842,2023-11-06,10906,France,STK009,Vase en verre,1,18.37,18.37
INV504842,2023-11-06,10906,France,STK011,Plateau en bambou,2,24.22,48.44
INV504842,2023-11-06,10906,France,STK003,Set de tasses ceramique,5,18.08,90.39999999999999
INV504842,2023-11-06,10906,France,STK002,Coussin en lin,2,17.4,34.8
INV504843,2023-04-22,10906,France,STK008,Tapis de bain,4,27.89,111.56
INV504843,2023-04-22,10906,France,STK003,Set de tasses ceramique,1,19.31,19.31
INV504844,2023-11-25,10906,France,STK010,Guirlande lumineuse,4,21.42,85.68
INV504845,2023-06-17,10906,France,STK003,Set de tasses ceramique,4,14.96,59.84
INV504845,2023-06-17,10906,France,STK004,Plaid tricote,5,31.23,156.15
INV504846,2023-12-08,10906,France,STK008,Tapis de bain,1,25.65,25.65
INV504847,2023-05-31,10906,France,STK003,Set de tasses ceramique,4,14.03,56.12
INV504847,2023-05-31,10906,France,STK009,Vase en verre,2,20.55,41.1
INV504848,2023-12-12,10906,France,STK012,Miroir mural rond,4,44.11,176.44
INV504848,2023-12-12,10906,France,STK003,Set de tasses ceramique,1,16.74,16.74
INV504848,2023-12-12,10906,France,STK006,Cadre photo bois,3,10.72,32.160000000000004
INV504848,2023-12-12,10906,France,STK011,Plateau en bambou,1,25.29,25.29
INV504849,2023-01-18,10906,France,STK003,Set de tasses ceramique,5,13.86,69.3
INV504849,2023-01-18,10906,France,STK004,Plaid tricote,2,26.01,52.02
INV504849,2023-01-18,10906,France,STK005,Bougie parfumee,1,10.22,10.22
INV504849,2023-01-18,10906,France,STK002,Coussin en lin,2,22.93,45.86
INV504850,2023-09-02,10906,France,STK011,Plateau en bambou,1,18.79,18.79
INV504851,2023-08-05,10906,France,STK002,Coussin en lin,4,20.65,82.6
INV504851,2023-08-05,10906,France,STK008,Tapis de bain,1,37.44,37.44
INV504851,2023-08-05,10906,France,STK002,Coussin en lin,4,21.67,86.68
INV504852,2023-08-25,10906,France,STK006,Cadre photo bois,5,9.5,47.5
INV504852,2023-08-25,10906,France,STK005,Bougie parfumee,1,14.54,14.54
INV504852,2023-08-25,10906,France,STK004,Plaid tricote,5,34.08,170.39999999999998
INV504852,2023-08-25,10906,France,STK002,Coussin en lin,2,20.46,40.92
INV504853,2023-03-01,10907,Germany,STK009,Vase en verre,3,19.73,59.19
INV504854,2023-01-25,10907,Germany,STK005,Bougie parfumee,2,16.45,32.9
INV504854,2023-01-25,10907,Germany,STK010,Guirlande lumineuse,1,14.61,14.61
INV504854,2023-01-25,10907,Germany,STK004,Plaid tricote,5,31.26,156.3
INV504855,2023-02-24,10907,Germany,STK008,Tapis de bain,4,28.9,115.6
INV504855,2023-02-24,10907,Germany,STK002,Coussin en lin,2,13.8,27.6
INV504856,2023-03-16,10907,Germany,STK001,Lampe de bureau design,3,29.22,87.66
INV504856,2023-03-16,10907,Germany,STK004,Plaid tricote,3,33.41,100.22999999999999
INV504857,2023-09-29,10907,Germany,STK011,Plateau en bambou,2,18.29,36.58
INV504857,2023-09-29,10907,Germany,STK010,Guirlande lumineuse,3,13.97,41.910000000000004
INV504857,2023-09-29,10907,Germany,STK002,Coussin en lin,3,20.08,60.239999999999995
INV504857,2023-09-29,10907,Germany,STK011,Plateau en bambou,5,23.28,116.4
INV504858,2023-10-26,10908,Netherlands,STK012,Miroir mural rond,2,40.82,81.64
INV504859,2023-08-13,10908,Netherlands,STK012,Miroir mural rond,5,39.55,197.75
INV504860,2023-12-12,10908,Netherlands,STK011,Plateau en bambou,3,26.3,78.9
INV504860,2023-12-12,10908,Netherlands,STK010,Guirlande lumineuse,2,12.46,24.92
INV504861,2023-10-25,10908,Netherlands,STK007,Panier de rangement,5,17.81,89.05
INV504861,2023-10-25,10908,Netherlands,STK005,Bougie parfumee,4,13.54,54.16
INV504862,2023-10-11,10908,Netherlands,STK009,Vase en verre,4,19.99,79.96
INV504862,2023-10-11,10908,Netherlands,STK006,Cadre photo bois,1,10.34,10.34
INV504862,2023-10-11,10908,Netherlands,STK007,Panier de rangement,3,23.24,69.72
INV504863,2023-11-06,10908,Netherlands,STK004,Plaid tricote,5,35.68,178.4
INV504864,2023-09-26,10908,Netherlands,STK012,Miroir mural rond,5,41.67,208.35000000000002
INV504864,2023-09-26,10908,Netherlands,STK006,Cadre photo bois,2,9.95,19.9
INV504865,2023-08-19,10908,Netherlands,STK003,Set de tasses ceramique,1,15.13,15.13
INV504865,2023-08-19,10908,Netherlands,STK001,Lampe de bureau design,5,21.49,107.44999999999999
INV504866,2023-08-12,10908,Netherlands,STK002,Coussin en lin,4,15.62,62.48
INV504866,2023-08-12,10908,Netherlands,STK012,Miroir mural rond,5,37.66,188.29999999999998
INV504867,2023-06-12,10908,Netherlands,STK007,Panier de rangement,2,20.01,40.02
INV504867,2023-06-12,10908,Netherlands,STK012,Miroir mural rond,1,33.54,33.54
INV504867,2023-06-12,10908,Netherlands,STK006,Cadre photo bois,3,7.56,22.68
INV504867,2023-06-12,10908,Netherlands,STK010,Guirlande lumineuse,1,17.4,17.4
INV504868,2023-09-21,10908,Netherlands,STK008,Tapis de bain,1,23.85,23.85
INV504868,2023-09-21,10908,Netherlands,STK003,Set de tasses ceramique,5,14.45,72.25
INV504868,2023-09-21,10908,Netherlands,STK009,Vase en verre,4,23.8,95.2
INV504868,2023-09-21,10908,Netherlands,STK008,Tapis de bain,4,27.37,109.48
INV504869,2023-12-23,10908,Netherlands,STK007,Panier de rangement,1,17.43,17.43
INV504869,2023-12-23,10908,Netherlands,STK010,Guirlande lumineuse,1,9.28,9.28
INV504869,2023-12-23,10908,Netherlands,STK012,Miroir mural rond,3,35.18,105.53999999999999
INV504869,2023-12-23,10908,Netherlands,STK004,Plaid tricote,2,36.78,73.56
INV504870,2023-01-31,10908,Netherlands,STK012,Miroir mural rond,3,44.2,132.60000000000002
INV504870,2023-01-31,10908,Netherlands,STK006,Cadre photo bois,2,9.79,19.58
INV504870,2023-01-31,10908,Netherlands,STK006,Cadre photo bois,5,12.69,63.449999999999996
INV504871,2023-11-27,10908,Netherlands,STK004,Plaid tricote,4,35.43,141.72
INV504871,2023-11-27,10908,Netherlands,STK009,Vase en verre,1,17.38,17.38
INV504871,2023-11-27,10908,Netherlands,STK005,Bougie parfumee,5,14.38,71.9
INV504872,2023-10-21,10909,Belgium,STK009,Vase en verre,4,18.75,75.0
INV504873,2023-09-15,10909,Belgium,STK005,Bougie parfumee,1,11.9,11.9
INV504873,2023-09-15,10909,Belgium,STK001,Lampe de bureau design,4,27.84,111.36
INV504874,2023-06-30,10909,Belgium,STK003,Set de tasses ceramique,2,14.11,28.22
INV504875,2023-12-29,10909,Belgium,STK012,Miroir mural rond,3,38.4,115.19999999999999
INV504875,2023-12-29,10909,Belgium,STK012,Miroir mural rond,3,39.74,119.22
INV504875,2023-12-29,10909,Belgium,STK011,Plateau en bambou,2,18.05,36.1
INV504876,2023-10-23,10909,Belgium,STK004,Plaid tricote,2,37.73,75.46
INV504877,2023-09-22,10909,Belgium,STK002,Coussin en lin,5,11.75,58.75
INV504877,2023-09-22,10909,Belgium,STK001,Lampe de bureau design,2,20.13,40.26
INV504877,2023-09-22,10909,Belgium,STK006,Cadre photo bois,2,10.17,20.34
INV504878,2023-03-01,10909,Belgium,STK011,Plateau en bambou,3,20.26,60.78
INV504878,2023-03-01,10909,Belgium,STK003,Set de tasses ceramique,4,16.11,64.44
INV504878,2023-03-01,10909,Belgium,STK005,Bougie parfumee,4,15.83,63.32
INV504878,2023-03-01,10909,Belgium,STK009,Vase en verre,2,19.49,38.98
INV504879,2023-03-27,10909,Belgium,STK009,Vase en verre,5,22.97,114.85
INV504879,2023-03-27,10909,Belgium,STK007,Panier de rangement,3,22.02,66.06
INV504880,2023-09-24,10909,Belgium,STK003,Set de tasses ceramique,3,14.8,44.400000000000006
INV504880,2023-09-24,10909,Belgium,STK007,Panier de rangement,5,21.96,109.80000000000001
INV504880,2023-09-24,10909,Belgium,STK004,Plaid tricote,1,31.07,31.07
INV504880,2023-09-24,10909,Belgium,STK001,Lampe de bureau design,1,24.53,24.53
INV504881,2023-02-28,10910,Belgium,STK001,Lampe de bureau design,4,30.4,121.6
INV504881,2023-02-28,10910,Belgium,STK002,Coussin en lin,5,10.01,50.05
INV504881,2023-02-28,10910,Belgium,STK010,Guirlande lumineuse,2,15.25,30.5
INV504882,2023-04-10,10910,Belgium,STK004,Plaid tricote,4,38.03,152.12
INV504882,2023-04-10,10910,Belgium,STK008,Tapis de bain,4,34.09,136.36
INV504882,2023-04-10,10910,Belgium,STK003,Set de tasses ceramique,1,15.4,15.4
INV504882,2023-04-10,10910,Belgium,STK005,Bougie parfumee,5,14.31,71.55
INV504883,2023-06-01,10910,Belgium,STK008,Tapis de bain,2,30.06,60.12
INV504883,2023-06-01,10910,Belgium,STK005,Bougie parfumee,1,16.06,16.06
INV504883,2023-06-01,10910,Belgium,STK003,Set de tasses ceramique,4,15.02,60.08
INV504883,2023-06-01,10910,Belgium,STK006,Cadre photo bois,2,12.63,25.26
INV504884,2023-02-21,10910,Belgium,STK010,Guirlande lumineuse,5,15.03,75.14999999999999
INV504884,2023-02-21,10910,Belgium,STK011,Plateau en bambou,4,24.56,98.24
INV504884,2023-02-21,10910,Belgium,STK002,Coussin en lin,4,16.45,65.8
INV504885,2023-05-24,10910,Belgium,STK011,Plateau en bambou,4,22.08,88.32
INV504885,2023-05-24,10910,Belgium,STK004,Plaid tricote,5,35.6,178.0
INV504885,2023-05-24,10910,Belgium,STK001,Lampe de bureau design,3,30.01,90.03
INV504885,2023-05-24,10910,Belgium,STK012,Miroir mural rond,3,38.5,115.5
INV504886,2023-10-07,10910,Belgium,STK012,Miroir mural rond,5,40.03,200.15
INV504886,2023-10-07,10910,Belgium,STK011,Plateau en bambou,3,16.73,50.19
INV504886,2023-10-07,10910,Belgium,STK010,Guirlande lumineuse,4,14.04,56.16
INV504886,2023-10-07,10910,Belgium,STK012,Miroir mural rond,5,40.74,203.70000000000002
INV504887,2023-07-22,10910,Belgium,STK003,Set de tasses ceramique,3,19.72,59.16
INV504887,2023-07-22,10910,Belgium,STK011,Plateau en bambou,1,20.21,20.21
INV504887,2023-07-22,10910,Belgium,STK002,Coussin en lin,3,22.61,67.83
INV504888,2023-06-23,10910,Belgium,STK011,Plateau en bambou,3,28.22,84.66
INV504889,2023-05-06,10911,France,STK006,Cadre photo bois,1,11.05,11.05
INV504889,2023-05-06,10911,France,STK010,Guirlande lumineuse,4,10.65,42.6
INV504890,2023-05-11,10912,Belgium,STK010,Guirlande lumineuse,5,12.85,64.25
INV504891,2023-02-22,10912,Belgium,STK005,Bougie parfumee,1,12.87,12.87
INV504891,2023-02-22,10912,Belgium,STK006,Cadre photo bois,5,12.88,64.4
INV504891,2023-02-22,10912,Belgium,STK008,Tapis de bain,1,22.96,22.96
INV504892,2023-02-09,10912,Belgium,STK001,Lampe de bureau design,4,23.84,95.36
INV504892,2023-02-09,10912,Belgium,STK003,Set de tasses ceramique,5,16.15,80.75
INV504892,2023-02-09,10912,Belgium,STK004,Plaid tricote,3,26.42,79.26
INV504892,2023-02-09,10912,Belgium,STK001,Lampe de bureau design,2,24.45,48.9
INV504893,2023-05-14,10912,Belgium,STK010,Guirlande lumineuse,3,13.86,41.58
INV504893,2023-05-14,10912,Belgium,STK007,Panier de rangement,4,18.76,75.04
INV504894,2023-02-23,10912,Belgium,STK004,Plaid tricote,3,32.32,96.96000000000001
INV504895,2023-08-04,10913,Belgium,STK009,Vase en verre,1,20.31,20.31
INV504896,2023-12-20,10913,Belgium,STK003,Set de tasses ceramique,2,18.43,36.86
INV504896,2023-12-20,10913,Belgium,STK006,Cadre photo bois,2,10.29,20.58
INV504896,2023-12-20,10913,Belgium,STK007,Panier de rangement,1,20.59,20.59
INV504896,2023-12-20,10913,Belgium,STK007,Panier de rangement,2,19.72,39.44
INV504897,2023-07-13,10913,Belgium,STK006,Cadre photo bois,2,9.36,18.72
INV504897,2023-07-13,10913,Belgium,STK004,Plaid tricote,2,35.02,70.04
INV504897,2023-07-13,10913,Belgium,STK004,Plaid tricote,3,33.9,101.69999999999999
INV504898,2023-05-23,10914,Italy,STK001,Lampe de bureau design,2,28.03,56.06
INV504898,2023-05-23,10914,Italy,STK012,Miroir mural rond,4,44.9,179.6
INV504899,2023-11-21,10914,Italy,STK010,Guirlande lumineuse,3,15.32,45.96
INV504899,2023-11-21,10914,Italy,STK012,Miroir mural rond,3,38.43,115.28999999999999
INV504900,2023-12-21,10914,Italy,STK009,Vase en verre,3,20.21,60.63
INV504900,2023-12-21,10914,Italy,STK005,Bougie parfumee,2,13.06,26.12
INV504900,2023-12-21,10914,Italy,STK009,Vase en verre,5,20.69,103.45
INV504900,2023-12-21,10914,Italy,STK011,Plateau en bambou,1,21.17,21.17
INV504901,2023-02-03,10915,Spain,STK010,Guirlande lumineuse,4,14.13,56.52
INV504902,2023-04-04,10915,Spain,STK004,Plaid tricote,3,36.28,108.84
INV504902,2023-04-04,10915,Spain,STK005,Bougie parfumee,3,14.6,43.8
INV504903,2023-08-26,10915,Spain,STK002,Coussin en lin,3,18.85,56.550000000000004
INV504904,2023-01-22,10915,Spain,STK003,Set de tasses ceramique,5,14.11,70.55
INV504905,2023-06-19,10915,Spain,STK010,Guirlande lumineuse,5,12.86,64.3
INV504905,2023-06-19,10915,Spain,STK005,Bougie parfumee,3,11.34,34.019999999999996
INV504905,2023-06-19,10915,Spain,STK011,Plateau en bambou,3,19.36,58.08
INV504905,2023-06-19,10915,Spain,STK007,Panier de rangement,2,18.94,37.88
INV504906,2023-06-10,10915,Spain,STK003,Set de tasses ceramique,1,13.16,13.16
INV504906,2023-06-10,10915,Spain,STK012,Miroir mural rond,4,42.06,168.24
INV504907,2023-12-08,10915,Spain,STK010,Guirlande lumineuse,3,13.61,40.83
INV504907,2023-12-08,10915,Spain,STK004,Plaid tricote,1,30.59,30.59
INV504907,2023-12-08,10915,Spain,STK010,Guirlande lumineuse,4,11.46,45.84
INV504908,2023-12-18,10915,Spain,STK003,Set de tasses ceramique,3,14.94,44.82
INV504908,2023-12-18,10915,Spain,STK008,Tapis de bain,5,23.55,117.75
INV504909,2023-09-13,10915,Spain,STK012,Miroir mural rond,2,33.32,66.64
INV504909,2023-09-13,10915,Spain,STK012,Miroir mural rond,1,37.99,37.99
INV504910,2023-05-03,10915,Spain,STK011,Plateau en bambou,5,16.32,81.6
INV504911,2023-03-04,10916,Germany,STK006,Cadre photo bois,4,6.96,27.84
INV504911,2023-03-04,10916,Germany,STK009,Vase en verre,5,21.11,105.55
INV504911,2023-03-04,10916,Germany,STK002,Coussin en lin,5,20.23,101.15
INV504911,2023-03-04,10916,Germany,STK011,Plateau en bambou,5,21.42,107.10000000000001
INV504912,2023-12-02,10916,Germany,STK004,Plaid tricote,1,31.9,31.9
INV504912,2023-12-02,10916,Germany,STK002,Coussin en lin,4,12.31,49.24
INV504912,2023-12-02,10916,Germany,STK011,Plateau en bambou,5,20.25,101.25
INV504913,2023-05-17,10916,Germany,STK011,Plateau en bambou,2,23.12,46.24
INV504913,2023-05-17,10916,Germany,STK003,Set de tasses ceramique,3,13.7,41.099999999999994
INV504913,2023-05-17,10916,Germany,STK008,Tapis de bain,4,31.75,127.0
INV504914,2023-02-13,10917,Netherlands,STK011,Plateau en bambou,5,24.31,121.55
INV504914,2023-02-13,10917,Netherlands,STK009,Vase en verre,4,15.87,63.48
INV504914,2023-02-13,10917,Netherlands,STK007,Panier de rangement,5,9.35,46.75
INV504915,2023-05-13,10917,Netherlands,STK005,Bougie parfumee,3,15.0,45.0
INV504915,2023-05-13,10917,Netherlands,STK004,Plaid tricote,1,26.78,26.78
INV504916,2023-09-05,10918,France,STK009,Vase en verre,3,20.82,62.46
INV504917,2023-10-26,10918,France,STK010,Guirlande lumineuse,2,13.43,26.86
INV504917,2023-10-26,10918,France,STK009,Vase en verre,4,17.64,70.56
INV504918,2023-06-05,10918,France,STK010,Guirlande lumineuse,2,14.14,28.28
INV504919,2023-10-22,10918,France,STK009,Vase en verre,5,19.99,99.94999999999999
INV504919,2023-10-22,10918,France,STK009,Vase en verre,5,16.39,81.95
INV504920,2023-06-29,10918,France,STK012,Miroir mural rond,4,28.9,115.6
INV504921,2023-04-27,10918,France,STK002,Coussin en lin,3,18.54,55.62
INV504921,2023-04-27,10918,France,STK003,Set de tasses ceramique,5,16.49,82.44999999999999
INV504921,2023-04-27,10918,France,STK001,Lampe de bureau design,5,32.24,161.20000000000002
INV504922,2023-06-27,10918,France,STK002,Coussin en lin,4,21.03,84.12
INV504922,2023-06-27,10918,France,STK010,Guirlande lumineuse,4,12.08,48.32
INV504922,2023-06-27,10918,France,STK002,Coussin en lin,1,17.62,17.62
INV504922,2023-06-27,10918,France,STK002,Coussin en lin,4,23.47,93.88
INV504923,2023-11-15,10918,France,STK005,Bougie parfumee,3,12.04,36.12
INV504923,2023-11-15,10918,France,STK003,Set de tasses ceramique,1,14.41,14.41
INV504923,2023-11-15,10918,France,STK012,Miroir mural rond,2,46.3,92.6
INV504924,2023-05-19,10918,France,STK010,Guirlande lumineuse,2,16.78,33.56
INV504924,2023-05-19,10918,France,STK011,Plateau en bambou,5,24.55,122.75
INV504924,2023-05-19,10918,France,STK010,Guirlande lumineuse,3,12.68,38.04
INV504924,2023-05-19,10918,France,STK006,Cadre photo bois,4,10.98,43.92
INV504925,2023-05-26,10919,Germany,STK002,Coussin en lin,1,21.12,21.12
INV504925,2023-05-26,10919,Germany,STK007,Panier de rangement,4,21.09,84.36
INV504925,2023-05-26,10919,Germany,STK011,Plateau en bambou,5,21.61,108.05
INV504925,2023-05-26,10919,Germany,STK009,Vase en verre,2,23.54,47.08
INV504926,2023-07-29,10920,France,STK007,Panier de rangement,5,17.05,85.25
INV504926,2023-07-29,10920,France,STK006,Cadre photo bois,1,10.57,10.57
INV504926,2023-07-29,10920,France,STK007,Panier de rangement,3,22.51,67.53
INV504926,2023-07-29,10920,France,STK005,Bougie parfumee,1,14.37,14.37
INV504927,2023-10-17,10920,France,STK003,Set de tasses ceramique,5,17.34,86.7
INV504927,2023-10-17,10920,France,STK003,Set de tasses ceramique,5,18.8,94.0
INV504928,2023-12-09,10920,France,STK012,Miroir mural rond,2,38.6,77.2
INV504928,2023-12-09,10920,France,STK012,Miroir mural rond,3,27.8,83.4
INV504928,2023-12-09,10920,France,STK006,Cadre photo bois,1,12.21,12.21
INV504929,2023-02-13,10921,Germany,STK002,Coussin en lin,4,15.21,60.84
INV504929,2023-02-13,10921,Germany,STK009,Vase en verre,2,21.66,43.32
INV504929,2023-02-13,10921,Germany,STK007,Panier de rangement,3,24.61,73.83
INV504929,2023-02-13,10921,Germany,STK008,Tapis de bain,3,27.15,81.44999999999999
INV504930,2023-10-11,10922,France,STK005,Bougie parfumee,4,15.2,60.8
INV504930,2023-10-11,10922,France,STK003,Set de tasses ceramique,3,12.48,37.44
INV504931,2023-11-17,10922,France,STK010,Guirlande lumineuse,2,12.5,25.0
INV504932,2023-07-25,10922,France,STK009,Vase en verre,5,19.34,96.7
INV504932,2023-07-25,10922,France,STK009,Vase en verre,3,21.7,65.1
INV504932,2023-07-25,10922,France,STK008,Tapis de bain,5,32.06,160.3
INV504933,2023-10-11,10922,France,STK010,Guirlande lumineuse,5,14.13,70.65
INV504934,2023-07-31,10923,France,STK005,Bougie parfumee,4,10.51,42.04
INV504934,2023-07-31,10923,France,STK009,Vase en verre,3,22.13,66.39
INV504935,2023-05-03,10923,France,STK007,Panier de rangement,5,22.93,114.65
INV504935,2023-05-03,10923,France,STK010,Guirlande lumineuse,3,12.65,37.95
INV504935,2023-05-03,10923,France,STK008,Tapis de bain,5,27.83,139.14999999999998
INV504935,2023-05-03,10923,France,STK003,Set de tasses ceramique,5,15.29,76.44999999999999
INV504936,2023-08-18,10923,France,STK003,Set de tasses ceramique,5,14.32,71.6
INV504936,2023-08-18,10923,France,STK010,Guirlande lumineuse,1,13.03,13.03
INV504936,2023-08-18,10923,France,STK005,Bougie parfumee,2,11.74,23.48
INV504936,2023-08-18,10923,France,STK002,Coussin en lin,1,18.96,18.96
INV504937,2023-10-06,10923,France,STK001,Lampe de bureau design,2,22.84,45.68
INV504937,2023-10-06,10923,France,STK005,Bougie parfumee,5,9.41,47.05
INV504937,2023-10-06,10923,France,STK006,Cadre photo bois,1,9.85,9.85
INV504938,2023-05-22,10923,France,STK006,Cadre photo bois,2,11.48,22.96
INV504939,2023-09-04,10923,France,STK009,Vase en verre,4,20.19,80.76
INV504939,2023-09-04,10923,France,STK001,Lampe de bureau design,3,24.73,74.19
INV504939,2023-09-04,10923,France,STK007,Panier de rangement,3,19.17,57.510000000000005
INV504940,2023-06-03,10923,France,STK006,Cadre photo bois,1,10.73,10.73
INV504940,2023-06-03,10923,France,STK010,Guirlande lumineuse,2,12.72,25.44
INV504940,2023-06-03,10923,France,STK011,Plateau en bambou,5,20.9,104.5
INV504941,2023-10-10,10923,France,STK001,Lampe de bureau design,2,24.98,49.96
INV504942,2023-11-12,10923,France,STK010,Guirlande lumineuse,3,16.56,49.67999999999999
INV504943,2023-04-12,10923,France,STK004,Plaid tricote,4,27.2,108.8
INV504944,2023-08-23,10923,France,STK012,Miroir mural rond,5,36.47,182.35
INV504944,2023-08-23,10923,France,STK003,Set de tasses ceramique,4,14.01,56.04
INV504945,2023-07-22,10923,France,STK007,Panier de rangement,3,17.08,51.239999999999995
INV504946,2023-07-16,10924,Spain,STK002,Coussin en lin,2,17.26,34.52
INV504946,2023-07-16,10924,Spain,STK008,Tapis de bain,3,19.2,57.599999999999994
INV504946,2023-07-16,10924,Spain,STK012,Miroir mural rond,3,40.83,122.49
INV504947,2023-03-04,10924,Spain,STK006,Cadre photo bois,1,9.92,9.92
INV504947,2023-03-04,10924,Spain,STK010,Guirlande lumineuse,3,15.67,47.01
INV504947,2023-03-04,10924,Spain,STK008,Tapis de bain,1,29.72,29.72
INV504948,2023-05-29,10924,Spain,STK007,Panier de rangement,2,25.55,51.1
INV504948,2023-05-29,10924,Spain,STK009,Vase en verre,2,19.94,39.88
INV504948,2023-05-29,10924,Spain,STK005,Bougie parfumee,4,13.64,54.56
INV504949,2023-10-08,10925,France,STK009,Vase en verre,5,23.33,116.64999999999999
INV504949,2023-10-08,10925,France,STK008,Tapis de bain,3,27.54,82.62
INV504949,2023-10-08,10925,France,STK001,Lampe de bureau design,5,29.87,149.35
INV504950,2023-11-21,10925,France,STK010,Guirlande lumineuse,3,13.35,40.05
INV504951,2023-06-13,10925,France,STK003,Set de tasses ceramique,4,15.27,61.08
INV504951,2023-06-13,10925,France,STK001,Lampe de bureau design,4,28.92,115.68
INV504952,2023-06-08,10925,France,STK010,Guirlande lumineuse,5,16.69,83.45
INV504952,2023-06-08,10925,France,STK011,Plateau en bambou,3,22.31,66.92999999999999
INV504953,2023-07-19,10925,France,STK004,Plaid tricote,2,31.3,62.6
INV504954,2023-05-24,10925,France,STK012,Miroir mural rond,1,44.48,44.48
INV504954,2023-05-24,10925,France,STK005,Bougie parfumee,5,12.84,64.2
INV504954,2023-05-24,10925,France,STK001,Lampe de bureau design,2,25.96,51.92
INV504954,2023-05-24,10925,France,STK003,Set de tasses ceramique,2,12.93,25.86
INV504955,2023-03-24,10925,France,STK002,Coussin en lin,3,14.75,44.25
INV504955,2023-03-24,10925,France,STK007,Panier de rangement,4,21.77,87.08
INV504956,2023-07-19,10926,France,STK008,Tapis de bain,3,25.27,75.81
INV504957,2023-04-27,10926,France,STK003,Set de tasses ceramique,3,14.89,44.67
INV504957,2023-04-27,10926,France,STK008,Tapis de bain,3,25.16,75.48
INV504957,2023-04-27,10926,France,STK005,Bougie parfumee,3,14.15,42.45
INV504958,2023-10-18,10926,France,STK009,Vase en verre,2,22.07,44.14
INV504958,2023-10-18,10926,France,STK004,Plaid tricote,5,33.53,167.65
INV504959,2023-02-05,10926,France,STK008,Tapis de bain,5,26.26,131.3
INV504959,2023-02-05,10926,France,STK004,Plaid tricote,2,36.63,73.26
INV504959,2023-02-05,10926,France,STK011,Plateau en bambou,5,25.43,127.15
INV504960,2023-04-22,10926,France,STK005,Bougie parfumee,5,13.47,67.35000000000001
INV504960,2023-04-22,10926,France,STK010,Guirlande lumineuse,1,14.83,14.83
INV504960,2023-04-22,10926,France,STK002,Coussin en lin,2,18.18,36.36
INV504961,2023-08-23,10926,France,STK012,Miroir mural rond,2,36.65,73.3
INV504961,2023-08-23,10926,France,STK011,Plateau en bambou,5,23.13,115.64999999999999
INV504961,2023-08-23,10926,France,STK004,Plaid tricote,5,28.65,143.25
INV504961,2023-08-23,10926,France,STK005,Bougie parfumee,1,13.42,13.42
INV504962,2023-03-30,10926,France,STK006,Cadre photo bois,2,10.58,21.16
INV504962,2023-03-30,10926,France,STK012,Miroir mural rond,4,47.18,188.72
INV504962,2023-03-30,10926,France,STK004,Plaid tricote,2,27.32,54.64
INV504962,2023-03-30,10926,France,STK010,Guirlande lumineuse,1,15.08,15.08
INV504963,2023-05-04,10926,France,STK001,Lampe de bureau design,4,24.54,98.16
INV504963,2023-05-04,10926,France,STK002,Coussin en lin,4,16.89,67.56
INV504963,2023-05-04,10926,France,STK005,Bougie parfumee,1,14.22,14.22
INV504963,2023-05-04,10926,France,STK004,Plaid tricote,2,37.63,75.26
INV504964,2023-02-20,10927,France,STK012,Miroir mural rond,5,39.87,199.35
INV504965,2023-02-27,10927,France,STK008,Tapis de bain,4,24.86,99.44
INV504965,2023-02-27,10927,France,STK005,Bougie parfumee,5,16.15,80.75
INV504966,2023-03-19,10928,Italy,STK002,Coussin en lin,5,23.91,119.55
INV504966,2023-03-19,10928,Italy,STK001,Lampe de bureau design,1,29.11,29.11
INV504966,2023-03-19,10928,Italy,STK001,Lampe de bureau design,1,30.53,30.53
INV504967,2023-10-28,10928,Italy,STK003,Set de tasses ceramique,4,17.49,69.96
INV504967,2023-10-28,10928,Italy,STK011,Plateau en bambou,4,22.22,88.88
INV504968,2023-03-10,10928,Italy,STK010,Guirlande lumineuse,1,15.46,15.46
INV504968,2023-03-10,10928,Italy,STK005,Bougie parfumee,2,13.22,26.44
INV504968,2023-03-10,10928,Italy,STK011,Plateau en bambou,2,21.21,42.42
INV504969,2023-02-04,10928,Italy,STK012,Miroir mural rond,1,36.59,36.59
INV504969,2023-02-04,10928,Italy,STK005,Bougie parfumee,5,12.71,63.550000000000004
INV504969,2023-02-04,10928,Italy,STK011,Plateau en bambou,5,24.88,124.39999999999999
INV504970,2023-11-02,10928,Italy,STK009,Vase en verre,1,18.82,18.82
INV504970,2023-11-02,10928,Italy,STK003,Set de tasses ceramique,5,12.83,64.15
INV504971,2023-04-20,10928,Italy,STK006,Cadre photo bois,2,12.73,25.46
INV504971,2023-04-20,10928,Italy,STK009,Vase en verre,2,14.61,29.22
INV504972,2023-06-11,10928,Italy,STK001,Lampe de bureau design,3,29.58,88.74
INV504973,2023-02-17,10929,France,STK008,Tapis de bain,2,33.98,67.96
INV504974,2023-05-01,10930,Spain,STK007,Panier de rangement,3,22.28,66.84
INV504975,2023-10-21,10931,France,STK009,Vase en verre,2,17.02,34.04
INV504975,2023-10-21,10931,France,STK005,Bougie parfumee,5,13.43,67.15
INV504975,2023-10-21,10931,France,STK005,Bougie parfumee,3,16.09,48.269999999999996
INV504976,2023-12-20,10931,France,STK001,Lampe de bureau design,3,23.77,71.31
INV504976,2023-12-20,10931,France,STK006,Cadre photo bois,1,12.02,12.02
INV504976,2023-12-20,10931,France,STK002,Coussin en lin,2,17.87,35.74
INV504977,2023-03-19,10931,France,STK008,Tapis de bain,5,25.6,128.0
INV504977,2023-03-19,10931,France,STK004,Plaid tricote,3,38.96,116.88
INV504978,2023-05-12,10931,France,STK011,Plateau en bambou,2,17.53,35.06
INV504979,2023-11-14,10931,France,STK010,Guirlande lumineuse,2,13.81,27.62
INV504979,2023-11-14,10931,France,STK011,Plateau en bambou,2,22.3,44.6
INV504979,2023-11-14,10931,France,STK010,Guirlande lumineuse,1,13.5,13.5
INV504979,2023-11-14,10931,France,STK005,Bougie parfumee,2,13.59,27.18
INV504980,2023-08-03,10931,France,STK003,Set de tasses ceramique,3,15.39,46.17
INV504980,2023-08-03,10931,France,STK008,Tapis de bain,2,35.95,71.9
INV504981,2023-04-08,10931,France,STK009,Vase en verre,3,21.07,63.21
INV504981,2023-04-08,10931,France,STK009,Vase en verre,3,18.04,54.12
INV504982,2023-11-27,10931,France,STK004,Plaid tricote,3,36.36,109.08
INV504982,2023-11-27,10931,France,STK001,Lampe de bureau design,4,19.17,76.68
INV504983,2023-11-03,10931,France,STK011,Plateau en bambou,5,18.93,94.65
INV504983,2023-11-03,10931,France,STK006,Cadre photo bois,3,9.88,29.64
INV504983,2023-11-03,10931,France,STK004,Plaid tricote,5,34.29,171.45
INV504984,2023-08-04,10931,France,STK006,Cadre photo bois,4,11.27,45.08
INV504984,2023-08-04,10931,France,STK009,Vase en verre,3,24.7,74.1
INV504985,2023-03-23,10932,France,STK001,Lampe de bureau design,2,27.39,54.78
INV504985,2023-03-23,10932,France,STK005,Bougie parfumee,5,9.86,49.3
INV504985,2023-03-23,10932,France,STK011,Plateau en bambou,1,25.96,25.96
INV504986,2023-08-04,10932,France,STK007,Panier de rangement,3,16.75,50.25
INV504986,2023-08-04,10932,France,STK006,Cadre photo bois,5,9.22,46.1
INV504986,2023-08-04,10932,France,STK003,Set de tasses ceramique,2,15.14,30.28
INV504987,2023-04-12,10933,Belgium,STK001,Lampe de bureau design,3,25.59,76.77
INV504988,2023-05-17,10934,Germany,STK006,Cadre photo bois,2,9.9,19.8
INV504988,2023-05-17,10934,Germany,STK006,Cadre photo bois,5,10.45,52.25
INV504988,2023-05-17,10934,Germany,STK011,Plateau en bambou,1,18.58,18.58
INV504988,2023-05-17,10934,Germany,STK007,Panier de rangement,4,21.44,85.76
INV504989,2023-04-12,10934,Germany,STK001,Lampe de bureau design,4,25.32,101.28
INV504989,2023-04-12,10934,Germany,STK005,Bougie parfumee,4,12.9,51.6
INV504989,2023-04-12,10934,Germany,STK011,Plateau en bambou,2,24.62,49.24
INV504989,2023-04-12,10934,Germany,STK003,Set de tasses ceramique,5,15.13,75.65
INV504990,2023-01-14,10934,Germany,STK006,Cadre photo bois,2,6.65,13.3
INV504991,2023-04-11,10934,Germany,STK005,Bougie parfumee,1,11.39,11.39
INV504991,2023-04-11,10934,Germany,STK005,Bougie parfumee,5,10.88,54.400000000000006
INV504991,2023-04-11,10934,Germany,STK003,Set de tasses ceramique,5,16.78,83.9
INV504992,2023-06-28,10934,Germany,STK003,Set de tasses ceramique,4,14.75,59.0
INV504992,2023-06-28,10934,Germany,STK011,Plateau en bambou,2,20.86,41.72
INV504992,2023-06-28,10934,Germany,STK002,Coussin en lin,2,17.65,35.3
INV504992,2023-06-28,10934,Germany,STK001,Lampe de bureau design,5,24.09,120.45
INV504993,2023-07-07,10934,Germany,STK009,Vase en verre,4,20.91,83.64
INV504993,2023-07-07,10934,Germany,STK011,Plateau en bambou,3,21.57,64.71000000000001
INV504993,2023-07-07,10934,Germany,STK011,Plateau en bambou,2,17.94,35.88
INV504994,2023-02-23,10934,Germany,STK003,Set de tasses ceramique,4,17.61,70.44
INV504994,2023-02-23,10934,Germany,STK011,Plateau en bambou,5,16.61,83.05
INV504995,2023-03-26,10934,Germany,STK011,Plateau en bambou,4,20.78,83.12
INV504995,2023-03-26,10934,Germany,STK003,Set de tasses ceramique,2,16.16,32.32
INV504995,2023-03-26,10934,Germany,STK009,Vase en verre,1,22.34,22.34
INV504995,2023-03-26,10934,Germany,STK008,Tapis de bain,1,33.71,33.71
INV504996,2023-11-02,10935,Italy,STK012,Miroir mural rond,3,40.93,122.78999999999999
INV504997,2023-10-03,10935,Italy,STK008,Tapis de bain,1,29.08,29.08
INV504998,2023-08-24,10935,Italy,STK012,Miroir mural rond,1,37.76,37.76
INV504998,2023-08-24,10935,Italy,STK004,Plaid tricote,2,29.88,59.76
INV504999,2023-11-18,10935,Italy,STK010,Guirlande lumineuse,1,12.28,12.28
INV504999,2023-11-18,10935,Italy,STK012,Miroir mural rond,1,40.25,40.25
INV505000,2023-01-20,10935,Italy,STK012,Miroir mural rond,2,38.86,77.72
INV505000,2023-01-20,10935,Italy,STK003,Set de tasses ceramique,3,15.49,46.47
INV505000,2023-01-20,10935,Italy,STK008,Tapis de bain,3,21.64,64.92
INV505000,2023-01-20,10935,Italy,STK001,Lampe de bureau design,3,24.42,73.26
INV505001,2023-12-09,10935,Italy,STK002,Coussin en lin,4,19.63,78.52
INV505001,2023-12-09,10935,Italy,STK005,Bougie parfumee,2,10.93,21.86
INV505001,2023-12-09,10935,Italy,STK004,Plaid tricote,3,28.47,85.41
INV505001,2023-12-09,10935,Italy,STK001,Lampe de bureau design,1,27.74,27.74
INV505002,2023-08-16,10935,Italy,STK009,Vase en verre,4,15.16,60.64
INV505002,2023-08-16,10935,Italy,STK010,Guirlande lumineuse,2,13.04,26.08
INV505002,2023-08-16,10935,Italy,STK012,Miroir mural rond,3,26.01,78.03
INV505003,2023-04-30,10935,Italy,STK007,Panier de rangement,1,26.85,26.85
INV505003,2023-04-30,10935,Italy,STK012,Miroir mural rond,4,40.32,161.28
INV505004,2023-07-04,10935,Italy,STK012,Miroir mural rond,3,40.27,120.81
INV505005,2023-06-17,10935,Italy,STK012,Miroir mural rond,1,34.47,34.47
INV505005,2023-06-17,10935,Italy,STK004,Plaid tricote,4,34.51,138.04
INV505006,2023-09-11,10935,Italy,STK002,Coussin en lin,5,16.81,84.05
INV505006,2023-09-11,10935,Italy,STK003,Set de tasses ceramique,5,14.09,70.45
INV505007,2023-06-11,10935,Italy,STK008,Tapis de bain,4,18.01,72.04
INV505007,2023-06-11,10935,Italy,STK012,Miroir mural rond,2,36.11,72.22
INV505008,2023-05-15,10936,Italy,STK012,Miroir mural rond,5,44.01,220.04999999999998
INV505008,2023-05-15,10936,Italy,STK009,Vase en verre,4,16.97,67.88
INV505008,2023-05-15,10936,Italy,STK006,Cadre photo bois,1,7.44,7.44
INV505009,2023-06-01,10936,Italy,STK005,Bougie parfumee,3,12.81,38.43
INV505009,2023-06-01,10936,Italy,STK002,Coussin en lin,3,18.94,56.82000000000001
INV505010,2023-10-04,10937,France,STK007,Panier de rangement,4,22.27,89.08
INV505010,2023-10-04,10937,France,STK011,Plateau en bambou,2,22.84,45.68
INV505011,2023-09-14,10938,Germany,STK007,Panier de rangement,5,21.79,108.94999999999999
INV505011,2023-09-14,10938,Germany,STK005,Bougie parfumee,3,12.75,38.25
INV505011,2023-09-14,10938,Germany,STK005,Bougie parfumee,2,14.64,29.28
INV505012,2023-09-15,10938,Germany,STK009,Vase en verre,2,24.55,49.1
INV505013,2023-04-27,10938,Germany,STK012,Miroir mural rond,4,41.3,165.2
INV505013,2023-04-27,10938,Germany,STK006,Cadre photo bois,1,10.28,10.28
INV505014,2023-12-28,10938,Germany,STK001,Lampe de bureau design,3,18.64,55.92
INV505014,2023-12-28,10938,Germany,STK005,Bougie parfumee,3,13.4,40.2
INV505015,2023-11-12,10938,Germany,STK004,Plaid tricote,2,34.55,69.1
INV505015,2023-11-12,10938,Germany,STK010,Guirlande lumineuse,2,18.52,37.04
INV505015,2023-11-12,10938,Germany,STK008,Tapis de bain,5,21.21,106.05000000000001
INV505016,2023-11-11,10938,Germany,STK008,Tapis de bain,3,26.65,79.94999999999999
INV505016,2023-11-11,10938,Germany,STK008,Tapis de bain,3,25.42,76.26
INV505016,2023-11-11,10938,Germany,STK007,Panier de rangement,2,19.59,39.18
INV505016,2023-11-11,10938,Germany,STK008,Tapis de bain,5,26.34,131.7
INV505017,2023-12-06,10938,Germany,STK011,Plateau en bambou,5,22.14,110.7
INV505017,2023-12-06,10938,Germany,STK005,Bougie parfumee,5,12.49,62.45
INV505018,2023-11-26,10938,Germany,STK010,Guirlande lumineuse,3,13.55,40.650000000000006
INV505018,2023-11-26,10938,Germany,STK002,Coussin en lin,2,18.39,36.78
INV505018,2023-11-26,10938,Germany,STK001,Lampe de bureau design,3,26.62,79.86
INV505018,2023-11-26,10938,Germany,STK009,Vase en verre,1,18.07,18.07
INV505019,2023-02-23,10938,Germany,STK002,Coussin en lin,1,15.63,15.63
INV505019,2023-02-23,10938,Germany,STK001,Lampe de bureau design,3,23.03,69.09
INV505019,2023-02-23,10938,Germany,STK001,Lampe de bureau design,2,25.48,50.96
INV505020,2023-04-10,10939,Belgium,STK007,Panier de rangement,2,17.46,34.92
INV505020,2023-04-10,10939,Belgium,STK012,Miroir mural rond,1,43.6,43.6
INV505020,2023-04-10,10939,Belgium,STK001,Lampe de bureau design,2,29.57,59.14
INV505020,2023-04-10,10939,Belgium,STK002,Coussin en lin,1,23.19,23.19
INV505021,2023-10-19,10939,Belgium,STK011,Plateau en bambou,3,24.76,74.28
INV505021,2023-10-19,10939,Belgium,STK011,Plateau en bambou,5,18.19,90.95
INV505021,2023-10-19,10939,Belgium,STK007,Panier de rangement,1,16.06,16.06
INV505021,2023-10-19,10939,Belgium,STK002,Coussin en lin,5,18.21,91.05000000000001
INV505022,2023-10-15,10939,Belgium,STK003,Set de tasses ceramique,1,16.95,16.95
INV505022,2023-10-15,10939,Belgium,STK012,Miroir mural rond,5,35.67,178.35000000000002
INV505022,2023-10-15,10939,Belgium,STK011,Plateau en bambou,3,26.64,79.92
INV505022,2023-10-15,10939,Belgium,STK008,Tapis de bain,3,27.88,83.64
INV505023,2023-10-21,10940,France,STK012,Miroir mural rond,5,43.05,215.25
INV505024,2023-02-23,10940,France,STK003,Set de tasses ceramique,1,12.25,12.25
INV505024,2023-02-23,10940,France,STK005,Bougie parfumee,4,15.54,62.16
INV505024,2023-02-23,10940,France,STK010,Guirlande lumineuse,3,13.7,41.099999999999994
INV505024,2023-02-23,10940,France,STK008,Tapis de bain,2,27.33,54.66
INV505025,2023-06-26,10940,France,STK004,Plaid tricote,2,24.78,49.56
INV505025,2023-06-26,10940,France,STK007,Panier de rangement,3,21.87,65.61
INV505026,2023-04-15,10940,France,STK004,Plaid tricote,1,25.86,25.86
INV505026,2023-04-15,10940,France,STK003,Set de tasses ceramique,4,14.09,56.36
INV505026,2023-04-15,10940,France,STK012,Miroir mural rond,2,45.45,90.9
INV505027,2023-05-09,10941,Spain,STK008,Tapis de bain,5,23.36,116.8
INV505027,2023-05-09,10941,Spain,STK001,Lampe de bureau design,2,29.31,58.62
INV505027,2023-05-09,10941,Spain,STK012,Miroir mural rond,1,42.82,42.82
INV505028,2023-10-22,10941,Spain,STK001,Lampe de bureau design,4,26.64,106.56
INV505028,2023-10-22,10941,Spain,STK010,Guirlande lumineuse,3,10.51,31.53
INV505029,2023-02-26,10941,Spain,STK002,Coussin en lin,2,17.02,34.04
INV505029,2023-02-26,10941,Spain,STK012,Miroir mural rond,2,40.08,80.16
INV505030,2023-02-26,10942,Italy,STK003,Set de tasses ceramique,5,12.2,61.0
INV505031,2023-04-05,10943,France,STK008,Tapis de bain,4,26.18,104.72
INV505032,2023-12-20,10944,Netherlands,STK010,Guirlande lumineuse,5,12.76,63.8
INV505032,2023-12-20,10944,Netherlands,STK011,Plateau en bambou,2,21.73,43.46
INV505032,2023-12-20,10944,Netherlands,STK011,Plateau en bambou,4,16.8,67.2
INV505032,2023-12-20,10944,Netherlands,STK010,Guirlande lumineuse,4,15.66,62.64
INV505033,2023-01-12,10944,Netherlands,STK009,Vase en verre,1,18.69,18.69
INV505033,2023-01-12,10944,Netherlands,STK009,Vase en verre,5,17.12,85.60000000000001
INV505034,2023-01-18,10944,Netherlands,STK012,Miroir mural rond,3,45.71,137.13
INV505034,2023-01-18,10944,Netherlands,STK005,Bougie parfumee,3,12.87,38.61
INV505034,2023-01-18,10944,Netherlands,STK001,Lampe de bureau design,4,29.29,117.16
INV505035,2023-11-26,10944,Netherlands,STK007,Panier de rangement,2,22.13,44.26
INV505035,2023-11-26,10944,Netherlands,STK002,Coussin en lin,4,17.95,71.8
INV505035,2023-11-26,10944,Netherlands,STK010,Guirlande lumineuse,5,15.54,77.69999999999999
INV505035,2023-11-26,10944,Netherlands,STK003,Set de tasses ceramique,4,15.06,60.24
INV505036,2023-04-04,10944,Netherlands,STK011,Plateau en bambou,2,19.19,38.38
INV505037,2023-12-12,10944,Netherlands,STK004,Plaid tricote,1,38.39,38.39
INV505037,2023-12-12,10944,Netherlands,STK012,Miroir mural rond,3,33.85,101.55000000000001
INV505038,2023-07-19,10944,Netherlands,STK012,Miroir mural rond,4,22.29,89.16
INV505038,2023-07-19,10944,Netherlands,STK008,Tapis de bain,1,31.05,31.05
INV505039,2023-01-08,10944,Netherlands,STK001,Lampe de bureau design,2,23.24,46.48
INV505039,2023-01-08,10944,Netherlands,STK011,Plateau en bambou,2,24.77,49.54
INV505040,2023-05-07,10944,Netherlands,STK004,Plaid tricote,1,33.39,33.39
INV505040,2023-05-07,10944,Netherlands,STK005,Bougie parfumee,2,10.05,20.1
INV505040,2023-05-07,10944,Netherlands,STK009,Vase en verre,3,22.15,66.44999999999999
INV505041,2023-05-06,10944,Netherlands,STK012,Miroir mural rond,3,37.21,111.63
INV505041,2023-05-06,10944,Netherlands,STK002,Coussin en lin,4,21.64,86.56
INV505041,2023-05-06,10944,Netherlands,STK009,Vase en verre,1,17.69,17.69
INV505042,2023-09-19,10944,Netherlands,STK002,Coussin en lin,5,14.96,74.80000000000001
INV505042,2023-09-19,10944,Netherlands,STK002,Coussin en lin,4,17.95,71.8
INV505042,2023-09-19,10944,Netherlands,STK012,Miroir mural rond,2,36.08,72.16
INV505043,2023-11-19,10944,Netherlands,STK004,Plaid tricote,4,33.65,134.6
INV505043,2023-11-19,10944,Netherlands,STK010,Guirlande lumineuse,2,12.36,24.72
INV505044,2023-01-27,10945,France,STK009,Vase en verre,2,26.03,52.06
INV505044,2023-01-27,10945,France,STK005,Bougie parfumee,5,13.96,69.80000000000001
INV505044,2023-01-27,10945,France,STK008,Tapis de bain,2,25.12,50.24
INV505044,2023-01-27,10945,France,STK005,Bougie parfumee,4,13.84,55.36
INV505045,2023-04-07,10945,France,STK001,Lampe de bureau design,4,21.69,86.76
INV505045,2023-04-07,10945,France,STK010,Guirlande lumineuse,3,18.23,54.69
INV505045,2023-04-07,10945,France,STK003,Set de tasses ceramique,5,15.15,75.75
INV505046,2023-12-23,10945,France,STK002,Coussin en lin,3,21.03,63.09
INV505046,2023-12-23,10945,France,STK001,Lampe de bureau design,4,23.47,93.88
INV505047,2023-09-22,10945,France,STK003,Set de tasses ceramique,1,13.62,13.62
INV505047,2023-09-22,10945,France,STK006,Cadre photo bois,1,9.15,9.15
INV505048,2023-02-16,10946,France,STK003,Set de tasses ceramique,4,16.01,64.04
INV505048,2023-02-16,10946,France,STK009,Vase en verre,2,19.36,38.72
INV505049,2023-04-16,10946,France,STK009,Vase en verre,3,18.66,55.980000000000004
INV505049,2023-04-16,10946,France,STK010,Guirlande lumineuse,3,12.4,37.2
INV505049,2023-04-16,10946,France,STK011,Plateau en bambou,2,21.58,43.16
INV505050,2023-12-09,10946,France,STK002,Coussin en lin,2,18.06,36.12
INV505051,2023-11-27,10946,France,STK001,Lampe de bureau design,4,22.86,91.44
INV505051,2023-11-27,10946,France,STK006,Cadre photo bois,3,9.54,28.619999999999997
INV505052,2023-02-01,10946,France,STK006,Cadre photo bois,1,12.43,12.43
INV505052,2023-02-01,10946,France,STK007,Panier de rangement,2,29.43,58.86
INV505052,2023-02-01,10946,France,STK011,Plateau en bambou,2,19.98,39.96
INV505052,2023-02-01,10946,France,STK001,Lampe de bureau design,3,26.01,78.03
INV505053,2023-04-19,10946,France,STK006,Cadre photo bois,5,9.47,47.35
INV505053,2023-04-19,10946,France,STK002,Coussin en lin,3,19.23,57.69
INV505054,2023-06-01,10947,Germany,STK008,Tapis de bain,2,30.41,60.82
INV505054,2023-06-01,10947,Germany,STK008,Tapis de bain,4,27.54,110.16
INV505055,2023-03-27,10948,France,STK007,Panier de rangement,4,20.75,83.0
INV505055,2023-03-27,10948,France,STK010,Guirlande lumineuse,3,12.45,37.349999999999994
INV505055,2023-03-27,10948,France,STK005,Bougie parfumee,3,12.94,38.82
INV505055,2023-03-27,10948,France,STK001,Lampe de bureau design,1,30.59,30.59
INV505056,2023-01-09,10948,France,STK006,Cadre photo bois,1,11.26,11.26
INV505057,2023-02-13,10948,France,STK007,Panier de rangement,3,21.32,63.96
INV505057,2023-02-13,10948,France,STK007,Panier de rangement,1,24.9,24.9
INV505057,2023-02-13,10948,France,STK006,Cadre photo bois,2,13.36,26.72
INV505058,2023-08-04,10948,France,STK003,Set de tasses ceramique,5,12.79,63.949999999999996
INV505058,2023-08-04,10948,France,STK008,Tapis de bain,1,20.3,20.3
INV505058,2023-08-04,10948,France,STK003,Set de tasses ceramique,3,15.66,46.980000000000004
INV505059,2023-03-12,10948,France,STK012,Miroir mural rond,4,42.9,171.6
INV505059,2023-03-12,10948,France,STK007,Panier de rangement,1,20.7,20.7
INV505060,2023-12-15,10948,France,STK012,Miroir mural rond,4,43.08,172.32
INV505060,2023-12-15,10948,France,STK010,Guirlande lumineuse,1,13.6,13.6
INV505060,2023-12-15,10948,France,STK011,Plateau en bambou,1,24.3,24.3
INV505061,2023-10-20,10948,France,STK004,Plaid tricote,5,32.91,164.54999999999998
INV505061,2023-10-20,10948,France,STK001,Lampe de bureau design,2,15.38,30.76
INV505061,2023-10-20,10948,France,STK009,Vase en verre,3,18.84,56.519999999999996
INV505061,2023-10-20,10948,France,STK011,Plateau en bambou,3,23.95,71.85
INV505062,2023-04-19,10949,Belgium,STK004,Plaid tricote,2,35.11,70.22
INV505062,2023-04-19,10949,Belgium,STK009,Vase en verre,4,13.31,53.24
INV505062,2023-04-19,10949,Belgium,STK008,Tapis de bain,2,21.81,43.62
INV505062,2023-04-19,10949,Belgium,STK006,Cadre photo bois,1,7.65,7.65
INV505063,2023-04-17,10949,Belgium,STK010,Guirlande lumineuse,5,7.91,39.55
INV505063,2023-04-17,10949,Belgium,STK010,Guirlande lumineuse,4,16.43,65.72
INV505063,2023-04-17,10949,Belgium,STK012,Miroir mural rond,3,44.53,133.59
INV505063,2023-04-17,10949,Belgium,STK010,Guirlande lumineuse,5,13.17,65.85
INV505064,2023-03-27,10949,Belgium,STK004,Plaid tricote,1,32.87,32.87
INV505065,2023-08-26,10949,Belgium,STK003,Set de tasses ceramique,5,17.74,88.69999999999999
INV505066,2023-03-01,10950,France,STK010,Guirlande lumineuse,4,12.58,50.32
INV505066,2023-03-01,10950,France,STK012,Miroir mural rond,3,47.62,142.85999999999999
INV505066,2023-03-01,10950,France,STK003,Set de tasses ceramique,1,19.14,19.14
INV505067,2023-10-04,10950,France,STK002,Coussin en lin,4,13.61,54.44
INV505068,2023-01-20,10950,France,STK001,Lampe de bureau design,1,21.99,21.99
INV505068,2023-01-20,10950,France,STK006,Cadre photo bois,1,10.41,10.41
INV505069,2023-06-14,10951,France,STK012,Miroir mural rond,1,37.62,37.62
INV505069,2023-06-14,10951,France,STK004,Plaid tricote,3,24.91,74.73
INV505069,2023-06-14,10951,France,STK009,Vase en verre,4,19.75,79.0
INV505069,2023-06-14,10951,France,STK007,Panier de rangement,5,23.06,115.3
INV505070,2023-12-22,10951,France,STK008,Tapis de bain,5,27.95,139.75
INV505070,2023-12-22,10951,France,STK012,Miroir mural rond,2,34.68,69.36
INV505070,2023-12-22,10951,France,STK002,Coussin en lin,2,15.52,31.04
INV505071,2023-11-11,10951,France,STK010,Guirlande lumineuse,2,14.57,29.14
INV505071,2023-11-11,10951,France,STK002,Coussin en lin,5,15.55,77.75
INV505071,2023-11-11,10951,France,STK010,Guirlande lumineuse,1,12.88,12.88
INV505072,2023-06-10,10951,France,STK007,Panier de rangement,5,26.16,130.8
INV505072,2023-06-10,10951,France,STK012,Miroir mural rond,2,38.41,76.82
INV505072,2023-06-10,10951,France,STK002,Coussin en lin,2,19.1,38.2
INV505073,2023-05-11,10951,France,STK004,Plaid tricote,3,37.64,112.92
INV505074,2023-02-23,10951,France,STK001,Lampe de bureau design,5,23.19,115.95
INV505074,2023-02-23,10951,France,STK010,Guirlande lumineuse,5,15.41,77.05
INV505075,2023-04-22,10951,France,STK007,Panier de rangement,4,21.83,87.32
INV505075,2023-04-22,10951,France,STK006,Cadre photo bois,5,10.16,50.8
INV505075,2023-04-22,10951,France,STK010,Guirlande lumineuse,3,14.2,42.599999999999994
INV505075,2023-04-22,10951,France,STK002,Coussin en lin,5,13.42,67.1
INV505076,2023-03-27,10952,Germany,STK003,Set de tasses ceramique,4,13.78,55.12
INV505076,2023-03-27,10952,Germany,STK003,Set de tasses ceramique,4,16.2,64.8
INV505076,2023-03-27,10952,Germany,STK007,Panier de rangement,2,17.55,35.1
INV505076,2023-03-27,10952,Germany,STK008,Tapis de bain,3,29.18,87.53999999999999
INV505077,2023-01-23,10952,Germany,STK006,Cadre photo bois,3,8.82,26.46
INV505077,2023-01-23,10952,Germany,STK006,Cadre photo bois,3,9.63,28.89
INV505078,2023-01-09,10952,Germany,STK012,Miroir mural rond,3,35.41,106.22999999999999
INV505078,2023-01-09,10952,Germany,STK001,Lampe de bureau design,5,22.8,114.0
INV505078,2023-01-09,10952,Germany,STK005,Bougie parfumee,3,12.82,38.46
INV505078,2023-01-09,10952,Germany,STK003,Set de tasses ceramique,1,17.44,17.44
INV505079,2023-01-24,10952,Germany,STK008,Tapis de bain,5,26.42,132.10000000000002
INV505079,2023-01-24,10952,Germany,STK008,Tapis de bain,4,21.85,87.4
INV505080,2023-01-24,10952,Germany,STK012,Miroir mural rond,2,36.24,72.48
INV505080,2023-01-24,10952,Germany,STK010,Guirlande lumineuse,1,13.03,13.03
INV505081,2023-08-23,10953,Germany,STK011,Plateau en bambou,5,26.08,130.39999999999998
INV505081,2023-08-23,10953,Germany,STK005,Bougie parfumee,4,12.29,49.16
INV505081,2023-08-23,10953,Germany,STK003,Set de tasses ceramique,5,17.83,89.14999999999999
INV505081,2023-08-23,10953,Germany,STK002,Coussin en lin,5,14.9,74.5
INV505082,2023-05-04,10953,Germany,STK003,Set de tasses ceramique,1,15.5,15.5
INV505082,2023-05-04,10953,Germany,STK006,Cadre photo bois,3,9.56,28.68
INV505083,2023-11-09,10953,Germany,STK005,Bougie parfumee,3,13.63,40.89
INV505083,2023-11-09,10953,Germany,STK005,Bougie parfumee,1,10.91,10.91
INV505083,2023-11-09,10953,Germany,STK010,Guirlande lumineuse,4,16.2,64.8
INV505083,2023-11-09,10953,Germany,STK011,Plateau en bambou,3,23.9,71.69999999999999
INV505084,2023-07-19,10953,Germany,STK007,Panier de rangement,3,16.42,49.260000000000005
INV505084,2023-07-19,10953,Germany,STK012,Miroir mural rond,4,37.62,150.48
INV505084,2023-07-19,10953,Germany,STK008,Tapis de bain,2,23.09,46.18
INV505084,2023-07-19,10953,Germany,STK004,Plaid tricote,5,40.88,204.4
INV505085,2023-11-30,10953,Germany,STK007,Panier de rangement,1,23.67,23.67
INV505086,2023-08-23,10953,Germany,STK009,Vase en verre,1,19.69,19.69
INV505086,2023-08-23,10953,Germany,STK011,Plateau en bambou,3,24.04,72.12
INV505086,2023-08-23,10953,Germany,STK012,Miroir mural rond,3,41.32,123.96000000000001
INV505086,2023-08-23,10953,Germany,STK008,Tapis de bain,4,25.62,102.48
INV505087,2023-10-10,10953,Germany,STK001,Lampe de bureau design,3,27.07,81.21000000000001
INV505087,2023-10-10,10953,Germany,STK003,Set de tasses ceramique,4,10.16,40.64
INV505087,2023-10-10,10953,Germany,STK004,Plaid tricote,3,29.93,89.78999999999999
INV505088,2023-12-19,10953,Germany,STK012,Miroir mural rond,1,43.46,43.46
INV505089,2023-09-06,10953,Germany,STK011,Plateau en bambou,2,23.53,47.06
INV505089,2023-09-06,10953,Germany,STK009,Vase en verre,2,22.28,44.56
INV505090,2023-07-04,10953,Germany,STK007,Panier de rangement,4,24.67,98.68
INV505090,2023-07-04,10953,Germany,STK003,Set de tasses ceramique,2,15.78,31.56
INV505090,2023-07-04,10953,Germany,STK002,Coussin en lin,1,20.25,20.25
INV505090,2023-07-04,10953,Germany,STK007,Panier de rangement,3,19.79,59.37
INV505091,2023-02-02,10953,Germany,STK010,Guirlande lumineuse,3,16.5,49.5
INV505092,2023-08-10,10953,Germany,STK004,Plaid tricote,2,18.26,36.52
INV505092,2023-08-10,10953,Germany,STK006,Cadre photo bois,1,9.14,9.14
INV505093,2023-08-06,10954,France,STK008,Tapis de bain,3,24.73,74.19
INV505093,2023-08-06,10954,France,STK011,Plateau en bambou,2,18.46,36.92
INV505093,2023-08-06,10954,France,STK002,Coussin en lin,5,17.54,87.69999999999999
INV505093,2023-08-06,10954,France,STK004,Plaid tricote,4,29.56,118.24
INV505094,2023-03-16,10954,France,STK011,Plateau en bambou,1,18.54,18.54
INV505094,2023-03-16,10954,France,STK007,Panier de rangement,4,23.33,93.32
INV505095,2023-02-19,10954,France,STK008,Tapis de bain,5,22.14,110.7
INV505095,2023-02-19,10954,France,STK001,Lampe de bureau design,5,19.07,95.35
INV505095,2023-02-19,10954,France,STK010,Guirlande lumineuse,3,16.87,50.61
INV505095,2023-02-19,10954,France,STK008,Tapis de bain,3,27.06,81.17999999999999
INV505096,2023-01-04,10954,France,STK008,Tapis de bain,2,21.14,42.28
INV505096,2023-01-04,10954,France,STK004,Plaid tricote,1,25.3,25.3
INV505096,2023-01-04,10954,France,STK005,Bougie parfumee,4,13.1,52.4
INV505096,2023-01-04,10954,France,STK008,Tapis de bain,5,17.31,86.55
INV505097,2023-04-09,10955,France,STK008,Tapis de bain,1,18.58,18.58
INV505098,2023-12-22,10955,France,STK006,Cadre photo bois,1,10.07,10.07
INV505098,2023-12-22,10955,France,STK007,Panier de rangement,1,26.44,26.44
INV505098,2023-12-22,10955,France,STK008,Tapis de bain,4,32.97,131.88
INV505098,2023-12-22,10955,France,STK009,Vase en verre,3,18.14,54.42
INV505099,2023-11-20,10955,France,STK006,Cadre photo bois,2,9.39,18.78
INV505099,2023-11-20,10955,France,STK012,Miroir mural rond,3,34.52,103.56
INV505099,2023-11-20,10955,France,STK002,Coussin en lin,5,16.6,83.0
INV505099,2023-11-20,10955,France,STK007,Panier de rangement,1,16.15,16.15
INV505100,2023-04-07,10955,France,STK007,Panier de rangement,3,18.85,56.550000000000004
INV505100,2023-04-07,10955,France,STK009,Vase en verre,4,20.79,83.16
INV505100,2023-04-07,10955,France,STK009,Vase en verre,2,18.03,36.06
INV505101,2023-06-19,10955,France,STK002,Coussin en lin,3,14.23,42.69
INV505101,2023-06-19,10955,France,STK008,Tapis de bain,2,24.87,49.74
INV505102,2023-10-04,10955,France,STK012,Miroir mural rond,5,37.01,185.04999999999998
INV505102,2023-10-04,10955,France,STK004,Plaid tricote,2,33.07,66.14
INV505102,2023-10-04,10955,France,STK011,Plateau en bambou,5,16.29,81.44999999999999
INV505102,2023-10-04,10955,France,STK003,Set de tasses ceramique,3,12.94,38.82
INV505103,2023-11-24,10955,France,STK011,Plateau en bambou,4,18.45,73.8
INV505103,2023-11-24,10955,France,STK011,Plateau en bambou,5,22.67,113.35000000000001
INV505104,2023-12-02,10955,France,STK003,Set de tasses ceramique,3,12.87,38.61
INV505104,2023-12-02,10955,France,STK005,Bougie parfumee,2,12.89,25.78
INV505104,2023-12-02,10955,France,STK011,Plateau en bambou,1,23.12,23.12
INV505104,2023-12-02,10955,France,STK007,Panier de rangement,3,16.95,50.849999999999994
INV505105,2023-12-08,10956,Spain,STK009,Vase en verre,1,20.41,20.41
INV505105,2023-12-08,10956,Spain,STK011,Plateau en bambou,5,18.82,94.1
INV505105,2023-12-08,10956,Spain,STK012,Miroir mural rond,2,39.59,79.18
INV505106,2023-08-29,10956,Spain,STK011,Plateau en bambou,4,24.36,97.44
INV505106,2023-08-29,10956,Spain,STK010,Guirlande lumineuse,1,13.98,13.98
INV505107,2023-11-05,10956,Spain,STK004,Plaid tricote,2,34.67,69.34
INV505107,2023-11-05,10956,Spain,STK005,Bougie parfumee,5,11.45,57.25
INV505107,2023-11-05,10956,Spain,STK006,Cadre photo bois,3,12.46,37.38
INV505108,2023-03-07,10957,Netherlands,STK010,Guirlande lumineuse,5,13.41,67.05
INV505108,2023-03-07,10957,Netherlands,STK009,Vase en verre,2,17.86,35.72
INV505108,2023-03-07,10957,Netherlands,STK010,Guirlande lumineuse,5,14.44,72.2
INV505109,2023-07-10,10957,Netherlands,STK005,Bougie parfumee,2,12.22,24.44
INV505109,2023-07-10,10957,Netherlands,STK011,Plateau en bambou,1,23.06,23.06
INV505109,2023-07-10,10957,Netherlands,STK005,Bougie parfumee,4,14.34,57.36
INV505109,2023-07-10,10957,Netherlands,STK003,Set de tasses ceramique,5,11.73,58.650000000000006
INV505110,2023-02-16,10957,Netherlands,STK008,Tapis de bain,2,30.15,60.3
INV505111,2023-02-24,10958,Italy,STK007,Panier de rangement,5,21.93,109.65
INV505111,2023-02-24,10958,Italy,STK002,Coussin en lin,4,20.5,82.0
INV505111,2023-02-24,10958,Italy,STK004,Plaid tricote,5,27.29,136.45
INV505112,2023-03-29,10958,Italy,STK011,Plateau en bambou,4,21.99,87.96
INV505112,2023-03-29,10958,Italy,STK010,Guirlande lumineuse,2,10.86,21.72
INV505113,2023-09-28,10959,France,STK006,Cadre photo bois,1,10.32,10.32
INV505113,2023-09-28,10959,France,STK011,Plateau en bambou,5,22.25,111.25
INV505114,2023-12-23,10959,France,STK001,Lampe de bureau design,4,26.88,107.52
INV505114,2023-12-23,10959,France,STK010,Guirlande lumineuse,3,14.62,43.86
INV505115,2023-03-27,10959,France,STK005,Bougie parfumee,4,14.09,56.36
INV505115,2023-03-27,10959,France,STK011,Plateau en bambou,4,26.79,107.16
INV505115,2023-03-27,10959,France,STK009,Vase en verre,1,17.95,17.95
INV505115,2023-03-27,10959,France,STK006,Cadre photo bois,2,9.17,18.34
INV505116,2023-02-07,10959,France,STK008,Tapis de bain,2,22.92,45.84
INV505116,2023-02-07,10959,France,STK011,Plateau en bambou,1,22.84,22.84
INV505116,2023-02-07,10959,France,STK012,Miroir mural rond,1,42.18,42.18
INV505116,2023-02-07,10959,France,STK004,Plaid tricote,4,32.86,131.44
INV505117,2023-03-22,10959,France,STK004,Plaid tricote,3,29.05,87.15
INV505117,2023-03-22,10959,France,STK003,Set de tasses ceramique,3,13.61,40.83
INV505117,2023-03-22,10959,France,STK011,Plateau en bambou,2,18.68,37.36
INV505118,2023-02-16,10959,France,STK011,Plateau en bambou,5,25.77,128.85
INV505118,2023-02-16,10959,France,STK005,Bougie parfumee,2,13.18,26.36
INV505118,2023-02-16,10959,France,STK005,Bougie parfumee,2,10.66,21.32
INV505119,2023-02-19,10959,France,STK006,Cadre photo bois,5,13.16,65.8
INV505119,2023-02-19,10959,France,STK004,Plaid tricote,1,32.11,32.11
INV505119,2023-02-19,10959,France,STK012,Miroir mural rond,3,39.93,119.78999999999999
INV505120,2023-06-06,10959,France,STK004,Plaid tricote,1,36.75,36.75
INV505121,2023-07-07,10959,France,STK002,Coussin en lin,2,17.5,35.0
INV505122,2023-10-09,10959,France,STK001,Lampe de bureau design,1,25.61,25.61
INV505122,2023-10-09,10959,France,STK001,Lampe de bureau design,5,21.03,105.15
INV505123,2023-04-30,10959,France,STK012,Miroir mural rond,2,44.91,89.82
INV505123,2023-04-30,10959,France,STK002,Coussin en lin,1,16.64,16.64
INV505123,2023-04-30,10959,France,STK001,Lampe de bureau design,3,25.16,75.48
INV505124,2023-07-19,10960,France,STK005,Bougie parfumee,3,15.37,46.11
INV505124,2023-07-19,10960,France,STK008,Tapis de bain,4,26.6,106.4
INV505124,2023-07-19,10960,France,STK009,Vase en verre,4,20.96,83.84
INV505125,2023-05-08,10960,France,STK012,Miroir mural rond,5,50.79,253.95
INV505125,2023-05-08,10960,France,STK004,Plaid tricote,4,38.03,152.12
INV505125,2023-05-08,10960,France,STK010,Guirlande lumineuse,5,13.34,66.7
INV505126,2023-02-27,10960,France,STK001,Lampe de bureau design,2,24.79,49.58
INV505126,2023-02-27,10960,France,STK005,Bougie parfumee,1,11.71,11.71
INV505126,2023-02-27,10960,France,STK010,Guirlande lumineuse,3,13.01,39.03
INV505126,2023-02-27,10960,France,STK006,Cadre photo bois,4,8.29,33.16
INV505127,2023-05-19,10960,France,STK002,Coussin en lin,4,20.2,80.8
INV505127,2023-05-19,10960,France,STK005,Bougie parfumee,2,11.07,22.14
INV505128,2023-10-15,10960,France,STK002,Coussin en lin,3,18.62,55.86
INV505128,2023-10-15,10960,France,STK008,Tapis de bain,2,32.16,64.32
INV505128,2023-10-15,10960,France,STK009,Vase en verre,1,22.0,22.0
INV505128,2023-10-15,10960,France,STK001,Lampe de bureau design,3,22.14,66.42
INV505129,2023-06-13,10961,France,STK007,Panier de rangement,1,19.93,19.93
INV505129,2023-06-13,10961,France,STK004,Plaid tricote,1,35.33,35.33
INV505129,2023-06-13,10961,France,STK002,Coussin en lin,4,21.08,84.32
INV505130,2023-03-01,10961,France,STK007,Panier de rangement,5,20.55,102.75
INV505131,2023-05-08,10961,France,STK009,Vase en verre,1,22.3,22.3
INV505131,2023-05-08,10961,France,STK008,Tapis de bain,3,28.33,84.99
INV505132,2023-01-14,10961,France,STK007,Panier de rangement,1,20.37,20.37
INV505132,2023-01-14,10961,France,STK011,Plateau en bambou,3,24.94,74.82000000000001
INV505132,2023-01-14,10961,France,STK009,Vase en verre,3,17.03,51.09
INV505132,2023-01-14,10961,France,STK009,Vase en verre,2,15.43,30.86
INV505133,2023-08-27,10961,France,STK009,Vase en verre,2,14.7,29.4
INV505134,2023-02-18,10961,France,STK005,Bougie parfumee,1,14.52,14.52
INV505135,2023-05-11,10961,France,STK004,Plaid tricote,1,36.59,36.59
INV505135,2023-05-11,10961,France,STK003,Set de tasses ceramique,5,16.53,82.65
INV505136,2023-05-24,10961,France,STK008,Tapis de bain,1,28.6,28.6
INV505136,2023-05-24,10961,France,STK012,Miroir mural rond,3,24.66,73.98
INV505136,2023-05-24,10961,France,STK001,Lampe de bureau design,1,24.24,24.24
INV505137,2023-08-09,10961,France,STK001,Lampe de bureau design,5,21.02,105.1
INV505137,2023-08-09,10961,France,STK011,Plateau en bambou,5,21.68,108.4
INV505138,2023-01-13,10962,France,STK009,Vase en verre,1,22.71,22.71
INV505138,2023-01-13,10962,France,STK012,Miroir mural rond,1,45.49,45.49
INV505138,2023-01-13,10962,France,STK005,Bougie parfumee,5,12.16,60.8
INV505139,2023-06-29,10962,France,STK001,Lampe de bureau design,4,29.59,118.36
INV505140,2023-03-06,10962,France,STK010,Guirlande lumineuse,5,14.19,70.95
INV505140,2023-03-06,10962,France,STK001,Lampe de bureau design,2,22.32,44.64
INV505140,2023-03-06,10962,France,STK005,Bougie parfumee,2,15.11,30.22
INV505141,2023-08-11,10962,France,STK006,Cadre photo bois,1,11.15,11.15
INV505141,2023-08-11,10962,France,STK005,Bougie parfumee,3,15.94,47.82
INV505142,2023-01-05,10962,France,STK012,Miroir mural rond,2,37.28,74.56
INV505143,2023-05-09,10962,France,STK001,Lampe de bureau design,5,28.01,140.05
INV505143,2023-05-09,10962,France,STK003,Set de tasses ceramique,1,15.66,15.66
INV505143,2023-05-09,10962,France,STK011,Plateau en bambou,5,20.61,103.05
INV505143,2023-05-09,10962,France,STK006,Cadre photo bois,3,10.06,30.18
INV505144,2023-05-04,10963,France,STK005,Bougie parfumee,4,15.12,60.48
INV505144,2023-05-04,10963,France,STK011,Plateau en bambou,3,21.32,63.96
INV505144,2023-05-04,10963,France,STK009,Vase en verre,2,26.64,53.28
INV505145,2023-11-07,10963,France,STK010,Guirlande lumineuse,4,14.53,58.12
INV505145,2023-11-07,10963,France,STK011,Plateau en bambou,5,20.61,103.05
INV505145,2023-11-07,10963,France,STK002,Coussin en lin,1,16.69,16.69
INV505145,2023-11-07,10963,France,STK012,Miroir mural rond,2,47.75,95.5
INV505146,2023-09-01,10963,France,STK001,Lampe de bureau design,3,26.89,80.67
INV505146,2023-09-01,10963,France,STK002,Coussin en lin,4,22.54,90.16
INV505146,2023-09-01,10963,France,STK010,Guirlande lumineuse,1,14.35,14.35
INV505146,2023-09-01,10963,France,STK001,Lampe de bureau design,5,22.97,114.85
INV505147,2023-06-04,10963,France,STK010,Guirlande lumineuse,5,14.81,74.05
INV505148,2023-10-24,10963,France,STK012,Miroir mural rond,4,46.63,186.52
INV505148,2023-10-24,10963,France,STK006,Cadre photo bois,2,10.36,20.72
INV505149,2023-12-19,10964,France,STK008,Tapis de bain,3,28.58,85.74
INV505149,2023-12-19,10964,France,STK008,Tapis de bain,2,31.18,62.36
INV505149,2023-12-19,10964,France,STK011,Plateau en bambou,5,26.93,134.65
INV505150,2023-07-19,10964,France,STK009,Vase en verre,5,21.14,105.7
INV505150,2023-07-19,10964,France,STK005,Bougie parfumee,4,13.43,53.72
INV505150,2023-07-19,10964,France,STK001,Lampe de bureau design,5,28.57,142.85
INV505150,2023-07-19,10964,France,STK005,Bougie parfumee,4,10.57,42.28
INV505151,2023-01-08,10964,France,STK003,Set de tasses ceramique,4,16.51,66.04
INV505151,2023-01-08,10964,France,STK009,Vase en verre,1,19.74,19.74
INV505151,2023-01-08,10964,France,STK008,Tapis de bain,5,25.09,125.45
INV505151,2023-01-08,10964,France,STK004,Plaid tricote,4,35.19,140.76
INV505152,2023-08-19,10964,France,STK004,Plaid tricote,3,35.04,105.12
INV505152,2023-08-19,10964,France,STK009,Vase en verre,1,23.97,23.97
INV505152,2023-08-19,10964,France,STK008,Tapis de bain,1,36.41,36.41
INV505153,2023-04-20,10964,France,STK006,Cadre photo bois,5,11.07,55.35
INV505154,2023-03-14,10964,France,STK008,Tapis de bain,2,29.91,59.82
INV505154,2023-03-14,10964,France,STK005,Bougie parfumee,2,12.47,24.94
INV505154,2023-03-14,10964,France,STK001,Lampe de bureau design,4,23.4,93.6
INV505154,2023-03-14,10964,France,STK003,Set de tasses ceramique,3,17.2,51.599999999999994
INV505155,2023-02-25,10964,France,STK010,Guirlande lumineuse,1,13.97,13.97
INV505156,2023-08-30,10964,France,STK008,Tapis de bain,2,33.55,67.1
INV505156,2023-08-30,10964,France,STK003,Set de tasses ceramique,4,17.0,68.0
INV505156,2023-08-30,10964,France,STK002,Coussin en lin,1,16.01,16.01
INV505157,2023-03-18,10964,France,STK010,Guirlande lumineuse,3,14.54,43.62
INV505157,2023-03-18,10964,France,STK005,Bougie parfumee,4,10.84,43.36
INV505157,2023-03-18,10964,France,STK008,Tapis de bain,5,26.86,134.3
INV505157,2023-03-18,10964,France,STK012,Miroir mural rond,4,46.17,184.68
INV505158,2023-08-15,10965,France,STK005,Bougie parfumee,3,9.94,29.82
INV505158,2023-08-15,10965,France,STK007,Panier de rangement,4,20.68,82.72
INV505158,2023-08-15,10965,France,STK002,Coussin en lin,3,16.94,50.82000000000001
INV505158,2023-08-15,10965,France,STK010,Guirlande lumineuse,5,15.27,76.35
INV505159,2023-09-09,10965,France,STK012,Miroir mural rond,5,34.54,172.7
INV505159,2023-09-09,10965,France,STK009,Vase en verre,4,24.86,99.44
INV505160,2023-10-24,10966,France,STK010,Guirlande lumineuse,1,12.96,12.96
INV505160,2023-10-24,10966,France,STK005,Bougie parfumee,1,13.69,13.69
INV505160,2023-10-24,10966,France,STK010,Guirlande lumineuse,1,17.9,17.9
INV505161,2023-09-04,10966,France,STK012,Miroir mural rond,5,38.11,190.55
INV505161,2023-09-04,10966,France,STK001,Lampe de bureau design,1,25.2,25.2
INV505161,2023-09-04,10966,France,STK004,Plaid tricote,2,34.99,69.98
INV505162,2023-08-30,10966,France,STK010,Guirlande lumineuse,1,13.94,13.94
INV505162,2023-08-30,10966,France,STK012,Miroir mural rond,3,36.21,108.63
INV505162,2023-08-30,10966,France,STK004,Plaid tricote,4,31.15,124.6
INV505162,2023-08-30,10966,France,STK011,Plateau en bambou,4,20.4,81.6
INV505163,2023-12-13,10966,France,STK010,Guirlande lumineuse,3,8.43,25.29
INV505163,2023-12-13,10966,France,STK001,Lampe de bureau design,2,28.59,57.18
INV505163,2023-12-13,10966,France,STK007,Panier de rangement,2,16.71,33.42
INV505163,2023-12-13,10966,France,STK009,Vase en verre,1,20.52,20.52
INV505164,2023-12-18,10966,France,STK012,Miroir mural rond,1,39.05,39.05
INV505164,2023-12-18,10966,France,STK011,Plateau en bambou,4,22.34,89.36
INV505164,2023-12-18,10966,France,STK004,Plaid tricote,4,32.21,128.84
INV505164,2023-12-18,10966,France,STK004,Plaid tricote,1,35.44,35.44
INV505165,2023-06-23,10967,France,STK004,Plaid tricote,4,37.14,148.56
INV505166,2023-08-30,10968,France,STK004,Plaid tricote,4,31.39,125.56
INV505166,2023-08-30,10968,France,STK012,Miroir mural rond,2,34.95,69.9
INV505167,2023-05-08,10969,Germany,STK006,Cadre photo bois,2,7.91,15.82
INV505167,2023-05-08,10969,Germany,STK004,Plaid tricote,5,28.46,142.3
INV505167,2023-05-08,10969,Germany,STK010,Guirlande lumineuse,2,14.93,29.86
INV505168,2023-07-22,10969,Germany,STK011,Plateau en bambou,2,24.7,49.4
INV505168,2023-07-22,10969,Germany,STK003,Set de tasses ceramique,1,14.39,14.39
INV505168,2023-07-22,10969,Germany,STK006,Cadre photo bois,5,9.4,47.0
INV505168,2023-07-22,10969,Germany,STK005,Bougie parfumee,1,10.69,10.69
INV505169,2023-04-03,10969,Germany,STK010,Guirlande lumineuse,4,14.18,56.72
INV505169,2023-04-03,10969,Germany,STK009,Vase en verre,2,18.18,36.36
INV505169,2023-04-03,10969,Germany,STK009,Vase en verre,3,16.74,50.22
INV505169,2023-04-03,10969,Germany,STK008,Tapis de bain,3,28.71,86.13
INV505170,2023-06-03,10969,Germany,STK011,Plateau en bambou,2,16.62,33.24
INV505170,2023-06-03,10969,Germany,STK012,Miroir mural rond,4,41.74,166.96
INV505170,2023-06-03,10969,Germany,STK003,Set de tasses ceramique,3,13.81,41.43
INV505171,2023-08-12,10969,Germany,STK002,Coussin en lin,2,20.6,41.2
INV505172,2023-01-07,10969,Germany,STK006,Cadre photo bois,1,11.28,11.28
INV505172,2023-01-07,10969,Germany,STK005,Bougie parfumee,2,13.27,26.54
INV505172,2023-01-07,10969,Germany,STK001,Lampe de bureau design,2,29.53,59.06
INV505172,2023-01-07,10969,Germany,STK007,Panier de rangement,3,22.4,67.19999999999999
INV505173,2023-04-26,10969,Germany,STK008,Tapis de bain,1,30.12,30.12
INV505173,2023-04-26,10969,Germany,STK009,Vase en verre,3,19.7,59.099999999999994
INV505174,2023-04-09,10970,Germany,STK009,Vase en verre,4,19.04,76.16
INV505174,2023-04-09,10970,Germany,STK006,Cadre photo bois,1,9.31,9.31
INV505174,2023-04-09,10970,Germany,STK007,Panier de rangement,1,25.91,25.91
INV505175,2023-12-13,10970,Germany,STK012,Miroir mural rond,1,47.71,47.71
INV505175,2023-12-13,10970,Germany,STK001,Lampe de bureau design,5,37.18,185.9
INV505175,2023-12-13,10970,Germany,STK008,Tapis de bain,3,33.15,99.44999999999999
INV505176,2023-08-07,10970,Germany,STK007,Panier de rangement,3,22.7,68.1
INV505176,2023-08-07,10970,Germany,STK002,Coussin en lin,2,22.28,44.56
INV505177,2023-09-18,10970,Germany,STK007,Panier de rangement,3,20.48,61.44
INV505177,2023-09-18,10970,Germany,STK007,Panier de rangement,3,20.59,61.769999999999996
INV505177,2023-09-18,10970,Germany,STK008,Tapis de bain,4,20.67,82.68
INV505178,2023-11-24,10970,Germany,STK005,Bougie parfumee,4,9.78,39.12
INV505178,2023-11-24,10970,Germany,STK005,Bougie parfumee,4,10.72,42.88
INV505178,2023-11-24,10970,Germany,STK010,Guirlande lumineuse,4,12.54,50.16
INV505178,2023-11-24,10970,Germany,STK008,Tapis de bain,4,24.09,96.36
INV505179,2023-06-07,10970,Germany,STK005,Bougie parfumee,4,14.39,57.56
INV505179,2023-06-07,10970,Germany,STK011,Plateau en bambou,4,24.42,97.68
INV505180,2023-10-25,10970,Germany,STK011,Plateau en bambou,4,17.17,68.68
INV505180,2023-10-25,10970,Germany,STK008,Tapis de bain,3,31.31,93.92999999999999
INV505180,2023-10-25,10970,Germany,STK003,Set de tasses ceramique,4,12.03,48.12
INV505180,2023-10-25,10970,Germany,STK001,Lampe de bureau design,5,29.32,146.6
INV505181,2023-09-29,10970,Germany,STK006,Cadre photo bois,5,11.4,57.0
INV505182,2023-11-30,10970,Germany,STK002,Coussin en lin,4,21.71,86.84
INV505182,2023-11-30,10970,Germany,STK012,Miroir mural rond,2,31.05,62.1
INV505182,2023-11-30,10970,Germany,STK009,Vase en verre,1,19.22,19.22
INV505182,2023-11-30,10970,Germany,STK008,Tapis de bain,1,28.19,28.19
INV505183,2023-04-06,10971,Portugal,STK011,Plateau en bambou,5,23.37,116.85000000000001
INV505184,2023-03-28,10971,Portugal,STK003,Set de tasses ceramique,2,11.29,22.58
INV505184,2023-03-28,10971,Portugal,STK003,Set de tasses ceramique,1,14.85,14.85
INV505185,2023-07-02,10971,Portugal,STK011,Plateau en bambou,1,22.27,22.27
INV505186,2023-03-18,10971,Portugal,STK012,Miroir mural rond,3,36.12,108.35999999999999
INV505186,2023-03-18,10971,Portugal,STK009,Vase en verre,5,23.8,119.0
INV505186,2023-03-18,10971,Portugal,STK006,Cadre photo bois,4,9.16,36.64
INV505186,2023-03-18,10971,Portugal,STK005,Bougie parfumee,5,11.33,56.65
INV505187,2023-01-18,10971,Portugal,STK009,Vase en verre,4,18.81,75.24
INV505188,2023-01-21,10971,Portugal,STK008,Tapis de bain,1,29.24,29.24
INV505189,2023-02-19,10972,Italy,STK001,Lampe de bureau design,1,34.33,34.33
INV505189,2023-02-19,10972,Italy,STK001,Lampe de bureau design,4,26.0,104.0
INV505190,2023-03-26,10972,Italy,STK012,Miroir mural rond,4,27.66,110.64
INV505190,2023-03-26,10972,Italy,STK002,Coussin en lin,2,16.58,33.16
INV505190,2023-03-26,10972,Italy,STK010,Guirlande lumineuse,2,11.29,22.58
INV505191,2023-10-01,10972,Italy,STK009,Vase en verre,3,22.05,66.15
INV505191,2023-10-01,10972,Italy,STK001,Lampe de bureau design,3,28.56,85.67999999999999
INV505192,2023-10-23,10972,Italy,STK009,Vase en verre,2,21.48,42.96
INV505192,2023-10-23,10972,Italy,STK011,Plateau en bambou,1,21.47,21.47
INV505193,2023-08-22,10973,Belgium,STK003,Set de tasses ceramique,2,11.32,22.64
INV505193,2023-08-22,10973,Belgium,STK001,Lampe de bureau design,2,15.62,31.24
INV505194,2023-10-05,10974,Italy,STK007,Panier de rangement,5,15.2,76.0
INV505194,2023-10-05,10974,Italy,STK002,Coussin en lin,2,16.59,33.18
INV505195,2023-12-18,10974,Italy,STK010,Guirlande lumineuse,3,13.65,40.95
INV505195,2023-12-18,10974,Italy,STK006,Cadre photo bois,3,10.11,30.33
INV505195,2023-12-18,10974,Italy,STK009,Vase en verre,1,18.69,18.69
INV505196,2023-05-09,10974,Italy,STK007,Panier de rangement,5,21.87,109.35000000000001
INV505197,2023-04-05,10975,France,STK009,Vase en verre,5,19.46,97.30000000000001
INV505198,2023-03-04,10976,Spain,STK007,Panier de rangement,2,23.08,46.16
INV505198,2023-03-04,10976,Spain,STK008,Tapis de bain,2,24.71,49.42
INV505198,2023-03-04,10976,Spain,STK001,Lampe de bureau design,1,26.62,26.62
INV505199,2023-09-09,10976,Spain,STK008,Tapis de bain,3,39.74,119.22
INV505199,2023-09-09,10976,Spain,STK006,Cadre photo bois,2,9.34,18.68
INV505199,2023-09-09,10976,Spain,STK007,Panier de rangement,5,22.98,114.9
INV505199,2023-09-09,10976,Spain,STK008,Tapis de bain,4,27.28,109.12
INV505200,2023-07-12,10976,Spain,STK008,Tapis de bain,3,27.96,83.88
INV505201,2023-06-08,10977,France,STK010,Guirlande lumineuse,2,13.62,27.24
INV505201,2023-06-08,10977,France,STK004,Plaid tricote,4,29.0,116.0
INV505201,2023-06-08,10977,France,STK012,Miroir mural rond,2,39.53,79.06
INV505202,2023-04-10,10977,France,STK012,Miroir mural rond,5,37.93,189.65
INV505202,2023-04-10,10977,France,STK010,Guirlande lumineuse,2,15.16,30.32
INV505202,2023-04-10,10977,France,STK002,Coussin en lin,1,22.68,22.68
INV505202,2023-04-10,10977,France,STK004,Plaid tricote,2,34.62,69.24
INV505203,2023-09-12,10978,France,STK009,Vase en verre,4,21.57,86.28
INV505203,2023-09-12,10978,France,STK002,Coussin en lin,4,18.7,74.8
INV505203,2023-09-12,10978,France,STK011,Plateau en bambou,2,19.93,39.86
INV505204,2023-05-22,10978,France,STK005,Bougie parfumee,5,13.33,66.65
INV505204,2023-05-22,10978,France,STK006,Cadre photo bois,2,11.43,22.86
INV505204,2023-05-22,10978,France,STK006,Cadre photo bois,4,11.3,45.2
INV505204,2023-05-22,10978,France,STK009,Vase en verre,4,15.84,63.36
INV505205,2023-07-11,10978,France,STK003,Set de tasses ceramique,5,14.84,74.2
INV505206,2023-10-30,10979,Portugal,STK010,Guirlande lumineuse,3,16.16,48.480000000000004
INV505206,2023-10-30,10979,Portugal,STK009,Vase en verre,3,12.4,37.2
INV505207,2023-02-12,10980,Belgium,STK001,Lampe de bureau design,1,20.08,20.08
INV505207,2023-02-12,10980,Belgium,STK002,Coussin en lin,2,15.07,30.14
INV505207,2023-02-12,10980,Belgium,STK009,Vase en verre,1,16.34,16.34
INV505208,2023-11-19,10980,Belgium,STK008,Tapis de bain,1,30.78,30.78
INV505208,2023-11-19,10980,Belgium,STK009,Vase en verre,5,21.18,105.9
INV505209,2023-06-20,10981,France,STK004,Plaid tricote,2,27.38,54.76
INV505209,2023-06-20,10981,France,STK008,Tapis de bain,4,31.27,125.08
INV505209,2023-06-20,10981,France,STK011,Plateau en bambou,2,26.9,53.8
INV505209,2023-06-20,10981,France,STK005,Bougie parfumee,1,11.44,11.44
INV505210,2023-03-18,10981,France,STK004,Plaid tricote,1,27.31,27.31
INV505211,2023-06-16,10981,France,STK005,Bougie parfumee,5,10.09,50.45
INV505212,2023-02-23,10982,Spain,STK003,Set de tasses ceramique,2,15.27,30.54
INV505212,2023-02-23,10982,Spain,STK004,Plaid tricote,4,25.84,103.36
INV505213,2023-07-19,10982,Spain,STK007,Panier de rangement,3,22.69,68.07000000000001
INV505213,2023-07-19,10982,Spain,STK010,Guirlande lumineuse,5,10.85,54.25
INV505213,2023-07-19,10982,Spain,STK010,Guirlande lumineuse,2,14.74,29.48
INV505213,2023-07-19,10982,Spain,STK012,Miroir mural rond,3,39.94,119.82
INV505214,2023-01-10,10982,Spain,STK009,Vase en verre,2,17.96,35.92
INV505214,2023-01-10,10982,Spain,STK004,Plaid tricote,5,34.48,172.39999999999998
INV505214,2023-01-10,10982,Spain,STK008,Tapis de bain,5,35.11,175.55
INV505214,2023-01-10,10982,Spain,STK001,Lampe de bureau design,5,22.18,110.9
INV505215,2023-12-10,10983,France,STK011,Plateau en bambou,5,23.9,119.5
INV505215,2023-12-10,10983,France,STK009,Vase en verre,2,21.53,43.06
INV505215,2023-12-10,10983,France,STK012,Miroir mural rond,4,36.89,147.56
INV505216,2023-06-04,10983,France,STK002,Coussin en lin,5,21.04,105.19999999999999
INV505216,2023-06-04,10983,France,STK003,Set de tasses ceramique,1,14.17,14.17
INV505217,2023-05-23,10983,France,STK008,Tapis de bain,4,30.88,123.52
INV505217,2023-05-23,10983,France,STK002,Coussin en lin,3,17.74,53.22
INV505218,2023-06-20,10983,France,STK003,Set de tasses ceramique,5,15.47,77.35000000000001
INV505218,2023-06-20,10983,France,STK007,Panier de rangement,4,26.17,104.68
INV505219,2023-12-08,10983,France,STK007,Panier de rangement,2,28.72,57.44
INV505220,2023-11-02,10983,France,STK003,Set de tasses ceramique,3,15.49,46.47
INV505220,2023-11-02,10983,France,STK004,Plaid tricote,1,32.94,32.94
INV505221,2023-10-06,10983,France,STK003,Set de tasses ceramique,5,13.51,67.55
INV505221,2023-10-06,10983,France,STK002,Coussin en lin,2,18.63,37.26
INV505222,2023-03-12,10983,France,STK006,Cadre photo bois,1,7.24,7.24
INV505223,2023-12-03,10983,France,STK004,Plaid tricote,3,34.84,104.52000000000001
INV505223,2023-12-03,10983,France,STK005,Bougie parfumee,4,15.18,60.72
INV505224,2023-07-03,10983,France,STK003,Set de tasses ceramique,5,11.54,57.699999999999996
INV505225,2023-06-23,10983,France,STK012,Miroir mural rond,2,49.85,99.7
INV505225,2023-06-23,10983,France,STK009,Vase en verre,1,18.33,18.33
INV505226,2023-08-17,10983,France,STK001,Lampe de bureau design,1,29.63,29.63
INV505226,2023-08-17,10983,France,STK008,Tapis de bain,2,27.89,55.78
INV505226,2023-08-17,10983,France,STK003,Set de tasses ceramique,5,14.71,73.55000000000001
INV505227,2023-08-30,10983,France,STK009,Vase en verre,4,22.59,90.36
INV505227,2023-08-30,10983,France,STK006,Cadre photo bois,3,10.18,30.54
INV505227,2023-08-30,10983,France,STK004,Plaid tricote,3,36.2,108.60000000000001
INV505227,2023-08-30,10983,France,STK012,Miroir mural rond,1,47.3,47.3
INV505228,2023-11-30,10984,Spain,STK010,Guirlande lumineuse,1,6.99,6.99
INV505229,2023-02-13,10984,Spain,STK004,Plaid tricote,3,28.94,86.82000000000001
INV505229,2023-02-13,10984,Spain,STK008,Tapis de bain,1,32.07,32.07
INV505229,2023-02-13,10984,Spain,STK007,Panier de rangement,2,22.03,44.06
INV505230,2023-07-10,10984,Spain,STK012,Miroir mural rond,4,40.07,160.28
INV505231,2023-05-31,10984,Spain,STK004,Plaid tricote,4,30.66,122.64
INV505231,2023-05-31,10984,Spain,STK012,Miroir mural rond,1,41.21,41.21
INV505232,2023-02-08,10985,France,STK004,Plaid tricote,4,37.9,151.6
INV505232,2023-02-08,10985,France,STK005,Bougie parfumee,4,9.21,36.84
INV505233,2023-10-17,10985,France,STK002,Coussin en lin,2,21.88,43.76
INV505233,2023-10-17,10985,France,STK011,Plateau en bambou,3,24.97,74.91
INV505234,2023-12-06,10986,France,STK006,Cadre photo bois,3,7.96,23.88
INV505234,2023-12-06,10986,France,STK006,Cadre photo bois,4,8.22,32.88
INV505235,2023-01-24,10986,France,STK003,Set de tasses ceramique,2,16.43,32.86
INV505236,2023-01-12,10986,France,STK008,Tapis de bain,2,26.25,52.5
INV505236,2023-01-12,10986,France,STK007,Panier de rangement,2,20.13,40.26
INV505237,2023-08-31,10986,France,STK008,Tapis de bain,1,23.77,23.77
INV505237,2023-08-31,10986,France,STK008,Tapis de bain,5,27.53,137.65
INV505237,2023-08-31,10986,France,STK010,Guirlande lumineuse,2,14.56,29.12
INV505238,2023-09-20,10986,France,STK007,Panier de rangement,5,19.48,97.4
INV505238,2023-09-20,10986,France,STK006,Cadre photo bois,3,8.41,25.23
INV505238,2023-09-20,10986,France,STK007,Panier de rangement,4,27.52,110.08
INV505238,2023-09-20,10986,France,STK006,Cadre photo bois,2,6.42,12.84
INV505239,2023-12-10,10986,France,STK010,Guirlande lumineuse,4,13.8,55.2
INV505239,2023-12-10,10986,France,STK002,Coussin en lin,2,14.65,29.3
INV505239,2023-12-10,10986,France,STK008,Tapis de bain,2,24.75,49.5
INV505240,2023-05-24,10987,France,STK012,Miroir mural rond,1,45.33,45.33
INV505241,2023-01-10,10987,France,STK006,Cadre photo bois,5,10.89,54.45
INV505241,2023-01-10,10987,France,STK003,Set de tasses ceramique,5,15.1,75.5
INV505242,2023-03-21,10987,France,STK003,Set de tasses ceramique,2,17.85,35.7
INV505242,2023-03-21,10987,France,STK002,Coussin en lin,2,21.7,43.4
INV505242,2023-03-21,10987,France,STK004,Plaid tricote,1,29.09,29.09
INV505243,2023-12-11,10988,France,STK005,Bougie parfumee,3,14.14,42.42
INV505243,2023-12-11,10988,France,STK002,Coussin en lin,5,19.26,96.30000000000001
INV505244,2023-12-07,10988,France,STK008,Tapis de bain,2,26.13,52.26
INV505244,2023-12-07,10988,France,STK012,Miroir mural rond,5,44.38,221.9
INV505244,2023-12-07,10988,France,STK003,Set de tasses ceramique,3,16.72,50.16
INV505244,2023-12-07,10988,France,STK008,Tapis de bain,1,19.48,19.48
INV505245,2023-07-05,10988,France,STK001,Lampe de bureau design,2,28.03,56.06
INV505245,2023-07-05,10988,France,STK011,Plateau en bambou,1,24.24,24.24
INV505246,2023-09-15,10988,France,STK003,Set de tasses ceramique,4,17.48,69.92
INV505247,2023-11-07,10988,France,STK012,Miroir mural rond,3,39.33,117.99
INV505247,2023-11-07,10988,France,STK003,Set de tasses ceramique,1,13.76,13.76
INV505247,2023-11-07,10988,France,STK009,Vase en verre,1,23.1,23.1
INV505248,2023-11-01,10988,France,STK010,Guirlande lumineuse,2,8.89,17.78
INV505248,2023-11-01,10988,France,STK011,Plateau en bambou,5,30.18,150.9
INV505249,2023-05-12,10988,France,STK011,Plateau en bambou,1,23.14,23.14
INV505249,2023-05-12,10988,France,STK012,Miroir mural rond,4,34.35,137.4
INV505249,2023-05-12,10988,France,STK008,Tapis de bain,2,33.37,66.74
INV505249,2023-05-12,10988,France,STK011,Plateau en bambou,4,26.0,104.0
INV505250,2023-08-05,10988,France,STK001,Lampe de bureau design,2,26.14,52.28
INV505250,2023-08-05,10988,France,STK012,Miroir mural rond,1,33.19,33.19
INV505251,2023-07-26,10988,France,STK011,Plateau en bambou,1,27.37,27.37
INV505252,2023-07-02,10988,France,STK008,Tapis de bain,3,32.99,98.97
INV505252,2023-07-02,10988,France,STK011,Plateau en bambou,4,20.88,83.52
INV505252,2023-07-02,10988,France,STK009,Vase en verre,3,19.75,59.25
INV505252,2023-07-02,10988,France,STK011,Plateau en bambou,3,17.81,53.42999999999999
INV505253,2023-11-15,10988,France,STK006,Cadre photo bois,2,10.88,21.76
INV505254,2023-09-24,10988,France,STK005,Bougie parfumee,3,9.55,28.650000000000002
INV505254,2023-09-24,10988,France,STK007,Panier de rangement,1,19.01,19.01
INV505254,2023-09-24,10988,France,STK006,Cadre photo bois,1,8.76,8.76
INV505254,2023-09-24,10988,France,STK011,Plateau en bambou,3,26.19,78.57000000000001
INV505255,2023-05-29,10988,France,STK004,Plaid tricote,2,27.25,54.5
INV505255,2023-05-29,10988,France,STK011,Plateau en bambou,1,21.69,21.69
INV505256,2023-09-22,10988,France,STK006,Cadre photo bois,2,10.68,21.36
INV505257,2023-09-15,10988,France,STK008,Tapis de bain,4,33.62,134.48
INV505257,2023-09-15,10988,France,STK006,Cadre photo bois,2,10.15,20.3
INV505257,2023-09-15,10988,France,STK007,Panier de rangement,5,19.52,97.6
INV505257,2023-09-15,10988,France,STK008,Tapis de bain,1,37.62,37.62
INV505258,2023-10-12,10988,France,STK003,Set de tasses ceramique,5,16.04,80.19999999999999
INV505258,2023-10-12,10988,France,STK004,Plaid tricote,1,29.96,29.96
INV505259,2023-11-04,10988,France,STK010,Guirlande lumineuse,4,13.32,53.28
INV505260,2023-07-26,10988,France,STK002,Coussin en lin,4,18.35,73.4
INV505260,2023-07-26,10988,France,STK006,Cadre photo bois,2,12.69,25.38
INV505261,2023-01-18,10988,France,STK002,Coussin en lin,1,19.79,19.79
INV505261,2023-01-18,10988,France,STK007,Panier de rangement,5,19.74,98.69999999999999
INV505261,2023-01-18,10988,France,STK004,Plaid tricote,2,25.32,50.64
INV505261,2023-01-18,10988,France,STK006,Cadre photo bois,1,12.6,12.6
INV505262,2023-05-03,10988,France,STK006,Cadre photo bois,4,8.53,34.12
INV505262,2023-05-03,10988,France,STK010,Guirlande lumineuse,3,14.09,42.269999999999996
INV505262,2023-05-03,10988,France,STK001,Lampe de bureau design,3,22.3,66.9
INV505263,2023-12-16,10988,France,STK009,Vase en verre,1,18.24,18.24
INV505263,2023-12-16,10988,France,STK011,Plateau en bambou,1,18.1,18.1
INV505264,2023-03-04,10989,Netherlands,STK007,Panier de rangement,5,24.98,124.9
INV505264,2023-03-04,10989,Netherlands,STK006,Cadre photo bois,4,9.33,37.32
INV505265,2023-09-15,10989,Netherlands,STK005,Bougie parfumee,4,11.28,45.12
INV505265,2023-09-15,10989,Netherlands,STK012,Miroir mural rond,5,44.4,222.0
INV505265,2023-09-15,10989,Netherlands,STK008,Tapis de bain,5,23.65,118.25
INV505265,2023-09-15,10989,Netherlands,STK012,Miroir mural rond,5,40.03,200.15
INV505266,2023-10-19,10989,Netherlands,STK007,Panier de rangement,2,18.91,37.82
INV505266,2023-10-19,10989,Netherlands,STK005,Bougie parfumee,5,7.08,35.4
INV505267,2023-05-06,10989,Netherlands,STK012,Miroir mural rond,3,43.97,131.91
INV505267,2023-05-06,10989,Netherlands,STK012,Miroir mural rond,5,42.73,213.64999999999998
INV505267,2023-05-06,10989,Netherlands,STK005,Bougie parfumee,4,10.95,43.8
INV505267,2023-05-06,10989,Netherlands,STK012,Miroir mural rond,1,38.99,38.99
INV505268,2023-05-25,10989,Netherlands,STK012,Miroir mural rond,4,29.5,118.0
INV505268,2023-05-25,10989,Netherlands,STK002,Coussin en lin,4,19.79,79.16
INV505268,2023-05-25,10989,Netherlands,STK009,Vase en verre,3,22.99,68.97
INV505268,2023-05-25,10989,Netherlands,STK006,Cadre photo bois,3,8.62,25.86
INV505269,2023-10-19,10989,Netherlands,STK005,Bougie parfumee,4,7.86,31.44
INV505269,2023-10-19,10989,Netherlands,STK008,Tapis de bain,5,34.02,170.10000000000002
INV505269,2023-10-19,10989,Netherlands,STK009,Vase en verre,4,18.46,73.84
INV505270,2023-01-07,10990,France,STK003,Set de tasses ceramique,2,16.43,32.86
INV505270,2023-01-07,10990,France,STK008,Tapis de bain,2,29.22,58.44
INV505271,2023-06-30,10990,France,STK006,Cadre photo bois,3,8.55,25.650000000000002
INV505271,2023-06-30,10990,France,STK006,Cadre photo bois,3,12.87,38.61
INV505272,2023-08-02,10990,France,STK001,Lampe de bureau design,3,28.72,86.16
INV505272,2023-08-02,10990,France,STK009,Vase en verre,5,22.53,112.65
INV505272,2023-08-02,10990,France,STK002,Coussin en lin,1,21.49,21.49
INV505273,2023-01-23,10990,France,STK002,Coussin en lin,5,19.5,97.5
INV505273,2023-01-23,10990,France,STK008,Tapis de bain,1,29.16,29.16
INV505273,2023-01-23,10990,France,STK003,Set de tasses ceramique,5,16.87,84.35000000000001
INV505274,2023-09-26,10991,France,STK007,Panier de rangement,2,21.17,42.34
INV505275,2023-01-12,10991,France,STK010,Guirlande lumineuse,1,16.11,16.11
INV505276,2023-08-12,10991,France,STK012,Miroir mural rond,3,45.99,137.97
INV505277,2023-09-22,10991,France,STK012,Miroir mural rond,4,35.47,141.88
INV505278,2023-12-26,10991,France,STK004,Plaid tricote,1,31.2,31.2
INV505278,2023-12-26,10991,France,STK007,Panier de rangement,1,20.48,20.48
INV505278,2023-12-26,10991,France,STK009,Vase en verre,5,20.77,103.85
INV505278,2023-12-26,10991,France,STK010,Guirlande lumineuse,2,18.51,37.02
INV505279,2023-06-08,10991,France,STK011,Plateau en bambou,3,23.64,70.92
INV505280,2023-10-27,10991,France,STK008,Tapis de bain,5,28.9,144.5
INV505281,2023-08-06,10991,France,STK005,Bougie parfumee,1,14.29,14.29
INV505281,2023-08-06,10991,France,STK002,Coussin en lin,3,16.39,49.17
INV505282,2023-02-26,10991,France,STK006,Cadre photo bois,4,12.22,48.88
INV505282,2023-02-26,10991,France,STK012,Miroir mural rond,2,41.03,82.06
INV505283,2023-12-20,10991,France,STK004,Plaid tricote,3,32.0,96.0
INV505283,2023-12-20,10991,France,STK001,Lampe de bureau design,3,21.5,64.5
INV505283,2023-12-20,10991,France,STK010,Guirlande lumineuse,1,11.82,11.82
INV505283,2023-12-20,10991,France,STK006,Cadre photo bois,2,9.96,19.92
INV505284,2023-12-14,10991,France,STK008,Tapis de bain,2,17.62,35.24
INV505284,2023-12-14,10991,France,STK005,Bougie parfumee,1,11.19,11.19
INV505285,2023-02-01,10991,France,STK011,Plateau en bambou,4,19.97,79.88
INV505285,2023-02-01,10991,France,STK002,Coussin en lin,5,23.0,115.0
INV505285,2023-02-01,10991,France,STK008,Tapis de bain,1,26.75,26.75
INV505286,2023-03-12,10991,France,STK008,Tapis de bain,3,23.15,69.44999999999999
INV505287,2023-10-07,10991,France,STK010,Guirlande lumineuse,5,13.93,69.65
INV505287,2023-10-07,10991,France,STK003,Set de tasses ceramique,4,14.71,58.84
INV505288,2023-04-25,10992,Belgium,STK009,Vase en verre,3,18.27,54.81
INV505288,2023-04-25,10992,Belgium,STK011,Plateau en bambou,3,23.03,69.09
INV505289,2023-01-10,10992,Belgium,STK001,Lampe de bureau design,1,19.64,19.64
INV505290,2023-06-04,10992,Belgium,STK010,Guirlande lumineuse,1,16.6,16.6
INV505290,2023-06-04,10992,Belgium,STK006,Cadre photo bois,5,9.54,47.699999999999996
INV505290,2023-06-04,10992,Belgium,STK009,Vase en verre,3,17.81,53.42999999999999
INV505290,2023-06-04,10992,Belgium,STK007,Panier de rangement,1,19.32,19.32
INV505291,2023-04-11,10992,Belgium,STK006,Cadre photo bois,2,7.5,15.0
INV505291,2023-04-11,10992,Belgium,STK009,Vase en verre,4,15.16,60.64
INV505291,2023-04-11,10992,Belgium,STK001,Lampe de bureau design,4,16.93,67.72
INV505291,2023-04-11,10992,Belgium,STK012,Miroir mural rond,4,31.63,126.52
INV505292,2023-07-24,10992,Belgium,STK012,Miroir mural rond,1,43.01,43.01
INV505293,2023-01-07,10993,Germany,STK011,Plateau en bambou,5,21.69,108.45
INV505293,2023-01-07,10993,Germany,STK001,Lampe de bureau design,5,25.73,128.65
INV505294,2023-05-08,10993,Germany,STK002,Coussin en lin,1,17.19,17.19
INV505295,2023-09-09,10993,Germany,STK011,Plateau en bambou,5,27.68,138.4
INV505295,2023-09-09,10993,Germany,STK002,Coussin en lin,5,18.94,94.7
INV505295,2023-09-09,10993,Germany,STK012,Miroir mural rond,2,55.52,111.04
INV505296,2023-07-09,10994,Spain,STK007,Panier de rangement,2,25.17,50.34
INV505296,2023-07-09,10994,Spain,STK001,Lampe de bureau design,1,27.31,27.31
INV505297,2023-04-26,10994,Spain,STK006,Cadre photo bois,4,10.99,43.96
INV505297,2023-04-26,10994,Spain,STK008,Tapis de bain,5,29.45,147.25
INV505297,2023-04-26,10994,Spain,STK003,Set de tasses ceramique,1,19.26,19.26
INV505297,2023-04-26,10994,Spain,STK004,Plaid tricote,5,39.69,198.45
INV505298,2023-01-20,10994,Spain,STK010,Guirlande lumineuse,4,16.68,66.72
INV505298,2023-01-20,10994,Spain,STK002,Coussin en lin,1,13.64,13.64
INV505298,2023-01-20,10994,Spain,STK008,Tapis de bain,2,28.56,57.12
INV505298,2023-01-20,10994,Spain,STK011,Plateau en bambou,1,13.8,13.8
INV505299,2023-01-01,10994,Spain,STK005,Bougie parfumee,3,13.42,40.26
INV505299,2023-01-01,10994,Spain,STK002,Coussin en lin,5,20.91,104.55
INV505299,2023-01-01,10994,Spain,STK011,Plateau en bambou,1,11.39,11.39
INV505299,2023-01-01,10994,Spain,STK001,Lampe de bureau design,1,27.01,27.01
INV505300,2023-01-24,10995,France,STK005,Bougie parfumee,1,10.96,10.96
INV505300,2023-01-24,10995,France,STK009,Vase en verre,3,13.42,40.26
INV505300,2023-01-24,10995,France,STK008,Tapis de bain,5,31.67,158.35000000000002
INV505301,2023-03-05,10995,France,STK002,Coussin en lin,1,22.0,22.0
INV505301,2023-03-05,10995,France,STK009,Vase en verre,2,17.3,34.6
INV505302,2023-10-16,10996,France,STK007,Panier de rangement,3,22.05,66.15
INV505303,2023-09-19,10996,France,STK010,Guirlande lumineuse,4,12.77,51.08
INV505303,2023-09-19,10996,France,STK009,Vase en verre,1,25.52,25.52
INV505304,2023-01-04,10996,France,STK011,Plateau en bambou,1,22.32,22.32
INV505305,2023-06-22,10996,France,STK003,Set de tasses ceramique,1,16.52,16.52
INV505306,2023-04-12,10996,France,STK003,Set de tasses ceramique,5,13.51,67.55
INV505307,2023-05-18,10996,France,STK011,Plateau en bambou,4,20.83,83.32
INV505307,2023-05-18,10996,France,STK006,Cadre photo bois,3,9.44,28.32
INV505308,2023-11-07,10997,Italy,STK003,Set de tasses ceramique,5,16.14,80.7
INV505309,2023-10-02,10997,Italy,STK004,Plaid tricote,2,38.77,77.54
INV505310,2023-05-11,10997,Italy,STK003,Set de tasses ceramique,1,15.0,15.0
INV505310,2023-05-11,10997,Italy,STK004,Plaid tricote,3,30.24,90.72
INV505310,2023-05-11,10997,Italy,STK001,Lampe de bureau design,2,26.81,53.62
INV505311,2023-07-10,10997,Italy,STK005,Bougie parfumee,2,15.83,31.66
INV505311,2023-07-10,10997,Italy,STK002,Coussin en lin,5,20.36,101.8
INV505312,2023-06-12,10997,Italy,STK006,Cadre photo bois,1,9.89,9.89
INV505312,2023-06-12,10997,Italy,STK003,Set de tasses ceramique,5,15.72,78.60000000000001
INV505312,2023-06-12,10997,Italy,STK011,Plateau en bambou,1,19.96,19.96
INV505312,2023-06-12,10997,Italy,STK006,Cadre photo bois,5,9.72,48.6
INV505313,2023-12-07,10997,Italy,STK003,Set de tasses ceramique,5,13.25,66.25
INV505313,2023-12-07,10997,Italy,STK010,Guirlande lumineuse,2,13.93,27.86
INV505313,2023-12-07,10997,Italy,STK006,Cadre photo bois,4,10.26,41.04
INV505314,2023-01-08,10997,Italy,STK010,Guirlande lumineuse,4,15.58,62.32
INV505314,2023-01-08,10997,Italy,STK008,Tapis de bain,1,28.24,28.24
INV505314,2023-01-08,10997,Italy,STK001,Lampe de bureau design,2,24.45,48.9
INV505314,2023-01-08,10997,Italy,STK010,Guirlande lumineuse,3,13.91,41.730000000000004
INV505315,2023-02-18,10998,France,STK002,Coussin en lin,2,15.24,30.48
INV505316,2023-08-16,10998,France,STK006,Cadre photo bois,2,10.91,21.82
INV505317,2023-09-27,10999,France,STK010,Guirlande lumineuse,3,13.74,41.22
INV505317,2023-09-27,10999,France,STK003,Set de tasses ceramique,2,14.78,29.56
INV505317,2023-09-27,10999,France,STK001,Lampe de bureau design,5,20.6,103.0
INV505317,2023-09-27,10999,France,STK012,Miroir mural rond,3,44.58,133.74
INV505318,2023-02-05,10999,France,STK006,Cadre photo bois,4,11.58,46.32
INV505318,2023-02-05,10999,France,STK006,Cadre photo bois,5,9.45,47.25
INV505318,2023-02-05,10999,France,STK007,Panier de rangement,2,15.39,30.78
INV505318,2023-02-05,10999,France,STK011,Plateau en bambou,3,23.8,71.4
INV505319,2023-05-12,10999,France,STK001,Lampe de bureau design,5,29.52,147.6
INV505319,2023-05-12,10999,France,STK001,Lampe de bureau design,1,23.63,23.63
INV505320,2023-08-11,10999,France,STK008,Tapis de bain,1,20.31,20.31
INV505321,2023-01-24,10999,France,STK002,Coussin en lin,1,15.58,15.58
INV505321,2023-01-24,10999,France,STK009,Vase en verre,1,20.62,20.62
INV505321,2023-01-24,10999,France,STK009,Vase en verre,3,21.66,64.98
INV505322,2023-05-30,10999,France,STK007,Panier de rangement,1,23.11,23.11
INV505322,2023-05-30,10999,France,STK012,Miroir mural rond,3,31.2,93.6
INV505322,2023-05-30,10999,France,STK007,Panier de rangement,2,23.47,46.94
INV505322,2023-05-30,10999,France,STK001,Lampe de bureau design,1,24.7,24.7
INV505323,2023-11-24,10999,France,STK006,Cadre photo bois,4,14.12,56.48
INV505323,2023-11-24,10999,France,STK011,Plateau en bambou,3,22.13,66.39
INV505323,2023-11-24,10999,France,STK005,Bougie parfumee,1,10.0,10.0
INV505323,2023-11-24,10999,France,STK010,Guirlande lumineuse,1,13.48,13.48
INV505324,2023-10-29,10999,France,STK003,Set de tasses ceramique,3,14.7,44.099999999999994
INV505324,2023-10-29,10999,France,STK003,Set de tasses ceramique,2,14.36,28.72
INV505325,2023-07-24,10999,France,STK012,Miroir mural rond,4,35.1,140.4
INV505326,2023-02-01,10999,France,STK012,Miroir mural rond,4,40.59,162.36
INV505326,2023-02-01,10999,France,STK006,Cadre photo bois,2,10.02,20.04
